Curricular units 2nd sem (enrolled);Scholarship holder;Curricular units 2nd sem (approved);Logical reasoning test score;Debtor;Mother's occupation;Mother's qualification;Application order;Digital literacy index;Admission grade;Gender;Psychological test A score;Study program code;Daytime/evening attendance;Socioeconomic status index;Curricular units 1st sem (credited);Previous qualification (grade);Application number;Course;International;Curricular units 1st sem (enrolled);Parents' monthly income (z-score);Curricular units 1st sem (evaluations);Father's qualification;Curricular units 1st sem (approved);Tuition fees up to date;Father's occupation;Marital status;Curricular units 1st sem (grade);Motivation letter score;Inflation rate;Mentor code;Last three digits of the ID;Standardized admission test score;Displaced;Curricular units 2nd sem (without evaluations);Psychological test B score;Curricular units 2nd sem (credited);Curricular units 2nd sem (evaluations);Health status index;Distance to faculty index;Curricular units 1st sem (without evaluations);High school GPA (normalized);Application mode;Weekly study hours (z-score);Curricular units 2nd sem (grade);Nationality;GDP;High school class number;Satisfaction survey score;Previous qualification;Age at enrollment;English proficiency test score;Postal code;Workload index;Educational special needs;Unemployment rate;Target
;0.0;0.0;1.0292018795278053;0.0;4.0;1.0;2.0;0.49764507803620156;115.2;0.0;1.8047021962559437;12990;1.0;-0.10050883681419848;;;42404;9147.0;0.0;5.0;-0.15639893959995188;6.0;19.0;0.0;1.0;6.0;1.0;0.0;-0.9204063082699723;2.8;;70.0;1.4658056298701507;0.0;0.0;0.3037318308394069;0.0;5.0;1.2817940401233752;0.5541976125097952;0.0;0.8240786212149895;1.0;-0.837158963132276;0.0;1.0;-4.06;64857;-0.04127818669181982;1.0;21.0;-1.5189802022429764;16423;0.15514812822643081;1.0;15.5;Dropout
8.0;1.0;0.0;0.8250690960820548;;9.0;19.0;1.0;-0.11644630729366463;125.8;0.0;-1.3391549747395755;90739;1.0;-0.33105053147208047;0.0;128.0;95254;9500.0;0.0;8.0;-2.2560267439506596;8.0;1.0;0.0;1.0;4.0;;0.0;-0.22909546546596546;-0.8;10633.0;55.0;;0.0;8.0;-0.11744787527233685;0.0;8.0;1.5998895879579749;-1.0912718899150449;8.0;0.9554892077477027;18.0;0.787370166444289;0.0;1.0;-3.12;79290;-1.0537102564917884;1.0;20.0;-0.5368185250808366;26941;0.3867995544245269;0.0;9.4;Enrolled
6.0;0.0;0.0;0.3218142134675939;0.0;9.0;19.0;2.0;2.2557438191333072;122.8;1.0;-0.3453646112047366;88581;1.0;-1.3698434652121445;0.0;;18931;9773.0;0.0;6.0;-1.5996262123375495;0.0;19.0;0.0;1.0;9.0;1.0;0.0;1.9395613574486996;0.5;52298.0;40.0;0.6202700922525863;0.0;;-0.7877988886266734;0.0;0.0;0.22630443877937667;0.7327147644273906;0.0;0.46512551038134387;1.0;-0.423468104218468;0.0;1.0;1.79;40883;-0.40056353819993185;;19.0;1.384662357992878;53610;0.49948252728899867;0.0;12.4;Dropout
;0.0;2.0;0.23266250226779953;0.0;9.0;38.0;3.0;1.159215702561221;127.3;1.0;-0.950189996876012;71785;1.0;0.5957479067117164;0.0;136.0;13531;9147.0;0.0;5.0;1.1276854212491345;;38.0;3.0;1.0;9.0;1.0;11.0;1.042633726726367;3.7;;77.0;-0.6150711922044216;1.0;0.0;-0.9685354004919751;0.0;7.0;-0.9909055079538115;-0.10309903074234036;0.0;0.33510667440408676;1.0;-0.8189835280507342;10.0;1.0;-1.7;69679;-0.675953013986141;1.0;19.0;0.22097539358024598;11437;-0.3439005907792451;0.0;12.7;Dropout
8.0;;8.0;-0.036289123800469836;0.0;3.0;;1.0;0.8167339153984602;142.8;0.0;2.187926996869377;65809;1.0;0.6761373847768578;0.0;141.0;81428;9500.0;0.0;7.0;-1.5833995579240925;7.0;1.0;7.0;1.0;10.0;1.0;13.7;0.30803794139964996;0.6;33231.0;98.0;2.9234580778155426;0.0;0.0;1.7284653888049368;0.0;9.0;-0.438016149157182;-0.7767195791594936;0.0;0.04971486740099717;1.0;0.5372760119561523;13.994444444444444;1.0;2.02;69075;-0.7965580293734599;;18.0;-0.7746952397482023;62987;0.1839692666338304;0.0;;Graduate
;0.0;9.0;0.40993016448193703;1.0;5.0;38.0;1.0;0.3173424652443748;;1.0;-0.5033500288471519;73368;0.0;1.7851278019658896;3.0;120.0;35923;9991.0;0.0;;1.3492245472853643;15.0;3.0;7.0;1.0;;1.0;10.714285714285714;1.5516772609549183;0.5;57508.0;69.0;1.3835541306512373;0.0;0.0;0.11396107883724602;3.0;11.0;-1.4913876349798483;0.6939777767008111;0.0;1.6988492331188558;51.0;-0.897176441405749;12.555555555555555;1.0;1.79;63744;-0.0873570180777389;;24.0;-1.4529394669303801;59700;0.2360081284201745;0.0;12.4;Enrolled
8.0;0.0;6.0;2.034934444479208;0.0;1.0;3.0;3.0;0.7302738347511075;129.0;;-0.5008411565285328;24416;1.0;1.0080502628605923;0.0;154.0;86839;9500.0;0.0;8.0;0.08104758886070158;9.0;3.0;6.0;1.0;3.0;1.0;13.345;-0.8248960980066457;;71104.0;1.0;1.7018954121344898;1.0;;1.1252677461876508;0.0;9.0;-1.5298919895419743;0.9215585478072225;2.0;-0.4646584497304182;1.0;-0.32898229175200283;13.345;1.0;-3.12;63245;-2.423801502546067;;18.0;-0.683989304453616;18341;-2.428890309093365;0.0;9.4;Enrolled
6.0;0.0;3.0;-0.2425733815568787;1.0;9.0;37.0;1.0;0.7627320731828406;114.9;;-0.37074873993991914;90714;;-0.593895328955735;0.0;125.0;79383;9853.0;0.0;6.0;0.7138941549981384;8.0;37.0;3.0;0.0;9.0;1.0;13.666666666666666;2.4904398698799954;2.8;50130.0;;0.8024398202466396;1.0;0.0;1.384906937645251;;7.0;0.25526271056272676;-0.483565164308669;0.0;0.24030002536060363;1.0;0.10710586487219341;10.666666666666666;;-4.06;73271;-1.8024787965978253;1.0;21.0;-0.7515511285130778;63463;0.6465257458594902;0.0;15.5;Dropout
5.0;0.0;3.0;-0.3644901614154208;0.0;5.0;1.0;;-2.1828153455521377;;;0.09560280789395026;79170;;-1.0038625836175148;0.0;136.0;92267;;0.0;5.0;-0.2568064156075858;7.0;2.0;5.0;;4.0;1.0;12.6;-0.46050251755972726;-0.3;81609.0;90.0;0.3818881964751942;1.0;0.0;-0.4108469300992142;0.0;9.0;0.5390115494070183;-0.3505649183033525;0.0;-1.7082704273586395;18.0;-0.6424294892612682;13.25;;0.79;99797;0.8037126389916157;1.0;18.0;0.9356177186452562;50989;0.14994219622025123;;13.9;Dropout
6.0;0.0;5.0;-0.44105586595317514;1.0;5.0;38.0;;0.3949362128294486;105.5;0.0;-0.32844177890451104;77973;1.0;-1.3684914335223863;;133.1;78324;9853.0;0.0;6.0;0.5233648559222962;7.0;1.0;;1.0;3.0;5.0;13.2;2.0038058955091795;2.6;51218.0;94.0;-0.40258297070391974;0.0;;0.4235057659278442;0.0;7.0;1.9583735557262432;-1.387120301317997;0.0;-1.4307171397998188;;-0.4915486809199354;10.6;;0.32;88225;0.1474787925089596;19.0;33.0;1.0125442493870442;18966;0.5640488652435708;0.0;7.6;Dropout
;0.0;0.0;0.38937275812241423;0.0;2.0;1.0;2.0;-0.16080585933565836;121.9;0.0;-0.1328868046223994;54334;1.0;1.4732243456394702;0.0;131.0;94582;9853.0;0.0;6.0;0.3165672027766134;;1.0;6.0;1.0;9.0;1.0;;1.999403047779649;3.7;46836.0;86.0;-0.599320810825172;1.0;0.0;0.045010775491347736;0.0;6.0;-0.08309357618599605;-1.80472712783677;0.0;1.8151622353009023;1.0;1.5349832011394577;;1.0;-1.7;37985;-0.7233666101398996;1.0;20.0;-1.0499018721909363;29681;-1.2868435954472626;0.0;12.7;Dropout
6.0;0.0;0.0;-2.1217452690969525;;9.0;;;-0.4997762731365756;100.9;1.0;-3.5292099530237375;22680;1.0;-0.778174284277866;;;65765;9130.0;0.0;6.0;-0.03853014380070047;0.0;38.0;0.0;1.0;4.0;4.0;0.0;-1.7532298067972054;2.8;69915.0;91.0;-0.800105086957647;;0.0;-1.1572138030168888;0.0;0.0;-1.3578348108056013;-0.2423082970410263;0.0;0.616780264118091;;-0.20423520028514647;0.0;1.0;-4.06;90004;0.9739033630732511;19.0;48.0;0.7531660615815998;59042;-0.31577317516239334;0.0;15.5;Dropout
5.0;0.0;0.0;-0.1350617031343363;0.0;2.0;3.0;1.0;-0.19543728004423777;130.0;1.0;0.05715983600182728;55963;0.0;1.4802298689713072;0.0;130.0;19702;;0.0;5.0;-1.065438732231649;5.0;1.0;0.0;1.0;9.0;1.0;0.0;1.4670921431418145;3.7;25418.0;95.0;0.6175756580620021;0.0;0.0;-0.18547997590425605;0.0;5.0;-0.12192038375503231;0.7920544821475468;0.0;-0.2126985104916551;43.0;-0.35962695978361237;0.0;1.0;-1.7;41482;-0.6391774699553207;3.0;33.0;0.650756898675428;82981;-1.0915294565655804;0.0;12.7;Dropout
5.0;;4.0;0.8806468512499764;0.0;4.0;1.0;5.0;-1.5558486868222012;124.6;0.0;0.017806621486644806;59046;1.0;0.5250720408620666;0.0;127.0;28814;9147.0;;5.0;0.35852837570957735;;;2.0;;5.0;;10.0;-0.2839091404526765;0.6;86111.0;41.0;1.560402799168632;1.0;0.0;0.5875065902392275;;11.0;-0.28245919911340106;-0.5732656944067765;0.0;0.0783245871520337;17.0;-0.175125138068722;11.75;1.0;2.02;32391;-0.5796933154921361;1.0;19.0;-1.1796808147629319;48854;0.7446013762128753;0.0;11.1;Enrolled
7.0;0.0;0.0;-0.5262307938622197;1.0;9.0;37.0;1.0;-1.8046101000371793;130.0;0.0;1.0385687974123936;33051;1.0;0.3299028815939605;0.0;110.0;89394;;0.0;7.0;-1.8170240975486935;12.0;37.0;4.0;0.0;;1.0;13.7;-0.5679684573180702;0.3;64446.0;48.0;-0.35680784072305405;0.0;0.0;-0.4990292550108579;0.0;7.0;-0.4912316767984467;1.4277936638801576;0.0;-1.358122130023882;39.0;0.4544549884990673;0.0;1.0;;27888;-0.7833852750993312;1.0;32.0;-0.08381869882790173;66886;-1.4051165420684941;0.0;16.2;Dropout
5.0;0.0;0.0;0.1867046298138473;0.0;90.0;37.0;1.0;1.246502417448497;110.7;0.0;1.309060948279402;93176;0.0;-0.3068683125602983;0.0;133.1;36231;;0.0;5.0;0.9315013216956831;0.0;34.0;0.0;1.0;90.0;;0.0;0.5246381201649862;2.6;42895.0;10.0;-0.7223488099829608;1.0;;-0.32484319537186124;0.0;0.0;0.34374956747487484;-0.20507399183183073;0.0;-0.4281199966542142;39.0;-1.0338636826738634;0.0;;0.32;73319;1.9066187707246574;12.0;50.0;0.340819988157417;49385;-0.9286547819223209;0.0;7.6;Dropout
14.0;0.0;11.0;2.1093354633064583;;9.0;37.0;;0.46215781970892605;130.0;0.0;-0.18770806139179752;45437;;0.6606729130022508;14.0;130.0;95081;9853.0;;15.0;0.19699503804657761;25.0;37.0;14.0;1.0;9.0;1.0;12.428571428571429;-1.0079153247547583;2.6;31102.0;29.0;-1.4835034051424818;0.0;0.0;-0.1733668553856451;8.0;22.0;-1.2144725291060277;-0.20100932512351924;1.0;-1.458136778906071;7.0;0.4272154004583863;11.909090909090908;1.0;0.32;51751;0.2351017345721631;3.0;;0.16323541871735905;87529;0.5343141282719811;0.0;7.6;Dropout
5.0;;3.0;0.33159987497874316;0.0;;37.0;6.0;-2.413012127212279;117.0;1.0;0.8162290816739554;95862;1.0;-0.015470762836802118;0.0;118.0;88652;9147.0;0.0;5.0;0.46419650808608626;;1.0;3.0;0.0;7.0;1.0;10.0;0.5019970879162784;-0.8;81107.0;85.0;0.24469166839351647;1.0;0.0;2.1115293313101033;0.0;9.0;0.1307214328259615;-0.2890917105371513;1.0;-0.29530544577545076;;0.2558201900592407;12.333333333333334;1.0;;84518;0.19571087418218253;1.0;23.0;-1.7105410768085565;97772;-0.6293745322772478;0.0;9.4;Dropout
5.0;0.0;4.0;-2.2392266212870955;0.0;5.0;37.0;1.0;-0.5763845414017408;116.5;0.0;-1.1015687804448064;89032;1.0;-0.36921329146881043;0.0;121.0;72170;9670.0;0.0;5.0;-2.6169065733951613;;37.0;3.0;1.0;9.0;1.0;11.333333333333334;-0.9407944822975665;;11252.0;29.0;1.2292674810165194;1.0;0.0;-1.8340489371044395;0.0;;0.6515632657194788;0.9815925737976863;0.0;0.680320521033843;1.0;-1.7886553840741175;;1.0;0.32;85361;0.46640098562108734;1.0;23.0;0.13118245451661864;48032;-0.9283906567890586;0.0;7.6;Dropout
;0.0;0.0;-1.4098843665573089;0.0;;42.0;1.0;0.8805517333965305;110.5;1.0;0.7673423426961045;16730;;0.6960047866482002;0.0;133.1;22270;9556.0;0.0;7.0;-1.125733704213923;15.0;1.0;0.0;1.0;7.0;;0.0;0.17707927926181868;0.6;;65.0;1.2793273227198214;0.0;1.0;0.501643299027259;0.0;13.0;1.4197377702319631;-0.9589105703036741;0.0;0.4533010330879061;39.0;1.7942556034087618;0.0;1.0;2.02;58438;-1.8527094911146027;19.0;37.0;0.6362648914316762;36629;0.9067194295401828;0.0;11.1;Dropout
5.0;;2.0;-0.2510032514224835;0.0;7.0;38.0;1.0;-0.2800143737206313;129.0;1.0;-0.5724757991345769;23247;1.0;-0.14397210922113055;0.0;160.0;26546;9119.0;0.0;;-0.5057661930193305;9.0;37.0;0.0;1.0;7.0;1.0;0.0;1.335362579090148;2.6;64691.0;53.0;1.3784387402568954;0.0;2.0;-0.25333907725216487;0.0;8.0;0.310375849035939;-0.12896016732558827;0.0;1.5891194202104135;39.0;1.4608135607632065;14.5;1.0;0.32;28989;-0.5940084682553572;1.0;24.0;1.5795941688675235;61823;0.947711756591868;0.0;7.6;Dropout
6.0;0.0;0.0;-0.8038259082123238;1.0;9.0;1.0;;1.2450049537983614;120.0;1.0;-1.1846974681300548;45335;1.0;-0.7983347787388269;0.0;133.1;76945;9003.0;0.0;6.0;0.6736782374305907;11.0;19.0;2.0;;8.0;1.0;11.5;0.3865179354324531;;53222.0;78.0;0.41540661299509846;0.0;0.0;-0.6406549085024337;0.0;7.0;1.0431204505192768;-0.5473719527864093;0.0;0.29473338595829063;39.0;-0.8005629327448375;0.0;1.0;3.51;20069;0.45498686154256274;19.0;27.0;-0.6687912001471484;89573;0.7220711925409985;0.0;8.9;Dropout
5.0;0.0;4.0;0.10338320580064071;0.0;;37.0;1.0;1.049751799276634;142.5;0.0;-0.1855886782040505;66133;;0.5998267754606512;0.0;130.0;46074;9147.0;0.0;5.0;-0.9428109368698162;8.0;37.0;4.0;1.0;9.0;2.0;11.25;-0.35979158728114685;0.6;25464.0;53.0;0.09018863732990444;0.0;0.0;;;8.0;-0.4438960403060948;-0.5615680383416773;0.0;-2.4784824282721556;39.0;-1.1224265376972833;;1.0;2.02;96525;-0.004108484037956215;1.0;;-0.545453156528892;63949;0.8487096739402934;0.0;11.1;Enrolled
7.0;0.0;6.0;-0.294576022281766;0.0;3.0;1.0;5.0;-1.3567112093107137;102.4;;1.4004724471977792;20219;1.0;-0.06398565562856524;0.0;101.0;46147;;0.0;7.0;2.5480037543006997;9.0;1.0;5.0;1.0;4.0;1.0;12.04;0.5414111108379199;0.5;;71.0;1.282252262014753;0.0;0.0;0.667376243833423;0.0;9.0;-0.30429027407922543;0.035154344478332454;0.0;1.9506670181733474;1.0;0.22805149702524258;11.77142857142857;1.0;1.79;37644;2.2054187003212378;1.0;20.0;-0.20886676587261033;41006;-0.2315792789380564;0.0;12.4;Enrolled
5.0;0.0;0.0;1.1660715328312998;1.0;9.0;37.0;1.0;-0.1433240988488318;107.7;0.0;0.1810055367308467;29520;1.0;0.4889100117578045;0.0;110.0;18109;9853.0;0.0;;-0.26331262601773014;0.0;37.0;0.0;0.0;9.0;1.0;0.0;-1.4064802420048998;;80459.0;82.0;-1.1100612621525996;0.0;0.0;;0.0;10.0;1.3478470412156416;-0.1133232907820763;0.0;-0.8406933632494217;;-1.425863287831288;0.0;1.0;1.74;11184;-0.535191575062935;1.0;;0.2912159213168894;79858;-0.20459297463661533;0.0;10.8;Dropout
5.0;0.0;2.0;-1.0913314471765445;0.0;9.0;37.0;;-0.44808942480870406;153.7;1.0;1.49648814767838;87062;1.0;-0.45385985835418646;0.0;160.0;51325;9119.0;0.0;5.0;-1.0159955049659843;7.0;37.0;1.0;1.0;;1.0;13.0;-0.8388607841960342;-0.8;51934.0;37.0;-0.4408449265353551;0.0;0.0;;0.0;7.0;-1.3715844249638158;1.0516712986540218;0.0;0.1621032699428015;1.0;1.3642829537022556;10.0;1.0;;45719;0.9431830469104908;1.0;19.0;0.09701776762285522;26154;-0.6480812785336026;0.0;9.4;Enrolled
7.0;1.0;7.0;-0.20749938217683683;0.0;7.0;;4.0;-1.3892382943521004;121.3;0.0;-0.7487327138158041;50031;1.0;-1.209121304680956;0.0;126.0;10382;9500.0;;7.0;-0.186849870925554;9.0;19.0;6.0;1.0;9.0;1.0;13.533333333333331;-0.4302700605070151;0.5;57530.0;3.0;1.7108480803672799;;0.0;1.092741316456627;0.0;7.0;-0.4031403022455935;-0.010774200199863703;0.0;0.10182821325178884;1.0;-0.46845373575239274;12.228571428571428;1.0;1.79;82462;0.8060042904107796;1.0;18.0;0.6043079879670906;34560;0.16772916771597735;0.0;12.4;Enrolled
5.0;0.0;0.0;0.21725848727518682;0.0;0.0;38.0;;-1.4542743248552714;116.7;;1.04785110454799;60036;1.0;1.7350739625142755;0.0;116.0;22758;9670.0;0.0;5.0;-0.950947460073254;8.0;19.0;0.0;1.0;;1.0;0.0;0.7868502461181258;-0.8;18232.0;;-1.074605523091488;1.0;0.0;1.2688329951005763;0.0;5.0;1.128446306725966;0.5550057449823378;;0.2408987161575721;1.0;1.6218069283088166;0.0;1.0;-3.12;18226;0.14282090116395402;1.0;21.0;-1.1251865422151421;23703;-0.5278983273258481;0.0;9.4;Dropout
1.0;0.0;1.0;0.3411344435019647;0.0;2.0;5.0;;-0.8060215462417276;;;-0.6521600372369454;57971;1.0;1.5466114107635742;4.0;190.0;92804;;0.0;4.0;-1.1843414858928576;;5.0;;1.0;2.0;1.0;13.875;0.4057987538214289;0.6;74903.0;;-0.03445813279777493;1.0;0.0;0.8163759419506144;1.0;;-0.21111171475251073;0.17275514656166813;0.0;0.048058806946454445;7.0;-0.8244033703862671;12.5;1.0;2.02;72245;0.32440344194095855;4.0;;0.3968536892965491;92155;-0.4330662059269771;0.0;11.1;Dropout
6.0;0.0;4.0;0.1468052585780042;0.0;3.0;;2.0;-0.6409254095126383;100.0;0.0;0.22532867148920316;97211;0.0;0.8837849612619612;0.0;96.0;77907;8014.0;0.0;6.0;1.0109796273644054;10.0;1.0;5.0;1.0;9.0;;12.0;0.5351664545013418;-0.8;22494.0;21.0;0.631330605707724;0.0;0.0;-0.5461924511472189;0.0;9.0;-0.2856020318712541;1.4037590002094607;0.0;0.06567631977058735;1.0;-0.11220208556672034;11.25;1.0;;47425;-0.29020039927678093;1.0;20.0;-0.742215380225654;94656;0.5999004339828999;0.0;9.4;Enrolled
6.0;0.0;2.0;-2.41127342335812;;0.0;34.0;1.0;0.2832297772433627;100.0;;0.216682828659415;20960;;-0.3878106853742732;1.0;133.1;97509;8014.0;0.0;6.0;0.5132406113507127;9.0;34.0;4.0;;0.0;1.0;12.0;-0.02738254891043338;;31013.0;39.0;0.08269855532482104;0.0;0.0;0.4944415492128766;1.0;13.0;-0.2653321165665122;-0.30238496875303494;0.0;-1.3216371813560446;43.0;1.267212606577366;10.5;1.0;0.32;91471;-1.97316839577261;6.0;29.0;-0.14333390205557858;96265;1.18453924551438;0.0;;Dropout
0.0;0.0;0.0;0.08329207800806461;1.0;9.0;37.0;1.0;1.0442134732144202;120.7;1.0;0.6614917339241726;56917;1.0;-0.3003179731610725;0.0;127.0;92027;171.0;0.0;;0.5161444282045198;0.0;;0.0;1.0;;1.0;0.0;-0.7880996460025648;;36412.0;18.0;;1.0;0.0;0.4992006591385695;;0.0;0.11715177484724544;-0.2995713935675107;;2.5869827518543587;;-0.3232394796388301;0.0;1.0;0.32;50388;0.3491836017765819;1.0;18.0;1.708013627256206;12096;0.3982602542700949;0.0;7.6;Dropout
7.0;1.0;5.0;-0.15075437287525592;0.0;9.0;37.0;1.0;0.5136449558123697;;0.0;0.25074061991132746;17065;1.0;1.3823274458964647;0.0;125.0;92735;9500.0;0.0;;1.2767530895837391;;37.0;;1.0;7.0;1.0;12.86;1.4881169365693359;2.6;48783.0;23.0;1.525678168841895;1.0;0.0;;0.0;8.0;1.086083841919241;0.7450385877764873;0.0;0.6514363063683817;43.0;0.27209174317574075;12.86;1.0;0.32;56962;0.428428379747696;1.0;18.0;-1.3982428087660086;90930;1.794315865242568;0.0;;Enrolled
;0.0;0.0;0.8641097529128563;0.0;;1.0;1.0;0.7503722402808238;119.5;1.0;-0.7391845378218174;14183;;-0.3538300375674132;0.0;130.0;46658;9670.0;0.0;5.0;0.486671988987686;5.0;1.0;0.0;0.0;0.0;1.0;0.0;-0.6977934544676601;-0.8;34617.0;64.0;;0.0;0.0;-1.569438894054258;0.0;0.0;0.9242315183232139;-0.31600284185911637;0.0;0.051880729295031965;1.0;1.0926587556380132;0.0;1.0;-3.12;51111;0.5856456041829127;1.0;19.0;-0.27946746843937065;29724;-0.7055155720327482;0.0;9.4;Dropout
5.0;0.0;5.0;0.7229703085694034;1.0;9.0;19.0;1.0;-0.26661782147036733;150.0;1.0;0.8803069520925639;53564;;-0.6325560363472975;0.0;150.0;32856;9119.0;0.0;5.0;-1.0674070700964728;6.0;37.0;5.0;1.0;9.0;1.0;16.5;0.41903894970582023;0.5;83416.0;48.0;;1.0;0.0;-2.0227756213745556;0.0;7.0;0.01145724149896091;0.49839168474354706;0.0;1.8418669098004679;44.0;-0.5560474508341664;17.714285714285715;1.0;1.79;71286;0.06309632976690367;39.0;20.0;-1.2746457723106248;95720;-1.8379746392092586;0.0;12.4;Dropout
6.0;0.0;0.0;0.2408445109933149;1.0;4.0;1.0;1.0;0.6030001966128898;120.0;1.0;1.7316565943253943;91315;;1.8722346756364532;;120.0;71661;9070.0;0.0;;0.7086435839600252;11.0;19.0;0.0;0.0;7.0;1.0;0.0;-0.11210465315375005;0.3;44658.0;87.0;-0.928675464463819;0.0;12.0;0.06985549011215164;0.0;12.0;1.0923885674907958;2.3379144055368037;6.0;-1.0719246028891884;44.0;-1.2617390905476908;0.0;1.0;-0.92;16378;0.9704010784256346;39.0;20.0;0.15306797455177262;40642;0.7146278895895543;0.0;16.2;Dropout
8.0;0.0;0.0;0.31316412840575725;0.0;;3.0;1.0;-0.14837498159026113;;0.0;-0.5838034222561184;46840;1.0;-0.04767768161387231;0.0;140.0;65899;9500.0;0.0;7.0;-1.1266187233390663;;1.0;0.0;1.0;4.0;1.0;0.0;0.5629931670346557;-0.3;13202.0;79.0;-0.15753923471929213;0.0;0.0;0.29803971486691816;0.0;0.0;0.3417929633297362;-0.9789526626999142;0.0;0.8683896366441906;7.0;-1.4587105963075782;0.0;1.0;;14448;-0.8659899984632151;3.0;26.0;1.0482329153900176;37548;-0.7718335526467314;0.0;13.9;Dropout
7.0;0.0;0.0;1.352383099229667;;1.0;37.0;1.0;-0.44147238325278276;;1.0;-1.8352320764450323;74533;1.0;1.7684253285138456;0.0;134.0;48943;33.0;0.0;;-0.47803868230423474;7.0;37.0;0.0;1.0;1.0;1.0;;-0.6054869852169364;-0.3;51152.0;4.0;2.405191179927027;1.0;0.0;-1.1817815776524143;0.0;8.0;0.8591201678208314;1.531670466388364;;-0.5551659326955121;43.0;0.5834327494378747;;1.0;0.79;62398;1.4683876083068264;1.0;;0.16965511884426968;69111;-0.27369224177536355;0.0;;Dropout
5.0;;2.0;1.150296107095691;1.0;;37.0;1.0;1.8971009488956259;106.3;1.0;0.4993195683537887;92888;1.0;-1.398391910690002;0.0;140.0;54972;;0.0;5.0;-0.045718114678612205;7.0;37.0;2.0;0.0;90.0;1.0;11.5;1.0526771608870498;2.6;21094.0;66.0;1.9429304211713976;0.0;;1.0460323325513625;0.0;8.0;-1.028369474092998;-0.4922066283104829;0.0;0.40233285232349847;39.0;0.3887783869976185;10.5;1.0;0.32;45491;-0.9879150759001204;1.0;35.0;-0.11671585333566302;81112;-1.7697965101211237;0.0;;Dropout
5.0;0.0;0.0;0.2753320022611613;0.0;;1.0;1.0;-2.3304759565474984;115.0;1.0;-0.33118039405214905;10554;0.0;0.5181848827845018;0.0;130.0;28084;9991.0;0.0;5.0;-0.14718020683910382;7.0;38.0;0.0;1.0;9.0;1.0;;1.3782779158359368;0.3;29905.0;30.0;-1.2769392173225684;;;0.15221814929641217;0.0;8.0;1.7385527334330635;1.3376786610107516;0.0;0.4244525997860564;;1.0616631730810906;0.0;1.0;;25055;-0.1078391953189768;1.0;25.0;1.3284023290520521;43821;-0.8992102473458263;0.0;16.2;Dropout
5.0;0.0;0.0;2.1454182876260046;0.0;9.0;37.0;1.0;-1.8733042973073608;106.8;1.0;-0.13110285595529653;72818;1.0;2.071082599216615;0.0;;54643;9119.0;0.0;5.0;-1.791183150717329;8.0;37.0;1.0;1.0;9.0;2.0;10.0;0.991323082496371;1.4;63218.0;75.0;-0.012762408508797712;;0.0;;0.0;9.0;0.22021305414542847;0.686045855225755;;-2.3364817754238345;39.0;-0.27404471898259025;0.0;1.0;3.51;79362;0.6808737536917654;1.0;34.0;0.3305024347721445;84191;-1.5022274165792362;0.0;8.9;Dropout
5.0;0.0;3.0;-0.6281963245569931;0.0;2.0;3.0;4.0;0.3826997541336044;123.6;1.0;0.556177755731012;90865;1.0;0.029750744658861888;0.0;126.0;96791;9119.0;0.0;5.0;-0.967604546336397;;19.0;5.0;1.0;9.0;1.0;12.4;0.15762532597364812;1.4;65729.0;56.0;;1.0;;0.370535869983591;0.0;9.0;-2.748309347317814;0.6003276593155121;;-1.4316642900946435;1.0;-1.4307372576005426;13.0;1.0;3.51;77446;-0.5149530947818145;1.0;18.0;0.8195660563118106;11837;-0.43430326342030356;0.0;;Dropout
;0.0;3.0;-1.1854431080932275;0.0;5.0;1.0;;-0.2649823485324501;113.9;0.0;-0.4563924298255985;90712;1.0;-0.2640044922677962;0.0;120.0;48549;9853.0;0.0;6.0;-0.02250865281305816;;37.0;;1.0;5.0;;12.25;-0.43512524610368397;3.7;69992.0;66.0;0.41652570475073714;1.0;0.0;-1.0663335718791513;;13.0;1.6595271734693562;-0.15096314716112064;0.0;1.5864392067463056;42.0;-2.3527523062815763;10.333333333333334;;-1.7;19808;0.7490051045747627;1.0;;0.7152573868451347;90871;-0.3945514938829501;0.0;12.7;Dropout
;0.0;;-0.010838006888295178;0.0;2.0;;1.0;-1.4369843501669224;106.4;1.0;-0.2688519713436714;76225;0.0;-1.1677519175984197;0.0;112.0;56573;;0.0;;-0.6106867104366032;0.0;;0.0;1.0;2.0;1.0;0.0;2.822111783859559;1.4;43823.0;98.0;1.27404266170917;0.0;0.0;0.45828121329014887;0.0;0.0;0.005054931210662157;-0.25050326932317046;0.0;-0.252165307030951;;2.867962534351701;0.0;1.0;;26572;-0.34278544056933374;1.0;22.0;-2.876240404156761;56525;0.08996041154820894;0.0;8.9;Dropout
6.0;0.0;0.0;-0.3738098621259841;0.0;5.0;19.0;3.0;-1.0546109511637682;120.0;0.0;-0.10011951693658637;93546;1.0;1.0823430544352473;0.0;127.0;94705;9773.0;0.0;;1.1262578483760128;6.0;19.0;0.0;1.0;8.0;1.0;0.0;-0.9916245447619685;;85407.0;46.0;1.8391590829377737;;0.0;0.6701106948721014;0.0;0.0;-0.3954939611513931;-0.7220075800415701;0.0;2.0015801794027412;;0.5269230185375029;0.0;1.0;3.51;80414;0.1181330267237083;1.0;18.0;-0.0766688056209485;58310;1.2397229643551753;0.0;8.9;Dropout
6.0;0.0;0.0;-2.4653413094680965;;0.0;34.0;1.0;-0.9244057968617817;137.7;;1.4697539379850162;64176;1.0;-0.7701280826406874;;137.0;86793;9254.0;0.0;6.0;1.2974857664461676;;38.0;1.0;0.0;7.0;1.0;10.0;0.881229551720133;2.6;15412.0;92.0;0.03741617559507404;1.0;0.0;-0.5476235858870058;0.0;13.0;-0.6056830651871992;0.006276041496476446;;1.3101254426690878;17.0;0.13679175608229402;0.0;;0.32;53028;-0.18112855497657682;1.0;19.0;-1.0780744688813524;89601;0.6769062648978187;0.0;7.6;Dropout
6.0;0.0;0.0;-0.6523808099913859;0.0;9.0;37.0;1.0;0.8923365371309138;148.0;;0.030069604113581585;11715;1.0;-0.09480855938998854;0.0;;81179;9670.0;0.0;6.0;-1.1203859828040275;14.0;37.0;0.0;;;1.0;0.0;0.33278488807662393;3.7;44122.0;19.0;1.1219857966304019;1.0;0.0;-1.442092997309875;0.0;6.0;0.4395018685343685;-0.183911446264022;0.0;-0.22027479211988152;39.0;0.2786397603138164;0.0;1.0;-1.7;37744;-0.5768159252954013;1.0;;-0.8293168941568618;14948;-1.622169636210481;;12.7;Dropout
;0.0;6.0;0.3435851538047734;0.0;2.0;3.0;2.0;1.212410431064439;144.2;0.0;-1.2356735808149601;98379;1.0;-1.2345022797926115;0.0;148.0;10479;9773.0;0.0;6.0;0.059754747080010516;6.0;;6.0;1.0;6.0;1.0;15.166666666666666;-0.06253744217872143;0.5;31932.0;94.0;0.6481960831061858;1.0;0.0;0.10029606430660626;0.0;7.0;-0.8883889189372892;0.1910182531120885;0.0;-0.3085143332586823;17.0;-1.4313389482324363;14.285714285714286;1.0;1.79;57634;2.251075143083408;1.0;18.0;1.4745861073252933;89790;0.6080154356128565;0.0;12.4;Graduate
;0.0;2.0;-0.05802774575535064;;3.0;2.0;1.0;1.639562565230618;115.8;1.0;-1.1958784811411152;89186;1.0;1.5568946000974326;0.0;127.0;86217;9238.0;0.0;;1.5827174845015528;11.0;2.0;3.0;1.0;4.0;1.0;12.0;0.18516293973401493;0.6;13725.0;95.0;;1.0;0.0;-1.0008446353161848;0.0;12.0;-0.5769064626707323;-1.410655101537971;0.0;1.6484164160511827;1.0;-0.7948719909630466;10.0;1.0;2.02;41768;-0.8397476019251039;1.0;19.0;-0.3748055453225921;28279;0.11175469744145972;0.0;11.1;Dropout
7.0;;0.0;-0.7764614116942247;0.0;9.0;37.0;1.0;-1.589011222209338;;0.0;0.13922992165960119;27112;;1.1548853107256827;0.0;;16916;9556.0;0.0;7.0;-0.1342179052163372;9.0;;1.0;1.0;9.0;1.0;10.0;-0.5102153033613023;3.7;60412.0;39.0;-1.6981581743647174;0.0;0.0;1.1208876630611317;0.0;0.0;-0.5528781038116881;0.022645119825545745;0.0;2.1030199342411753;39.0;1.743330127991242;0.0;1.0;;18426;-2.2861121355448524;19.0;29.0;1.8925681958060077;99242;-0.09782643203609806;0.0;12.7;Dropout
9.0;0.0;5.0;0.04232551955607256;1.0;9.0;19.0;1.0;-1.3671235325115318;138.2;0.0;-1.129428000690979;96261;1.0;-0.031584749213130925;7.0;140.0;13114;9085.0;0.0;10.0;-0.4069794753197185;15.0;38.0;8.0;0.0;9.0;1.0;13.75;0.42705554324524786;1.4;15112.0;25.0;1.0184736200390496;0.0;0.0;-0.40717668042659255;;17.0;-0.29224704370223725;1.2626529855977506;0.0;-0.28660155470731846;53.0;0.6583472858522185;13.2;1.0;;68263;-0.8036362590384347;42.0;21.0;-1.4076884202708555;74711;-0.02269952993722577;0.0;8.9;Dropout
6.0;1.0;6.0;0.12307247924313738;0.0;9.0;37.0;;-1.4356264745005227;106.5;0.0;-1.5623034869241608;68645;0.0;-1.154148935586928;0.0;133.1;41774;8014.0;0.0;6.0;0.8602209602802174;7.0;37.0;6.0;1.0;7.0;1.0;12.666666666666666;0.3168244859600677;3.7;64618.0;5.0;0.6051937122186815;0.0;0.0;1.7246011064932987;0.0;7.0;-0.5152082497318609;0.9440485346834038;0.0;1.538164957824213;39.0;-0.7635976576279362;;1.0;-1.7;72668;0.13129588857716865;;32.0;-1.083670780277368;40814;0.204552428086255;0.0;12.7;Graduate
6.0;0.0;0.0;0.7150743838613415;0.0;4.0;1.0;1.0;1.2888570057700093;;0.0;0.6355359909340106;50737;1.0;1.535907049242632;0.0;130.0;47075;9254.0;0.0;6.0;-0.27420179821898005;10.0;3.0;0.0;1.0;3.0;2.0;;2.6776532229251733;0.5;86935.0;1.0;0.3895892301133444;0.0;0.0;-2.1241586675188358;0.0;6.0;0.8528141316548622;0.023001776406671882;0.0;1.03001856418585;7.0;-1.226815328083239;0.0;1.0;1.79;17034;-0.3768531008803232;3.0;39.0;0.7623506609519703;15965;-0.6918867910135653;0.0;12.4;Dropout
;0.0;0.0;-0.6415006455285935;1.0;4.0;1.0;3.0;0.4172244544195296;135.1;0.0;0.6844984028686446;83670;;-0.36593172704714716;0.0;148.0;20861;9500.0;0.0;7.0;1.270870183159541;;19.0;0.0;1.0;5.0;1.0;0.0;1.070822215083761;-0.3;81968.0;22.0;-0.9812659050146119;1.0;0.0;0.134795604145148;0.0;0.0;0.27106230479769955;2.5624181022249837;0.0;1.202547298153165;1.0;-0.5156941089445665;0.0;1.0;0.79;32438;1.018575658528367;;18.0;-0.3413715197585086;21021;-0.18235085752464092;0.0;13.9;Dropout
5.0;0.0;1.0;0.8738567905164566;0.0;9.0;38.0;1.0;0.08019921646972153;124.8;1.0;-0.36813653389385326;67238;;-1.1052048408175186;0.0;;63817;9147.0;0.0;5.0;-0.5947465284025433;;37.0;;1.0;;1.0;0.0;0.5158827721264073;2.6;;67.0;1.9591372732726449;1.0;0.0;;0.0;5.0;0.3930367383442835;-0.5773533049206581;0.0;0.10114592761256765;;-0.3154306472228784;12.0;1.0;0.32;66215;0.9821838001750677;1.0;22.0;0.3073273366010497;20972;1.183939123891834;0.0;7.6;Dropout
6.0;0.0;0.0;-1.0906429742593446;0.0;2.0;3.0;;0.22962869384744733;150.0;0.0;0.29365929115170897;81004;1.0;-1.762118012472544;;150.0;92861;;0.0;6.0;-0.47458793414199046;0.0;;0.0;1.0;7.0;1.0;0.0;0.575558933309626;;32092.0;78.0;0.15247188244886165;0.0;0.0;;0.0;0.0;0.6106022135172877;-0.08667204281863797;0.0;-0.6724179315709653;44.0;2.0491460358467033;0.0;1.0;1.79;78149;-0.3183911168373429;39.0;19.0;-0.11230682636975019;16258;-0.7039057844255335;0.0;12.4;Dropout
;0.0;;-0.5033769191996772;0.0;2.0;4.0;1.0;-0.05677827713874367;120.0;1.0;0.1881216441955006;41137;1.0;-0.6459651318937749;0.0;133.1;69284;9003.0;0.0;3.0;0.7901564670957;4.0;;0.0;1.0;4.0;;0.0;1.8395376554957452;;68816.0;66.0;-1.1413755754828778;0.0;;-0.15920093562703552;0.0;5.0;-0.09309427016570114;-1.450514996970145;0.0;-1.0543745896513097;39.0;-0.18826737596595502;0.0;1.0;-0.92;92234;-1.6822279128143822;19.0;25.0;-0.14257623796600769;65431;-1.0298879761750954;0.0;16.2;Dropout
6.0;;4.0;1.6989932016007108;0.0;9.0;1.0;1.0;-1.121142047406505;140.0;1.0;0.6024193859690855;45083;1.0;-1.4546381225299396;0.0;140.0;96472;9003.0;0.0;6.0;0.10054372348197903;13.0;38.0;4.0;1.0;6.0;1.0;;-0.9704265647402719;2.8;60598.0;81.0;-1.3023203798044005;0.0;0.0;-0.40303571436404395;0.0;;-1.020309329123823;-0.4036353116092762;0.0;-1.304266389353159;44.0;-1.1895517841330125;10.5;1.0;;64346;-1.2831490342543834;39.0;21.0;-0.3042360687320763;88037;-0.061707347873850876;0.0;15.5;Enrolled
5.0;0.0;0.0;-1.0238777675971844;0.0;9.0;37.0;1.0;0.5131727897849043;130.0;1.0;0.6047499039397994;18879;0.0;-0.6228208365228246;;110.0;90538;9991.0;0.0;4.0;0.10840605711956422;4.0;37.0;;0.0;9.0;2.0;;-0.1827327437617704;3.7;54478.0;34.0;0.6774724004639007;0.0;;-0.6837676421522828;0.0;0.0;1.8051724793768817;1.787814129366981;0.0;1.9108888805514423;39.0;-0.05860236361008462;0.0;1.0;-1.7;18438;-0.03220238067506169;1.0;42.0;0.17949336040773675;81970;-1.1305664567563476;0.0;12.7;Dropout
;1.0;0.0;-0.6587673126308056;1.0;9.0;37.0;1.0;-0.18613850565368634;118.0;1.0;-2.605788587527226;90030;1.0;0.7444087336977152;;140.0;83385;9070.0;0.0;6.0;-1.9093314775874923;6.0;37.0;;1.0;10.0;1.0;13.5;-1.9071388276787276;;;41.0;0.7072497397402788;0.0;0.0;0.2446226411142813;0.0;6.0;0.9275346546294124;-0.3654811822195256;0.0;0.010944773766955247;39.0;0.264338468378001;0.0;1.0;;41743;-1.5645095814256031;1.0;45.0;0.6416382875279029;77338;-1.7227831214543385;;16.2;Dropout
5.0;0.0;3.0;-1.2531110605943185;0.0;3.0;38.0;2.0;-1.200321513479293;;;-0.2404989584823943;33634;1.0;-0.3754001639752333;0.0;129.0;25030;9147.0;0.0;5.0;-0.353413327556478;8.0;19.0;4.0;1.0;;1.0;12.8;0.5587738421619017;1.4;22759.0;34.0;-0.46301015664664935;1.0;0.0;-1.2954216009991038;0.0;10.0;1.612827013935584;-1.527831193156026;0.0;-1.1447756099941109;;-1.2805465775873714;14.5;1.0;1.74;32769;-0.36778818378256706;1.0;19.0;1.6144221509724763;98243;-0.3444671770748164;0.0;10.8;Enrolled
5.0;0.0;0.0;-0.8272663833119065;0.0;9.0;37.0;1.0;0.5742854453580579;121.9;0.0;0.5179041881781331;22373;0.0;0.3556933821137109;0.0;;67427;9991.0;0.0;4.0;0.8640374561567171;4.0;19.0;0.0;0.0;;1.0;;0.8481737505443001;;86365.0;39.0;0.46262516133029463;0.0;0.0;-0.11096878133022564;0.0;0.0;1.0345384209614492;0.8719988832946381;0.0;1.0024274260569954;39.0;0.4021655344526143;0.0;1.0;-1.7;98883;1.4213027867696928;1.0;40.0;-0.20251253534281774;66481;1.4486218845639236;0.0;12.7;Dropout
8.0;;0.0;0.1383631580287693;0.0;0.0;34.0;1.0;-0.4257876362725878;140.0;0.0;-0.4104565910390145;17248;1.0;-0.7233346595322319;0.0;140.0;18103;9500.0;;7.0;-0.7837099821340217;0.0;34.0;;1.0;0.0;1.0;0.0;-0.995600052234834;2.6;;79.0;0.6676063425376766;;0.0;0.5159942376845734;0.0;0.0;-0.46037140386548175;0.38921024220877953;0.0;-0.4788722017984357;7.0;1.20891595227157;0.0;1.0;0.32;11231;0.3428331414857675;3.0;28.0;-0.3936382956358756;18549;-0.038604095876893015;0.0;7.6;Dropout
5.0;0.0;0.0;0.7065422928429496;;99.0;34.0;1.0;0.22748348684137715;128.2;;0.03620263925982666;44745;1.0;0.06516906636423135;0.0;133.1;79523;9085.0;0.0;5.0;0.7006680656398068;5.0;34.0;0.0;0.0;99.0;;0.0;1.4350800180007035;2.6;;89.0;0.13992522099692056;;;-0.2150937113866431;0.0;5.0;-2.347977938328866;0.8306460660253165;0.0;-0.6509755056985981;39.0;0.13867128325076328;0.0;;0.32;43803;0.045667930631577265;;27.0;-0.5224615564591322;54707;0.17857709444821343;0.0;7.6;Dropout
5.0;1.0;0.0;-0.01863813351867247;0.0;;12.0;;-0.12497916129802501;;1.0;0.7506999816780775;53810;1.0;1.920900822086021;0.0;133.1;90387;9130.0;0.0;5.0;0.2679898219824301;13.0;36.0;0.0;0.0;90.0;1.0;0.0;-0.7188799926247862;-0.8;59293.0;49.0;-0.7013411209443716;0.0;5.0;-1.0002041999857756;0.0;5.0;-1.2290964255277457;-0.29705107824287064;3.0;2.0680100365888623;39.0;-0.7970651518496797;0.0;1.0;;56618;-1.0407726192025808;10.0;30.0;1.4697838550324989;78224;-2.1301483581511254;0.0;9.4;Dropout
6.0;0.0;6.0;-0.324689849220666;0.0;4.0;1.0;4.0;0.8913787722248085;122.3;0.0;0.0809252332521623;85102;1.0;-0.3484860780268965;0.0;124.0;20772;9254.0;0.0;6.0;-0.19971510751456176;7.0;1.0;;;4.0;1.0;11.666666666666666;-0.34246810901656316;-0.3;21878.0;99.0;0.9613559491672948;1.0;0.0;1.0301853986015017;0.0;6.0;0.6365220467082366;-1.0071238646023546;0.0;-1.330702871086758;17.0;-0.5288704375701501;12.333333333333334;;0.79;36935;0.1817376592877189;1.0;19.0;0.690324897113818;51160;0.43812549244094706;0.0;13.9;Dropout
7.0;1.0;6.0;-1.2427738861199726;;7.0;37.0;2.0;0.2201629742289416;126.2;0.0;1.5079194172348667;68822;1.0;0.38442943761965875;;126.0;55595;9500.0;0.0;;1.3577546629356707;10.0;37.0;5.0;1.0;7.0;1.0;11.94;0.11956591562003217;0.6;67109.0;46.0;0.837631310491192;1.0;0.0;0.73025696161685;0.0;8.0;-0.10174791933650049;-0.18362330310222175;0.0;0.23504738296966676;17.0;-1.658835976661862;12.8;;2.02;75785;-0.25852413317629186;1.0;18.0;-1.8990334264381703;37644;0.09336586130979192;0.0;11.1;Enrolled
5.0;0.0;3.0;-0.7271304551819447;0.0;2.0;3.0;1.0;-0.8837001748568056;100.0;1.0;1.1269862522811211;82553;1.0;-1.5655272274684384;0.0;146.0;21467;;0.0;5.0;-0.339844025746576;9.0;1.0;;1.0;3.0;;12.25;1.594196362759815;-0.3;96288.0;;0.5676800400493592;;0.0;-1.0411871713037413;0.0;11.0;-0.4198498589157446;0.5548449863845536;0.0;-0.5909200755236076;43.0;-0.13383523410253537;11.666666666666666;1.0;0.79;21815;0.23863672864974514;1.0;18.0;-1.943120702796382;54455;-0.6649148280393544;0.0;13.9;Enrolled
5.0;1.0;3.0;-1.5460357987209514;;9.0;19.0;1.0;0.32200322353853206;119.0;;-0.118564152971434;10470;1.0;1.5201061224168706;0.0;133.1;58528;9147.0;0.0;5.0;-0.27014703454322064;7.0;19.0;3.0;0.0;9.0;1.0;10.666666666666666;-0.8581978180808985;1.4;21932.0;7.0;-0.8337318767779751;1.0;0.0;-1.2941075650225413;;10.0;-2.495553501651347;-0.07232694007671188;0.0;-0.7505042949944205;1.0;0.31077995682991316;12.285714285714286;1.0;1.74;93374;0.7270978277516376;1.0;19.0;-0.8300578794980854;80298;0.18005047140237396;0.0;10.8;Dropout
;;3.0;0.7365596248845392;0.0;9.0;37.0;1.0;0.3546887244730622;125.3;;-0.19804617072477865;12633;0.0;-0.47720662894486526;0.0;100.0;50628;9991.0;0.0;5.0;-0.21113638434942208;;37.0;4.0;1.0;;2.0;11.25;0.2912471253656829;2.6;41968.0;40.0;-1.3310324935042994;1.0;;-0.9519244159938243;;8.0;-0.013127264244281612;0.38795517328216517;0.0;-1.4638548247859353;39.0;-0.8966325848654781;11.0;1.0;0.32;46022;0.8981236583877154;1.0;41.0;0.23014544405437465;42745;0.17012161715796004;0.0;7.6;Dropout
;1.0;0.0;0.8060731986472122;0.0;0.0;19.0;1.0;0.5113329740388726;121.5;0.0;-2.8503241052013646;30597;1.0;1.050533649906501;;133.0;90099;9254.0;0.0;6.0;0.08052490799843191;12.0;9.0;0.0;1.0;0.0;1.0;0.0;0.7748377547924228;2.6;91523.0;75.0;0.07652391040577229;1.0;0.0;0.5452731654872153;0.0;12.0;-1.0817785502523014;-0.5368182878425708;0.0;0.059583532758031944;1.0;1.9397001510276282;0.0;1.0;;43122;0.12889061145532615;1.0;20.0;-0.03347013921869056;41777;-1.0594879283579355;0.0;7.6;Dropout
7.0;0.0;1.0;-0.04044759933154657;0.0;0.0;34.0;1.0;1.0358742547319129;;0.0;-0.3265021968905259;44711;0.0;-0.12318029575890527;3.0;133.1;34510;8014.0;0.0;7.0;0.766957568714776;13.0;34.0;3.0;0.0;0.0;2.0;;0.5684701636794856;-0.8;95912.0;85.0;0.929571126614457;0.0;1.0;0.27557289896254566;2.0;15.0;-0.7243825807659221;0.4250965289310025;0.0;-0.8739009973194991;43.0;0.7922794954511481;;1.0;-3.12;93096;0.5119229289718692;14.0;34.0;0.5147785518436808;52720;0.3318537267799096;0.0;9.4;Dropout
6.0;0.0;;0.4414509838846031;1.0;99.0;34.0;;-0.6159827851771732;130.0;0.0;-1.3532688927105265;16639;1.0;0.6115793650208063;0.0;130.0;77482;9238.0;0.0;;-1.472555194306039;0.0;34.0;0.0;1.0;;4.0;0.0;0.6054010330667036;0.6;50114.0;87.0;1.0403728809618988;0.0;0.0;0.7900827124457142;0.0;0.0;0.8501040968971368;-0.003013937960264833;;0.5913779091233432;7.0;-1.7927773389484423;0.0;;2.02;23387;-0.5119806592331401;40.0;41.0;-0.1754434421832799;47744;1.1971354225271547;0.0;11.1;Dropout
5.0;;1.0;0.876232573347229;0.0;9.0;37.0;2.0;0.6679356671805321;104.0;1.0;0.2212295420006227;88094;1.0;0.6710124272110006;0.0;120.0;69177;9147.0;0.0;5.0;0.8680452682712921;8.0;37.0;1.0;0.0;9.0;1.0;10.0;0.7615002221739411;1.4;35669.0;57.0;0.5843818340999428;0.0;;-0.3261502180506149;0.0;9.0;-1.0291419540840099;-0.7058739161898745;0.0;-0.04700690267354157;39.0;-1.7722625585075578;;1.0;1.74;52215;1.1325692578649686;;26.0;1.3974187713789425;28929;-0.22794147547351656;0.0;10.8;Dropout
;0.0;0.0;0.10120888768253983;0.0;5.0;1.0;1.0;-1.7248172378408049;96.0;1.0;0.15287071112000175;96915;0.0;-0.452440339512717;0.0;120.0;75767;;0.0;5.0;0.06809806770382897;5.0;1.0;0.0;0.0;;1.0;0.0;-0.5547227246051216;;35816.0;85.0;-0.45045417811345445;1.0;0.0;-0.9247342375001071;0.0;5.0;-0.9336893053731921;0.1399501550901769;0.0;-0.31262534160994415;39.0;-0.9840238027038185;0.0;;3.51;12617;-0.8871237688405786;;38.0;0.7721113787740158;35187;-0.8675942024371078;0.0;8.9;Dropout
;;0.0;1.3936106839924256;0.0;9.0;37.0;2.0;-0.11998481528830646;130.0;0.0;0.6958557560267777;53640;1.0;1.091906435761852;0.0;133.1;96505;9670.0;1.0;6.0;0.5540345798013352;0.0;19.0;0.0;1.0;9.0;2.0;0.0;1.6877797868303248;-0.8;52204.0;87.0;-0.8042073999941806;0.0;0.0;0.918846488414499;0.0;0.0;0.18558032741011987;-0.3866921459447502;0.0;-0.8685444906870606;39.0;1.5731854067592725;0.0;41.0;-3.12;56040;-0.20746834917486945;1.0;30.0;0.07757660711568605;20598;-0.17758006980172836;0.0;9.4;Dropout
0.0;0.0;0.0;-1.0237926962416986;1.0;9.0;1.0;;-0.2746598848076422;129.2;1.0;1.3966704719481913;82279;1.0;-0.7589848639930996;0.0;133.0;26742;171.0;0.0;0.0;2.391850416592858;;4.0;0.0;0.0;5.0;;0.0;-0.11114939817242687;-0.8;38755.0;39.0;-0.016866829996716345;1.0;0.0;-0.553448513451164;;0.0;0.8723620916133091;0.6171644678785293;0.0;1.430705961844089;;0.8909217105523625;0.0;1.0;-3.12;39250;1.2366177140002625;1.0;20.0;1.1453394305341051;77636;0.8546131950644287;0.0;9.4;Dropout
6.0;0.0;0.0;-0.3486702280501167;;7.0;38.0;;1.4478452201802798;121.7;0.0;-0.026269429671968363;27160;1.0;0.7779342200275429;0.0;;11216;9070.0;0.0;6.0;-0.5116604011541551;6.0;19.0;2.0;1.0;7.0;1.0;13.0;-0.24384820298240492;0.5;59541.0;72.0;-0.007383991291692272;1.0;0.0;0.18654805585397857;0.0;6.0;-0.40270589540679624;0.8731569112322775;0.0;0.7356804037079155;17.0;1.6237121955582872;0.0;1.0;1.79;76626;-0.4816624236407643;1.0;18.0;-1.6489062243152208;29016;-1.2263188392972721;0.0;12.4;Dropout
5.0;0.0;2.0;-0.4677421680476098;1.0;;;;-0.15633542897648545;;0.0;2.280416311923196;12788;1.0;-0.390205294166531;0.0;150.0;65926;9147.0;0.0;5.0;-1.2246705712555066;8.0;;3.0;0.0;;2.0;10.666666666666666;1.347625501313754;1.4;17172.0;56.0;1.1072952931986813;0.0;;-1.5499248391153742;0.0;14.0;1.4672154050229071;0.5015377915520406;;-0.6813425538325805;;0.010209286562754749;14.8;1.0;;56099;-1.3407856674764764;1.0;29.0;-0.08507471266522389;98066;0.578558258784181;0.0;10.8;Dropout
5.0;0.0;;0.6472380940295086;0.0;9.0;37.0;1.0;0.6079887781716096;;0.0;0.2324514452199039;90879;1.0;0.3495579486320601;0.0;117.0;21012;9147.0;0.0;5.0;0.19379902849177966;9.0;37.0;2.0;1.0;9.0;1.0;10.0;-0.6305668668769702;2.6;15723.0;;-0.47971439632112517;1.0;0.0;-0.5698104243227993;0.0;10.0;-1.2786691779251602;-1.6349874115407828;0.0;-1.3592050450386828;1.0;-0.2094893279622779;;1.0;0.32;66270;-0.4107502487046478;1.0;20.0;0.13751230612798523;97385;-0.6780144585204808;0.0;7.6;Enrolled
;0.0;0.0;-1.4341413293260776;;9.0;37.0;1.0;-1.761778622872557;156.4;;-1.310216393716633;83258;1.0;-0.46199300235426094;0.0;;50505;9130.0;0.0;6.0;0.3521668363884773;9.0;37.0;;1.0;10.0;1.0;11.571428571428571;0.320278190699021;-0.3;;;-0.3966492766243261;1.0;0.0;1.0093963209415133;0.0;11.0;-1.4540556006084089;-0.9647707537626938;0.0;-1.8879891854268196;39.0;-1.247509486060624;0.0;1.0;0.79;91068;1.3917342787125624;19.0;44.0;0.6020364999525094;70502;0.24206308137973742;0.0;13.9;Dropout
9.0;0.0;4.0;1.4479746071145512;0.0;9.0;37.0;1.0;-0.3517579646885818;120.0;0.0;-0.5620718751101198;78188;;0.04997597470659558;6.0;120.0;56905;8014.0;0.0;10.0;0.8716093293922589;15.0;19.0;4.0;1.0;3.0;1.0;13.0;-0.722834623995237;1.4;74409.0;72.0;2.0549911002727668;0.0;0.0;-0.7162745666698576;5.0;;-1.539285998285257;-0.6365768664402761;0.0;1.1373533938096865;7.0;0.3496839249167958;13.75;1.0;3.51;95539;-2.270736260677002;40.0;36.0;-1.7151660028286206;99160;-0.5643312750455635;0.0;8.9;Dropout
6.0;1.0;2.0;0.5617743804950526;0.0;3.0;38.0;1.0;-0.8463598674335794;135.6;0.0;-0.37274670030782203;84452;1.0;-1.074693701691767;0.0;130.0;64993;9070.0;;6.0;-0.5383767439822253;9.0;37.0;5.0;1.0;6.0;1.0;12.0;2.519235815445017;1.4;93123.0;44.0;1.5512222363868797;1.0;0.0;0.8145038214514995;0.0;;-1.6521837644104314;-0.7963140443307624;0.0;0.9091729350309422;;-0.19616816691702066;11.333333333333334;1.0;3.51;29480;0.10239317903487564;1.0;19.0;-0.2604069068744816;87727;-0.5670169550815609;0.0;8.9;Dropout
6.0;0.0;3.0;1.7502944726179714;0.0;;4.0;1.0;2.475511123295525;120.0;1.0;0.5921271511533787;73922;;0.24755698468879414;0.0;120.0;11092;9070.0;0.0;6.0;-0.8301068710525711;9.0;4.0;2.0;1.0;;1.0;12.0;2.3086545167267882;3.7;19423.0;84.0;-0.8827804411640898;0.0;0.0;-2.3310196961881937;0.0;10.0;0.33654896516011623;-0.54284697499498;0.0;1.04657029620141;7.0;-0.23467219048186205;12.666666666666666;;-1.7;55185;-0.6340035274000658;3.0;28.0;0.40046079635107446;77635;1.5230949162350476;0.0;12.7;Dropout
7.0;0.0;0.0;-0.040571213384718426;0.0;9.0;1.0;2.0;-0.6667967571213573;100.5;1.0;-0.9472499002293007;82470;1.0;0.044187834959585996;0.0;133.1;61810;9556.0;0.0;7.0;-1.532970853122284;;1.0;0.0;1.0;10.0;1.0;0.0;-0.11024098143654597;0.6;92336.0;12.0;1.4687518989470283;0.0;;-0.559391659643186;0.0;13.0;-0.9777893193891725;0.9252484740675007;0.0;-0.12028824840593705;39.0;1.618050841052838;0.0;1.0;2.02;80316;-0.16763410164223533;1.0;24.0;0.47716212639733585;42010;-1.4090865905334917;0.0;11.1;Dropout
5.0;0.0;1.0;-0.5503192989837563;0.0;5.0;1.0;1.0;0.07327907266145216;131.4;1.0;-0.297975882809396;97046;1.0;-0.5401535540724726;;137.0;80091;9147.0;0.0;5.0;-1.3674935288779129;8.0;37.0;2.0;;9.0;1.0;10.0;0.5198571735005325;2.6;24774.0;26.0;-1.1218817465689122;;;-0.17135464587813257;0.0;;-1.410192363849219;0.698654438538879;0.0;0.8060120260493259;17.0;-0.12634560286456042;;1.0;0.32;21462;-0.34854401672172486;1.0;22.0;1.1861298414542012;85346;0.48536617754554423;0.0;7.6;Dropout
6.0;1.0;4.0;0.657106089760963;0.0;7.0;37.0;1.0;0.1265758022751699;134.0;1.0;-0.16104028079608668;89056;1.0;-0.05502796639029617;0.0;120.0;12365;9238.0;0.0;6.0;-0.4159622212982152;7.0;37.0;6.0;1.0;7.0;2.0;12.333333333333334;0.005199805047380755;;14336.0;80.0;-0.4340587158095934;0.0;0.0;1.7425403033424056;0.0;10.0;0.3797966951356056;-0.4238513297366296;0.0;1.0271940632308327;39.0;1.3309814440476846;12.75;1.0;3.51;53282;0.960483251719391;1.0;40.0;0.761505332406745;40673;1.7313244109212866;0.0;8.9;Dropout
6.0;;6.0;1.0305650779142739;0.0;5.0;37.0;2.0;-1.5894782909366534;;0.0;-0.44812080765554363;90113;1.0;0.1340044761679099;;135.0;45549;9773.0;0.0;6.0;-0.11658493591911696;6.0;37.0;6.0;1.0;5.0;1.0;14.666666666666666;-0.34859948840839855;1.4;36121.0;1.0;-0.3202434978198473;1.0;0.0;-1.1690628800144518;0.0;7.0;0.8239492471907172;0.5917936599916467;0.0;-0.06979538927315415;1.0;-1.5880746611426133;;1.0;3.51;60143;0.05380805380002453;1.0;20.0;-0.06084604937204112;19320;0.6855219264728227;1.0;8.9;Graduate
0.0;;0.0;-0.714420840471543;1.0;2.0;3.0;1.0;-0.526035410543114;117.3;0.0;0.8114153816797184;52157;1.0;-0.6163570532651123;0.0;;40948;171.0;0.0;0.0;2.065134166396841;;1.0;0.0;1.0;;1.0;0.0;0.11963149910586586;-0.3;36331.0;62.0;-0.07759162274797651;1.0;0.0;0.6709932954470896;;0.0;1.0508583969153988;0.32884205246548087;0.0;-0.35814811559361204;43.0;2.688112232862922;0.0;1.0;0.79;88077;1.0105347676520502;1.0;20.0;0.6749737489487547;60918;-1.331097019039182;0.0;13.9;Dropout
5.0;0.0;1.0;-1.9975965075836535;0.0;4.0;1.0;1.0;0.4047665126492551;150.0;1.0;0.6413213884653558;83664;1.0;-0.12875857572966917;0.0;140.0;40654;;0.0;5.0;-1.692583315718176;7.0;19.0;2.0;1.0;4.0;1.0;13.0;-0.04060143522245945;;96466.0;78.0;0.619756337197627;0.0;0.0;1.0569317812487937;0.0;11.0;0.875284464669774;-0.032858811003856736;0.0;-0.9762836793714943;51.0;-0.3732704617553693;10.0;;3.51;17944;1.2841314713453162;1.0;23.0;-0.20136363555463252;21072;-1.2815805089154055;0.0;8.9;Dropout
5.0;0.0;;-1.826265391894275;0.0;4.0;1.0;4.0;0.08572227524128519;125.4;1.0;1.1665671351039588;31546;1.0;-1.005551940894921;0.0;125.0;51201;;0.0;5.0;0.33540132718303495;6.0;1.0;3.0;1.0;90.0;1.0;13.333333333333334;-1.5206674074319642;2.6;20125.0;40.0;0.10647331828592477;;0.0;-0.7214896472442744;;5.0;-0.9181034660425893;1.1482247026050325;0.0;0.42614888252951333;17.0;0.707184023274026;11.0;1.0;0.32;87675;0.029897005591374117;;19.0;0.1467739527628528;18299;-0.7516253766464014;0.0;;Dropout
6.0;0.0;5.0;0.2613849258469806;0.0;9.0;19.0;1.0;-2.3004109720079366;162.3;1.0;-0.33102518111119955;38260;1.0;2.3457330389610074;0.0;130.0;22734;9670.0;0.0;6.0;-0.7259358533029165;13.0;;;1.0;9.0;2.0;11.333333333333334;0.2630233215655902;-0.3;97579.0;40.0;0.6147273543853687;0.0;;-0.3735239487726898;0.0;12.0;0.27609096444970527;-0.6612963074234078;0.0;0.5592138337131528;39.0;0.8662729119465122;11.4;1.0;0.79;31406;-0.3594978422995192;1.0;36.0;0.7948023501473626;18338;0.1579079115198747;0.0;13.9;Dropout
7.0;0.0;4.0;1.5401893878724215;1.0;9.0;1.0;;-0.5669914445046008;127.0;1.0;1.202527567647902;88339;;1.059118660208185;0.0;;55019;;0.0;7.0;0.22286672362886126;12.0;38.0;4.0;0.0;9.0;1.0;12.94;-0.04229287251264407;0.5;;22.0;-0.40184086256024953;;0.0;0.1416287738119035;0.0;12.0;0.4968715773924243;0.052759537263421676;;-0.4065347431589141;1.0;-0.49735673037543554;11.58;1.0;1.79;87191;0.37718389867161645;1.0;;-0.045300793188042504;92032;0.22594269408905215;0.0;12.4;Dropout
6.0;0.0;0.0;-1.3008386660580131;0.0;9.0;1.0;1.0;1.0208216614468928;150.0;1.0;-1.3639970859770458;42707;1.0;0.2730941056315511;;;16928;9130.0;0.0;6.0;-0.5532358731765745;6.0;38.0;0.0;1.0;9.0;1.0;0.0;0.3122004566335367;0.5;54037.0;75.0;0.3742226239402479;0.0;0.0;-1.4814849671925294;0.0;;-0.47488324508909263;-1.0508601023354023;0.0;-0.28874163456250407;39.0;0.8190300900590537;0.0;1.0;1.79;68924;0.5701869528842484;1.0;25.0;0.3619896795318375;15687;-1.2716965542996927;0.0;12.4;Dropout
12.0;0.0;10.0;-0.27236634322642334;;9.0;1.0;1.0;0.5882229273129349;130.0;1.0;-1.388384300989857;85117;1.0;1.172112927476695;11.0;130.0;18952;9003.0;0.0;;1.0353845870457408;31.0;;11.0;0.0;7.0;1.0;12.727272727272728;-0.07751777776448186;2.8;70569.0;73.0;0.07896683847823306;;1.0;-0.45510321186135666;10.0;24.0;0.16475210390471504;-1.0029294547865177;4.0;-0.21729499885310952;7.0;0.8710031765812385;12.7;1.0;-4.06;46120;-1.153290760391153;3.0;32.0;0.9613087693170126;45508;-0.8727574584469666;0.0;15.5;Dropout
7.0;1.0;6.0;-0.3484495522319408;0.0;9.0;38.0;1.0;1.218033351825204;130.0;1.0;-1.2138016860912133;54589;;-1.9792524766837778;;140.0;58304;9500.0;;7.0;1.0291903943055845;7.0;37.0;6.0;1.0;7.0;1.0;13.183333333333332;-0.3603393634785457;2.6;57998.0;37.0;-1.3883300744357658;1.0;0.0;1.276112040946416;0.0;7.0;-1.2516182299616831;-1.360765024887505;0.0;0.7912410658652969;1.0;-0.7131445010457679;13.183333333333332;1.0;0.32;22046;0.2360638084442118;1.0;18.0;0.7121648607390529;77259;-0.8114824869800202;0.0;7.6;Graduate
6.0;0.0;5.0;1.92053206722485;0.0;;5.0;;-0.9856473374232908;124.8;0.0;0.00921169263208945;34723;1.0;-2.557679737834006;0.0;129.0;90867;9070.0;0.0;6.0;-0.11310103618975793;6.0;3.0;6.0;1.0;7.0;;14.5;0.8749100602756985;0.5;91902.0;40.0;0.48301020869106676;1.0;0.0;0.5226548108644206;0.0;7.0;-0.6276001760942014;-0.9858571511312335;;-1.3743256775535242;1.0;-0.701300224181893;12.0;1.0;1.79;41158;-0.25355962542200916;1.0;21.0;1.2334718558813695;82180;-0.18074680811489283;0.0;12.4;Graduate
6.0;;4.0;2.2586957530874114;0.0;;37.0;1.0;1.280929535279058;123.6;0.0;1.2023781165777556;47045;;-0.3992910617499062;0.0;132.0;73704;9238.0;0.0;6.0;1.4391119471869638;9.0;37.0;4.0;1.0;9.0;1.0;11.5;0.5331344037084068;2.6;29065.0;34.0;0.09605536848628529;1.0;0.0;-0.1567512894832428;0.0;10.0;0.3717873055880829;0.08310056115548563;;-1.1052534823121778;17.0;0.04530682348474259;10.75;1.0;;76598;-0.4203484640402984;;18.0;2.3284482979529106;15076;1.9846954572910747;0.0;7.6;Enrolled
0.0;;0.0;0.4244526882825988;0.0;9.0;37.0;1.0;-0.04440604828918175;140.0;0.0;-0.6021420806396302;62264;1.0;-1.378564143602109;0.0;140.0;40088;171.0;0.0;0.0;0.7601086703852606;0.0;;0.0;1.0;;1.0;0.0;1.3960472999356885;1.4;96006.0;61.0;;;0.0;0.11307236183648332;0.0;;1.5075426543471946;-0.30248417924192805;0.0;-1.0857452811284627;43.0;-0.1154939476853354;0.0;1.0;1.74;28655;-0.6909449776543308;2.0;34.0;0.7029277733569433;90442;-0.9331870656234476;0.0;10.8;Dropout
;0.0;0.0;0.8980003669214832;;9.0;19.0;1.0;1.5922225009389395;126.1;;-0.47669340496443713;15704;1.0;-0.23660552444832925;0.0;130.0;41127;;;6.0;1.3925589635386457;6.0;1.0;0.0;0.0;6.0;1.0;;0.4947297644723308;2.8;47623.0;74.0;-0.4248421284294223;1.0;0.0;0.5809053655297716;0.0;8.0;1.1514396133218394;-0.2698712904065823;;-0.14853191466461202;;1.3931300958495347;0.0;1.0;-4.06;70268;-0.625720155599829;1.0;27.0;-0.46129255140475467;95412;-0.9769578331357881;0.0;15.5;Dropout
6.0;0.0;5.0;0.8701989943165301;1.0;7.0;30.0;;0.003304434083773343;128.4;0.0;-0.2160179553093376;60123;1.0;0.20565664059489883;0.0;141.0;54047;9773.0;0.0;6.0;-0.04313721298796677;8.0;37.0;5.0;0.0;7.0;1.0;13.0;-0.1976065518151338;2.6;93885.0;58.0;-0.4003207447742374;;0.0;0.7724101479101136;0.0;8.0;0.6608584777343189;-0.2991631181918663;0.0;0.3152772011655719;1.0;0.7026681849450789;11.4;1.0;;30558;1.2556408512107744;1.0;18.0;0.5118230478198007;97295;-1.1331402951438443;0.0;7.6;Dropout
7.0;0.0;3.0;-1.2803215696356756;0.0;9.0;37.0;1.0;-2.0474754927143133;;0.0;0.5728281233876548;19457;1.0;0.9204144983406113;0.0;133.1;13126;;0.0;7.0;0.9517987481847486;12.0;;4.0;1.0;5.0;2.0;10.25;0.6167685261844357;0.6;;95.0;-0.2449184744248296;;0.0;-0.5564141473791021;0.0;10.0;0.07970003877477616;1.772742625058744;0.0;-1.0688757443004617;39.0;-0.070423569463091;;;2.02;17307;-0.3639925295704163;1.0;45.0;0.46881841649041733;68862;0.635544571242232;0.0;11.1;Dropout
5.0;0.0;0.0;0.6985230154358657;1.0;3.0;1.0;6.0;0.849254571307144;;0.0;-0.4776253033545738;53877;1.0;-1.1382639842752136;0.0;133.1;69734;9773.0;0.0;4.0;-0.7682630869859833;4.0;37.0;0.0;;3.0;1.0;;-1.9806131592389713;0.5;86321.0;51.0;1.758958120632072;1.0;0.0;1.5347209432796696;0.0;5.0;-0.07523051297531867;-1.1371801487971294;0.0;0.9090058737392254;;0.6060779587076734;0.0;1.0;1.79;65460;1.143758508569315;;;0.6135106935103816;56106;-0.041341596355102;;12.4;Dropout
;;2.0;-1.0196064713000912;0.0;2.0;3.0;;-0.4435136779746426;118.7;0.0;-0.5334169579165013;39096;1.0;0.3996306861600717;0.0;125.0;22049;9147.0;;;-0.8696590344418867;16.0;38.0;4.0;1.0;10.0;1.0;10.666666666666666;2.103679888730786;-0.3;81170.0;95.0;2.090254438982392;1.0;0.0;1.316348201204661;0.0;;-1.4475999538876518;-1.2440933197324036;0.0;1.4626494521694002;17.0;-2.0466530777966914;12.0;1.0;0.79;83124;0.1310265815368399;1.0;18.0;1.4950162472373718;25378;-0.8962265481699585;0.0;13.9;Enrolled
5.0;0.0;0.0;-0.17153582897661646;;9.0;37.0;1.0;-0.3762296113684838;166.0;1.0;-1.3453952633576904;64774;1.0;0.014389693152232522;0.0;140.0;74716;9119.0;0.0;5.0;2.1798256401645753;7.0;19.0;;1.0;9.0;1.0;0.0;0.2743801437775672;-0.8;49126.0;42.0;-2.7260386833447767;;0.0;;0.0;5.0;-0.8355065338895054;-0.8454225925734346;0.0;0.4137976196972815;1.0;-0.6153109736317417;;1.0;-3.12;96573;-1.1327146225648415;1.0;20.0;-1.6841115089840064;21118;-0.3627955837783321;0.0;9.4;Enrolled
5.0;0.0;4.0;1.1397370450831312;0.0;4.0;1.0;1.0;-1.4530964310697694;150.0;0.0;-0.5717211111771211;85519;1.0;0.34750930993308465;0.0;;43639;9130.0;0.0;5.0;-1.0858718883835674;7.0;1.0;4.0;1.0;4.0;1.0;12.0;2.1844558941257537;1.4;72765.0;48.0;0.4881743968238727;1.0;0.0;-0.8429598658458911;0.0;6.0;-0.8028548545936912;-0.07189483464498958;1.0;1.1227901052856921;44.0;0.2878210083188878;12.4;1.0;;55169;0.19076806633558357;;20.0;1.5138379913297342;83576;-0.7915103009577013;0.0;10.8;Enrolled
12.0;0.0;9.0;0.08093332580685558;0.0;9.0;37.0;1.0;1.6221994990060429;120.0;0.0;1.1774617529353326;17557;0.0;-0.5197719507535998;;120.0;44022;9991.0;0.0;12.0;-0.4361056326903938;12.0;;9.0;0.0;9.0;2.0;12.22222222222222;-0.8693450596806322;-0.8;32024.0;36.0;0.95495136850919;0.0;0.0;;9.0;12.0;0.5747593155406493;0.5147713125870544;2.0;-0.9151720542521978;43.0;1.1153655018924507;13.0;1.0;-3.12;64535;-1.187919559609834;2.0;38.0;1.8504168680581128;86530;0.2958912811892453;0.0;9.4;Dropout
7.0;;3.0;1.1024964410603724;0.0;2.0;;1.0;-0.5211011738028473;120.6;1.0;0.09092600847847668;17657;1.0;1.38313513986212;0.0;120.0;49599;9500.0;0.0;7.0;-1.8980068289154752;12.0;4.0;4.0;1.0;4.0;;12.65;-1.1176453826140642;0.3;;22.0;-0.21607677801246578;0.0;0.0;-0.3266037965965932;0.0;10.0;0.9449477714858265;0.6185876138854682;0.0;-0.8913597136895522;43.0;0.1997693346557936;;1.0;-0.92;71322;0.6071456327936519;1.0;18.0;0.5680706632702146;84131;2.6843766067963357;0.0;16.2;Dropout
6.0;0.0;0.0;1.2992634419885658;0.0;9.0;19.0;5.0;1.5750357749125201;119.5;0.0;-0.7398545102479152;50917;1.0;-0.10350864842972622;0.0;116.0;21620;9670.0;0.0;6.0;-0.8458631214515429;0.0;38.0;;0.0;9.0;1.0;0.0;0.36583329266431464;1.4;;;0.9280900847818052;1.0;0.0;;;0.0;0.7365734195264622;0.944638316369788;0.0;0.5146239775977388;1.0;1.4582389999776564;0.0;1.0;3.51;47108;-0.207773351942314;1.0;18.0;0.592135081223133;65639;0.5508644056922366;0.0;8.9;Dropout
6.0;0.0;;-1.7569336953291947;0.0;2.0;3.0;1.0;-0.43124316159285314;153.5;0.0;1.2361439727289343;77849;;1.7741822235037688;0.0;150.0;31568;9085.0;0.0;6.0;-0.9942355641390653;7.0;3.0;6.0;1.0;1.0;1.0;15.714285714285714;0.3625347427666591;-0.3;;45.0;;1.0;0.0;-1.7684918655590522;0.0;;1.1826664380697987;-0.1082388660421918;0.0;-0.038402715636916496;16.0;0.8679398580252639;14.666666666666666;1.0;0.79;13269;0.855181841096565;1.0;19.0;-0.24164480725949886;60749;-0.0929885151073637;0.0;13.9;Dropout
6.0;0.0;3.0;-2.177697562880629;0.0;7.0;38.0;5.0;-0.927745202149278;123.1;;-0.5852135020601873;35188;1.0;-0.7903886536822237;0.0;122.0;28658;9773.0;0.0;;-0.6702907060286708;12.0;38.0;3.0;0.0;7.0;;11.0;0.3382447744369442;-0.8;33533.0;33.0;-1.3718419901840846;1.0;0.0;0.4946931335452561;0.0;12.0;0.07225755152647977;-0.3963211199068042;0.0;-0.893220156790138;17.0;-0.4883294240713444;;1.0;-3.12;31817;1.4335458499995466;1.0;19.0;0.006323989816705009;27415;-0.6649754874879527;0.0;9.4;Dropout
8.0;1.0;1.0;1.1620924548311167;0.0;4.0;37.0;1.0;1.3195291740298136;130.0;1.0;1.4199555794824656;80424;1.0;0.7428273399555535;0.0;;86251;9500.0;;8.0;0.299883779393612;16.0;38.0;1.0;1.0;4.0;2.0;10.0;0.18582620325048063;3.7;96988.0;31.0;0.1337618862249922;0.0;1.0;1.2874622638484718;0.0;16.0;-0.9829301825938861;1.6334606949523043;1.0;1.425047596675779;39.0;-0.14003064595376932;10.0;;;44126;-1.7353451327693319;1.0;33.0;0.697952159148152;18188;-1.3434000818848497;0.0;12.7;Enrolled
7.0;0.0;4.0;1.202407369966201;1.0;9.0;1.0;1.0;-0.07333474900022934;122.0;1.0;1.4036069779001006;10213;1.0;-0.05966848056052859;3.0;130.0;24854;9003.0;0.0;10.0;0.5410353822679319;23.0;;6.0;;1.0;2.0;11.428571428571429;-0.628117160926389;2.8;71388.0;61.0;1.9567471771130562;0.0;1.0;0.5764741398308774;2.0;15.0;-0.049932896349257086;-2.784208376946523;0.0;0.2987902355697766;39.0;0.40842168623857145;12.0;1.0;-4.06;68676;-0.4611455708507674;1.0;25.0;0.6335523927703243;28078;0.7336897314030355;;15.5;Dropout
;0.0;0.0;0.2565946163030602;0.0;123.0;3.0;4.0;-0.06357200735515597;116.9;1.0;0.05601162637466865;36543;1.0;-0.32774241666676374;0.0;120.0;21609;9119.0;0.0;5.0;-1.0068095252658023;9.0;1.0;1.0;1.0;152.0;1.0;13.0;-1.4853557940785214;1.4;98914.0;30.0;-1.2377653009982292;0.0;0.0;;0.0;5.0;-0.7248370904324796;0.06275902244414726;0.0;0.7021749726867456;1.0;-0.4486355528563638;0.0;1.0;3.51;37441;-1.2094600013396528;;18.0;0.7207097300033874;46069;0.6793541783663201;0.0;8.9;Dropout
;0.0;1.0;0.39221601693713115;;;1.0;1.0;-1.28162594028312;150.0;1.0;-1.4985495273716876;56725;1.0;0.6323153404675466;0.0;150.0;31972;9130.0;0.0;6.0;-0.7896665472957463;9.0;;;;1.0;1.0;0.0;0.28315055665068595;0.3;53093.0;66.0;-0.11523234112154675;0.0;1.0;-0.7944033974004906;0.0;;0.6578599917560968;0.4300069444939423;0.0;-0.6742514634587875;39.0;1.5312901779165933;10.0;1.0;-0.92;28984;2.158261217306239;39.0;;0.6266685716032836;37123;-0.4661009966908062;0.0;16.2;Dropout
;;4.0;0.8930476980827567;1.0;5.0;12.0;3.0;-0.4576233546962562;116.9;0.0;2.289500615345755;66352;1.0;-0.29917347918958953;0.0;127.0;48227;9254.0;;6.0;1.0835102294387722;7.0;38.0;5.0;1.0;7.0;1.0;12.2;-1.282592000298381;0.5;63980.0;;-0.44839727609409435;1.0;0.0;0.2998523441740787;0.0;10.0;-0.3590874030973931;1.8736840023769148;0.0;1.679908456242031;;-1.1087261342922892;12.25;1.0;1.79;91467;-0.44031239408970085;1.0;18.0;0.8983899741423699;59367;1.2133339829426184;0.0;12.4;Dropout
6.0;0.0;6.0;0.874408911351857;0.0;9.0;37.0;1.0;0.4286958236309989;135.9;0.0;0.3872760562645462;42822;1.0;-2.661965337157328;0.0;;64327;9238.0;0.0;6.0;1.7052930687764922;11.0;37.0;5.0;1.0;9.0;1.0;11.6;-1.377006297738727;2.6;68707.0;73.0;1.05189274007967;;0.0;-0.15330371533817977;0.0;11.0;-0.09853161723445317;-1.6605661718552462;0.0;-0.15592901544151144;1.0;0.3161064504243861;11.666666666666666;1.0;0.32;18403;-1.3151122536130395;1.0;19.0;0.7866486699856475;80359;0.021106938885084827;0.0;7.6;Enrolled
7.0;;2.0;-0.30418398259205837;0.0;9.0;19.0;1.0;-1.2991799937588524;96.1;1.0;-0.3238870247205901;89382;1.0;-3.0628681231743076;0.0;133.1;48109;33.0;0.0;7.0;1.255916858580378;13.0;37.0;2.0;1.0;9.0;;15.0;-0.3806317984682371;0.5;24465.0;33.0;1.1912459471962915;0.0;0.0;0.44304117425590805;0.0;12.0;0.6936222296710834;-0.42013763842935653;0.0;1.0190567679901443;39.0;0.7354468136050571;;1.0;1.79;80936;2.2403386304834134;1.0;25.0;-1.0243486652601317;76940;0.7747607353951352;0.0;12.4;Dropout
5.0;0.0;4.0;0.955850235339543;0.0;7.0;19.0;1.0;-0.5390876941718167;118.2;0.0;0.9561279147750558;48810;1.0;1.272422160284049;0.0;;58217;9147.0;0.0;5.0;-1.646331119414162;8.0;37.0;1.0;1.0;9.0;1.0;;0.43065898532838315;1.4;;50.0;0.16232735814354976;0.0;0.0;0.6017213726056347;0.0;9.0;-0.7410942895915659;-1.3576102011117257;2.0;-0.5828278071297605;39.0;-0.31344698946110233;12.25;;1.74;18418;-0.7260728399795893;12.0;31.0;0.83226804350788;84523;0.2961970020330115;;10.8;Dropout
13.0;0.0;10.0;-0.3464731480872207;0.0;5.0;37.0;1.0;-0.4204464374074576;130.0;1.0;0.7023027870213473;67215;1.0;1.2302584578796958;8.0;130.0;56577;9003.0;;14.0;1.1894071423900159;24.0;1.0;8.0;1.0;4.0;1.0;12.5;1.9877592372562929;2.8;96765.0;53.0;0.03220929691018214;0.0;0.0;1.091890528894662;6.0;;0.9639765858222498;-1.798276367576271;2.0;0.16864785609449004;43.0;-0.5387993326492484;;1.0;-4.06;38844;-1.6218606648588525;1.0;25.0;1.8585866164162272;36865;-0.1771358798776383;;;Dropout
6.0;1.0;0.0;0.24355110083159448;0.0;;19.0;1.0;0.06644080471399794;143.5;0.0;1.3109383498864404;20021;1.0;1.8873409462559467;0.0;148.0;25176;9853.0;0.0;;1.8536888565143366;8.0;19.0;6.0;;5.0;1.0;12.833333333333334;0.9792593032537936;-0.3;70640.0;64.0;-1.7191478455213078;0.0;0.0;-1.132123428929522;0.0;6.0;-1.3475963519596137;-0.20452569262642392;0.0;0.5578360302183867;;-0.07608129644999888;0.0;1.0;;86540;-1.158399237928;1.0;19.0;-0.026626751955402317;94218;-0.9548846113074869;;13.9;Dropout
6.0;0.0;5.0;0.20002245551464987;0.0;192.0;1.0;1.0;1.4795596456382638;129.8;1.0;-0.6623477886798963;93635;1.0;-0.017528248282177424;0.0;133.1;10660;9003.0;;7.0;-1.6959492874086513;7.0;1.0;7.0;1.0;144.0;1.0;13.571428571428571;1.4332175871290809;;58723.0;6.0;1.4230025211446031;0.0;0.0;0.221618947849312;0.0;9.0;0.30655096793882525;0.8330937576124076;0.0;1.9954071135672131;39.0;0.8119985127851743;13.4;6.0;3.51;85760;0.14319118590890553;1.0;24.0;1.4994799479824774;88583;-0.1455365923626713;0.0;8.9;Enrolled
0.0;;0.0;-0.8594390986237331;0.0;1.0;3.0;1.0;-0.29995313298298404;144.7;1.0;0.3184734127743923;55505;1.0;-1.2926348019978913;0.0;137.0;71335;171.0;;0.0;1.082700556837103;0.0;19.0;0.0;;10.0;1.0;0.0;0.6536616875430717;0.3;10247.0;61.0;-0.35316631535689413;1.0;0.0;-0.3634750039613235;0.0;0.0;-0.09089899732260745;1.2059695883311012;0.0;-0.439727099860568;;-0.4998479975278538;0.0;;-0.92;44402;0.04574742873092027;1.0;20.0;-0.9172952999115911;41400;0.842050668894847;0.0;16.2;Enrolled
6.0;0.0;0.0;-0.7429872862089923;0.0;6.0;29.0;1.0;-0.6905006624125621;150.0;0.0;-1.1858702302449369;52310;1.0;-0.41958384265100146;0.0;150.0;94929;9085.0;0.0;;0.2252166150695458;0.0;;0.0;1.0;6.0;1.0;0.0;0.36685371894373187;1.4;13450.0;42.0;-0.14232505845635054;1.0;0.0;;0.0;0.0;0.8273417964239792;-0.53187280761424;0.0;0.20256264433170545;44.0;-1.0689211869092923;0.0;1.0;;11583;-0.8360025977655835;1.0;21.0;-0.02976261961043513;32566;-0.508135111899427;0.0;10.8;Dropout
6.0;0.0;0.0;2.234108876781497;0.0;5.0;;1.0;2.746370632024671;;1.0;0.6663343957412341;34311;1.0;0.011424515361312802;0.0;139.3;15733;9070.0;;6.0;-0.3271377095978294;0.0;38.0;0.0;1.0;;1.0;0.0;2.5057903148560925;0.5;60092.0;82.0;0.9715998026195624;0.0;0.0;0.864408852668744;0.0;0.0;-1.374373961863985;0.666526240531589;0.0;0.5918552606175903;39.0;1.1505847769930262;0.0;1.0;;94629;-0.48504775635180314;1.0;28.0;-0.6411581518098584;89910;0.4397413956031783;0.0;12.4;Dropout
0.0;0.0;0.0;-0.8918857527742468;1.0;;3.0;1.0;-0.4331853535234298;116.4;1.0;-0.022945369627187417;64690;1.0;-1.0070382242851093;0.0;123.0;92632;171.0;0.0;;0.10618284774919513;0.0;12.0;0.0;1.0;9.0;1.0;;-1.3228556138923926;1.4;17334.0;69.0;0.19759967548228716;1.0;0.0;;0.0;;-1.5307911227912112;-0.19771869833197633;0.0;-1.414840048541473;17.0;0.3992964729355876;0.0;1.0;1.74;89971;0.05308102561752765;1.0;19.0;1.379221252423799;99836;-1.0827358820240034;0.0;10.8;Dropout
6.0;1.0;5.0;0.36995926665553713;0.0;5.0;1.0;1.0;-0.19065816116919607;116.3;1.0;0.2810092554868121;10052;1.0;1.6485747229738668;0.0;117.0;91863;9254.0;;;0.4432605696039191;6.0;1.0;6.0;1.0;;1.0;11.666666666666666;-0.41323031639424485;1.4;22805.0;59.0;1.0038419504114928;1.0;0.0;1.3984436503836541;0.0;7.0;0.7500443858611368;0.5565737791225179;0.0;-2.174339843821686;1.0;1.0078574304895174;12.2;1.0;1.74;54706;1.323912718668183;1.0;21.0;1.6404765544088513;51850;0.7800583361303581;;10.8;Graduate
5.0;1.0;2.0;0.5797991764666073;0.0;;;1.0;-0.35784636919103263;115.2;0.0;-0.1463497238404702;50670;;2.239502879643737;;118.0;80963;9670.0;0.0;5.0;1.1575850523338427;7.0;38.0;;1.0;7.0;1.0;12.333333333333334;-0.33517976958241175;2.6;61952.0;8.0;;1.0;0.0;0.4255902503682677;0.0;5.0;-0.3909221415491874;1.1544752476592246;0.0;-0.9958373254379;17.0;0.7593317312674405;;1.0;0.32;12569;0.3332789404714951;;21.0;-0.09919612008756219;20354;0.3129413364899617;0.0;7.6;Dropout
6.0;0.0;3.0;-0.0542162912818996;0.0;4.0;12.0;5.0;-0.2767691011096277;123.3;0.0;-0.25098882058836114;80200;1.0;0.47828070073017764;0.0;132.0;60956;9853.0;0.0;6.0;1.106014529454586;13.0;12.0;4.0;;4.0;1.0;11.5;0.8935570213583215;1.4;96479.0;36.0;0.20378706083573803;1.0;0.0;-0.11001679075579433;0.0;10.0;-0.09080210376820547;-0.1942304393492519;0.0;0.9671798914061128;17.0;2.179889308281965;11.0;1.0;1.74;72234;-0.5631658532600368;;21.0;1.1710615226618508;64579;-1.202110758836501;0.0;10.8;Dropout
;0.0;4.0;0.6714899353631555;0.0;9.0;37.0;;0.07775486301596105;110.0;1.0;-0.868231174014714;79991;1.0;-0.010863746698195903;;160.0;40594;9147.0;0.0;5.0;-1.5069273189031764;;37.0;2.0;1.0;7.0;2.0;11.0;-0.9787767576860877;2.8;85175.0;;0.3104427284702329;0.0;0.0;-0.25287846945038367;0.0;6.0;-0.6597491609091383;1.0769743824250069;0.0;1.7164069077201045;39.0;1.1149720356065458;11.5;;-4.06;80474;-0.22842509029738453;1.0;30.0;1.6506266279033337;84964;-0.2240145235216122;0.0;15.5;Dropout
5.0;0.0;;0.32898326607268236;1.0;9.0;38.0;1.0;0.9207964775932745;116.9;0.0;0.7904302146842336;66504;0.0;-1.2949669784744322;0.0;120.0;63136;9991.0;0.0;5.0;-0.6486722521746818;5.0;3.0;0.0;0.0;3.0;1.0;0.0;0.7634296075766009;1.4;51893.0;;-1.1227727465764106;1.0;0.0;-1.7347550023946687;0.0;;0.9128103798272368;-1.2130272878543464;0.0;-0.9229854851871565;17.0;-0.7240795618748207;0.0;1.0;1.74;84424;0.7697099310372209;1.0;26.0;-0.03291885796166941;52192;0.9314409093183696;0.0;10.8;Dropout
7.0;1.0;6.0;-0.870251548117375;0.0;9.0;38.0;2.0;0.40398772327340576;;;1.4897040367414378;43704;1.0;1.5464338961560513;0.0;113.0;11016;9500.0;;7.0;0.09356552090821636;10.0;19.0;;;;1.0;12.62;0.5796498317694024;0.6;94735.0;39.0;-0.14898012949935724;1.0;0.0;1.3397350448986038;0.0;8.0;0.2992162104100391;0.6565105169690351;0.0;-1.21672450428087;1.0;0.4702679672315828;12.5;1.0;2.02;75782;1.6800668868845343;1.0;20.0;0.12975161179698358;21899;-1.2590325406532241;0.0;11.1;Enrolled
6.0;;0.0;0.5368172941385827;1.0;4.0;1.0;1.0;1.077095563366421;120.0;1.0;-0.5566683589100853;57511;1.0;0.07630681084904649;0.0;133.1;35730;;0.0;6.0;1.5722187369244698;17.0;;;0.0;4.0;2.0;14.5;0.8133474349467968;2.8;64534.0;6.0;1.0840470499303452;;1.0;;0.0;13.0;0.24066408805704353;1.0336732727884839;2.0;1.534745975273101;39.0;-0.5574887210435456;0.0;1.0;-4.06;88703;-1.104608610837818;1.0;;0.7336153696269838;76201;-1.0709502386249343;0.0;15.5;Dropout
8.0;0.0;0.0;-0.5447064227443507;0.0;7.0;37.0;2.0;1.0440286746074332;118.7;;0.5535405049710949;25207;1.0;-0.28916439841061226;0.0;126.0;45436;9500.0;0.0;7.0;-2.727491521928071;0.0;1.0;;1.0;;1.0;0.0;0.7952230468450979;-0.3;94998.0;53.0;-0.8986400523919903;1.0;0.0;0.5058970600029105;0.0;0.0;-1.1696204681748614;0.9302092066231201;0.0;-0.5654267188476655;1.0;-0.4541261638378336;0.0;;0.79;55932;1.114109541767981;1.0;19.0;-0.8425379815202844;78337;-0.06949695478649319;0.0;13.9;Dropout
6.0;0.0;6.0;1.7406691833348253;0.0;9.0;37.0;1.0;0.20855210561587617;150.8;;0.4321836246602423;65984;1.0;0.48117408867453765;0.0;163.0;56046;;1.0;;-0.6108354062237965;13.0;37.0;6.0;1.0;9.0;;16.0;1.538319636632596;2.8;31392.0;63.0;;1.0;0.0;0.6789965257424327;0.0;8.0;0.5015055532044023;-1.1850213123244968;0.0;-0.3717907439956959;17.0;-1.4125004006152988;14.5;14.0;-4.06;24629;-0.3127783374173304;;19.0;0.11009759521456082;88743;2.1333307304321942;0.0;15.5;Graduate
5.0;;5.0;0.42912527721708443;;7.0;1.0;1.0;0.3763119700637755;131.1;0.0;0.00809781134885869;29463;1.0;-0.5857115289891855;0.0;137.0;34540;9147.0;0.0;5.0;-1.5278906735871056;7.0;3.0;5.0;1.0;3.0;1.0;13.6;-0.04920946293737541;1.4;;80.0;-0.8796242873790703;1.0;0.0;-1.2453155090501393;;5.0;-0.9922129187574793;-0.20581099943868456;0.0;1.4591339927161215;17.0;-0.2861131818665387;12.6;1.0;3.51;72044;-1.6242268310409238;1.0;19.0;2.142787106201938;87606;-0.672578084039498;0.0;8.9;Graduate
5.0;0.0;;-0.700153526085253;0.0;9.0;37.0;1.0;1.1087366762686228;134.6;1.0;-1.5265957333647167;39129;1.0;0.14687517312181853;0.0;150.0;48362;9147.0;1.0;5.0;-1.3693775580968974;5.0;37.0;5.0;1.0;9.0;1.0;13.6;0.5301579094915613;;93018.0;68.0;0.15338059690605266;;0.0;-0.9233463924596346;0.0;7.0;-0.6585530276812745;0.30217513022301384;0.0;1.294700769830238;1.0;0.5450342885346998;13.0;103.0;-3.12;29500;-1.822234714460711;1.0;20.0;-0.5000135202502968;53003;0.49527399958549556;0.0;9.4;Graduate
6.0;0.0;0.0;0.3422895539486438;0.0;90.0;3.0;1.0;-1.1112099280024825;123.5;0.0;-1.3015973511105925;76069;0.0;-1.44246685084566;;133.1;75265;8014.0;;1.0;0.9857350954427524;;19.0;0.0;1.0;90.0;2.0;0.0;-0.7365492855629082;1.4;;74.0;1.4025288527710644;0.0;0.0;1.547019907055494;0.0;0.0;-1.3653476647851506;0.4430524404013929;1.0;0.9340655133607354;39.0;-0.06602170513374042;0.0;1.0;1.74;66690;1.334174626298203;19.0;50.0;0.853826240706514;38162;0.2601354076013511;0.0;10.8;Dropout
10.0;0.0;8.0;-0.9248544389096204;1.0;;19.0;1.0;2.4982112022383007;130.0;;-0.7809819511515705;21073;0.0;1.087087189252434;;130.0;95566;8014.0;0.0;12.0;-0.5318855929429549;12.0;;11.0;;10.0;1.0;14.0;-0.9647950102675675;-0.3;87403.0;97.0;0.547159994378064;1.0;;0.29043551568354414;4.0;11.0;-0.15654147458441145;0.11587594936789411;0.0;-1.7114711213697023;7.0;-1.0993684032486915;14.625;1.0;;23508;1.4533573417059495;40.0;23.0;0.5238044461370118;24895;-0.5895199002655438;0.0;13.9;Dropout
5.0;0.0;0.0;0.2577790799935921;0.0;4.0;1.0;1.0;-0.5125851305276068;120.0;1.0;-2.1390047235719316;39704;;-0.1044110411356732;0.0;133.1;84026;9085.0;0.0;5.0;-2.333697974688466;12.0;1.0;0.0;0.0;4.0;2.0;0.0;1.764828784603602;-0.8;23463.0;45.0;-2.176962579859716;1.0;1.0;;0.0;8.0;1.0644732600673101;1.4291862820848478;4.0;-1.258455237058941;39.0;-1.5230193324683148;0.0;1.0;-3.12;13533;-0.56908251730049;9.0;;-0.16376590870295216;19119;0.161133351784875;0.0;9.4;Dropout
8.0;;6.0;-0.22569778966651047;0.0;9.0;1.0;1.0;-0.3509649215689761;140.0;0.0;1.408030729905615;42123;;1.1588008606340119;2.0;140.0;16859;9500.0;0.0;7.0;-0.1584390502327751;8.0;1.0;;1.0;5.0;1.0;14.35;-0.8121187873570754;0.3;65701.0;85.0;0.6486250001408866;0.0;0.0;-0.12634701112754376;3.0;10.0;0.22669498916318015;-1.2956460106700902;0.0;1.120508088019221;7.0;2.111845935480567;14.583333333333334;1.0;-0.92;50099;-0.21214464898110072;3.0;;0.22165509290939184;84421;-0.44783466209495515;0.0;16.2;Dropout
5.0;0.0;0.0;-0.8268711683934579;0.0;9.0;37.0;1.0;-1.2119009746737657;;0.0;0.3677032291797136;95166;0.0;-0.2011361778416194;0.0;140.0;63037;9991.0;0.0;5.0;2.0358594884606926;5.0;37.0;0.0;0.0;5.0;1.0;0.0;0.6413120769528883;;18519.0;51.0;-0.4420900545866694;0.0;;1.0862369048328389;0.0;5.0;-0.44182090649650346;-0.24025083398316924;0.0;0.31789018945904873;;0.3251607530414996;0.0;1.0;-4.06;63281;-1.7823589544627456;1.0;37.0;1.7526199245394292;99990;-0.3578047901165117;0.0;15.5;Dropout
5.0;1.0;3.0;-0.839441394536978;0.0;0.0;38.0;1.0;-1.182150807954398;122.3;0.0;-0.029961048399121757;80998;1.0;-0.13619970878397838;0.0;137.0;51285;;0.0;;-1.8066911968238026;5.0;19.0;;1.0;90.0;1.0;12.6;0.5310427995074826;2.6;44446.0;34.0;;0.0;0.0;;0.0;;0.10914631810118866;-1.687772100038897;0.0;-0.7777347234675455;17.0;-0.8240691695998863;13.0;;0.32;23952;0.7620409457167796;1.0;19.0;0.5535971465793009;67894;-1.6612719027731333;;7.6;Dropout
8.0;0.0;;2.4349342581630844;0.0;4.0;1.0;3.0;0.9740340688897365;131.1;0.0;-2.1902358192678286;43522;1.0;-1.2123174282919575;0.0;136.0;56994;9500.0;0.0;7.0;0.53293737547147;9.0;19.0;6.0;1.0;9.0;;13.411428571428573;1.1749808943372717;2.8;12724.0;4.0;-0.14950017533501367;1.0;0.0;-1.4660817622396431;0.0;12.0;0.10361397213421711;0.6212488102038947;0.0;-0.3445588908290005;1.0;0.4617834597028763;13.294444444444444;1.0;-4.06;80637;-0.02838048350362672;1.0;19.0;0.7098186232612629;97393;-0.024436234866321675;0.0;15.5;Enrolled
5.0;0.0;4.0;0.09139228170168794;0.0;;1.0;1.0;2.2701932776422518;;0.0;-1.8238708550204004;64743;1.0;0.7597569730181432;0.0;128.0;81235;9670.0;0.0;5.0;1.5677038118137505;5.0;1.0;4.0;1.0;2.0;1.0;15.0;-1.6582006485990783;;;25.0;;1.0;0.0;1.6342838436718925;0.0;5.0;0.0660686839264923;0.5546194474402841;;1.1109854320988037;1.0;2.1891860778060868;13.75;1.0;;68577;-1.5522772485686136;1.0;20.0;1.6008622962517562;37672;0.8990935066225507;0.0;;Dropout
5.0;0.0;4.0;-0.4317391646291971;0.0;9.0;37.0;1.0;-0.5672401108083478;130.0;0.0;-0.0023413881869583275;31593;1.0;-0.8758399540230916;0.0;130.0;39420;9085.0;0.0;5.0;-0.04942267967736986;13.0;19.0;4.0;1.0;7.0;;11.25;0.8912069925461823;3.7;79671.0;37.0;-0.071471591642292;1.0;0.0;0.9661480309986796;0.0;;0.17733443025982318;3.348603365716259;1.0;1.52761021378965;39.0;0.620462359645895;10.5;1.0;-1.7;82037;0.2047407577514541;1.0;28.0;-0.2894104369981684;78113;0.057425774779685516;0.0;12.7;Enrolled
6.0;0.0;0.0;-0.604918599741848;0.0;;38.0;;0.3473165281275181;115.6;0.0;1.970489965483977;81211;1.0;-0.4864223731992286;0.0;133.1;59011;9003.0;0.0;6.0;1.928000319732121;8.0;38.0;0.0;;7.0;1.0;0.0;-0.05803200641519668;;18320.0;41.0;-0.44147010037488016;1.0;0.0;-0.1524752493415862;0.0;8.0;-1.0399943539450265;1.0263596583858323;0.0;-0.0059732873606555;39.0;-2.7870678690285327;0.0;1.0;-4.06;42654;-1.3894357560623771;1.0;;-1.0469149098378452;45728;1.0905077608224298;;15.5;Dropout
5.0;1.0;5.0;0.4711661029025844;0.0;5.0;19.0;1.0;0.22016659571216307;115.8;0.0;-0.6986441958730818;41029;1.0;0.001047186082536809;0.0;121.0;89834;9147.0;0.0;5.0;-0.6598108189614814;7.0;3.0;5.0;1.0;5.0;1.0;;-0.5999091184624037;0.5;92492.0;25.0;0.3077149482220616;1.0;0.0;-1.1917224430867204;0.0;5.0;0.10653836003021079;0.3313651411533551;0.0;-0.6869180063033875;;2.652291687986943;11.6;;1.79;69327;0.5574966800723845;1.0;19.0;1.7683473915902792;44783;0.5803274459450172;0.0;12.4;Graduate
6.0;1.0;5.0;-0.63849603455326;0.0;9.0;19.0;2.0;1.0002445624167586;;;0.863798014412438;91204;1.0;0.12122418368935654;0.0;147.0;60869;9238.0;;6.0;1.4459400382797327;8.0;38.0;6.0;1.0;8.0;1.0;12.714285714285714;-0.2508175117603908;-0.3;85542.0;30.0;-0.8860050469788258;1.0;;1.0540086400609254;0.0;12.0;-1.755248369300389;0.2548950756738367;0.0;-0.2754930546469391;1.0;-1.8492464802903776;11.0;1.0;0.79;96765;-1.0828062730509687;1.0;19.0;0.13652178261843076;67601;-0.05954130633021996;0.0;;Dropout
5.0;0.0;4.0;-1.0946179668937481;0.0;9.0;;1.0;2.218714464517398;;1.0;-0.47990240767496084;90177;;-1.706096940217759;0.0;148.0;59971;9147.0;0.0;5.0;1.2099372215357787;7.0;19.0;5.0;1.0;6.0;1.0;13.4;1.036770787041004;;85584.0;61.0;-1.1247698544713458;1.0;0.0;0.4764275002946196;0.0;;0.5756236084039785;-0.3166109106264459;0.0;1.3430655723183085;51.0;-0.2060119453768321;13.25;1.0;3.51;26403;0.33706916839785284;1.0;30.0;0.8936008501490137;22095;-0.6279255530068186;0.0;;Dropout
6.0;0.0;0.0;-0.0324143969042345;0.0;9.0;19.0;;1.520973417981586;117.4;;0.05523925928886656;32468;1.0;-0.23080586548801652;;123.0;92008;9853.0;0.0;;-0.03253267875588392;;19.0;0.0;1.0;7.0;;0.0;0.7312405173250732;0.6;50253.0;99.0;0.7320818474768084;1.0;0.0;;0.0;0.0;-1.1027491919103805;0.13048769396451143;0.0;1.3235333724027314;18.0;-1.1334043000328504;0.0;1.0;2.02;83492;-0.653032473787109;1.0;19.0;-0.7623291856193604;47102;-0.48626371536140406;0.0;11.1;Dropout
6.0;1.0;6.0;-0.039969089151333945;1.0;171.0;19.0;1.0;-0.2386592809807474;104.0;0.0;1.2146838488929317;46832;1.0;0.7952302186437133;0.0;133.1;12610;9773.0;0.0;6.0;-1.4872041554124842;6.0;19.0;6.0;0.0;163.0;1.0;13.5;-0.12792345800550073;0.6;94566.0;11.0;1.1088395013664296;0.0;0.0;-0.23207807535837705;0.0;6.0;1.1775978301589163;0.27624896159387974;0.0;0.19425473040031502;39.0;-0.7400021099732134;13.0;1.0;2.02;66609;-2.3656991927847506;19.0;24.0;0.38852630524616494;47624;-1.4705104739371213;0.0;11.1;Graduate
7.0;1.0;6.0;-0.41703497822642915;0.0;3.0;1.0;1.0;0.528767635709635;121.7;0.0;-0.3459516301665442;92297;1.0;-0.3783380345239026;0.0;133.1;43811;9500.0;0.0;7.0;-1.001729924926869;8.0;38.0;6.0;1.0;7.0;1.0;12.6;-1.1391074640692798;0.5;98478.0;88.0;0.5800577929164847;0.0;0.0;3.1261729427924885;0.0;9.0;-2.445236263661804;-1.9647593379775552;0.0;-0.5294895505317242;39.0;0.2844096849826374;11.685714285714283;1.0;1.79;75184;0.9961613059349705;1.0;;-1.0969327848618573;48747;-0.2670788900983261;0.0;12.4;Enrolled
6.0;0.0;;-0.8912922794396566;1.0;;38.0;1.0;0.6280578427422266;121.8;0.0;-0.6901049080521332;18649;1.0;-0.2247317542133216;0.0;;54334;9853.0;0.0;6.0;-2.344187087717185;12.0;37.0;;1.0;7.0;1.0;13.5;-1.0685445969116398;1.4;59325.0;54.0;;1.0;0.0;0.016501757414421527;0.0;14.0;1.6744249425267141;0.19691359050699864;;1.0827648441504598;17.0;-2.0710235087986093;10.666666666666666;1.0;;66317;1.0509343891101142;1.0;18.0;0.06373983972809259;74830;0.1459987585641536;0.0;10.8;Enrolled
7.0;0.0;3.0;-0.3909716008034942;0.0;9.0;37.0;1.0;-0.02009063116761963;110.0;0.0;1.4180705541247638;69633;;0.16240605084272658;0.0;133.1;10185;;0.0;7.0;0.594149926513018;12.0;37.0;4.0;1.0;9.0;6.0;11.5;0.7530301599246617;;44065.0;81.0;-0.7400699350164758;0.0;;-0.7419705943356569;0.0;14.0;-1.6392206767779147;0.10100956837474133;0.0;1.6229445436744527;39.0;-0.09024558548958914;12.333333333333334;1.0;-0.92;71983;-0.5217833667464198;1.0;;-0.6479231851782796;35029;1.7154210977992332;0.0;16.2;Dropout
5.0;0.0;5.0;-0.4696373643153294;0.0;6.0;37.0;1.0;-1.0959361334967308;124.9;0.0;0.04555782111359534;56461;;-0.12596043254699904;0.0;127.0;52714;9991.0;0.0;;0.4743005091753844;10.0;37.0;5.0;1.0;;1.0;13.571428571428571;-1.2777424256543939;0.3;78672.0;;-0.6824892331777428;;3.0;-1.0084966253066405;;14.0;-1.1999346291371316;1.7540132767261527;0.0;-1.4535069851478462;17.0;1.147342422741361;12.333333333333334;1.0;;80175;0.2744250454022813;40.0;;-0.8776543349125515;23712;0.5283203232788767;0.0;16.2;Graduate
5.0;0.0;4.0;-0.6083641757329005;1.0;5.0;19.0;;-0.7987762185630215;122.0;0.0;1.091205090586163;60469;1.0;-1.0305155023876045;0.0;;93309;9670.0;0.0;5.0;0.0792174519537196;6.0;19.0;2.0;0.0;5.0;1.0;12.5;-0.11815448824430838;-0.8;13972.0;52.0;0.8903949297504297;0.0;0.0;1.7720989834294196;0.0;6.0;0.29905703794100097;-0.13167175980248472;0.0;-0.23243168050396884;51.0;-0.8432403245875508;10.25;1.0;-3.12;13564;0.43817795148010885;;18.0;-0.3031226693659235;64985;-0.864853980137977;0.0;9.4;Dropout
5.0;;3.0;0.27650006823869727;0.0;;37.0;1.0;1.148152650929215;130.1;0.0;-0.685248893384687;61513;0.0;-0.03634612366690454;0.0;130.0;80939;9991.0;0.0;5.0;-0.12271384656113252;;37.0;3.0;1.0;9.0;1.0;11.0;2.681072127379903;1.4;40303.0;18.0;-0.8250488581415144;0.0;0.0;0.847759489577688;0.0;8.0;0.6187149844245802;-0.7655453538295245;0.0;1.1559590046192088;39.0;-1.3902850599421557;11.25;1.0;1.74;12860;0.47048945213323984;1.0;25.0;-2.2933906429682063;11512;-1.439368275518806;0.0;;Enrolled
5.0;0.0;0.0;2.2262279829742355;1.0;7.0;38.0;1.0;1.2513079958220497;119.9;1.0;1.4066742089609758;55288;1.0;0.9940731700058961;0.0;130.0;12975;9119.0;;5.0;1.3575917467865382;5.0;19.0;0.0;1.0;3.0;;0.0;0.4595608383700958;-0.8;10394.0;26.0;0.8840405096294298;1.0;;1.4074391139172275;0.0;5.0;-0.2833854265160508;0.26853208207996515;0.0;0.07367231540710718;17.0;-0.1393051021557423;0.0;1.0;-3.12;17531;1.7255984995346183;1.0;20.0;-1.159902437777533;98930;-0.20655208720457258;;9.4;Dropout
5.0;0.0;1.0;1.3317651703373652;0.0;4.0;19.0;;-0.20756736483918675;146.4;1.0;0.273627274534611;40854;1.0;-1.0511759472670905;0.0;166.0;88880;9147.0;;5.0;0.2977981679429343;12.0;;3.0;1.0;8.0;;10.0;0.7422492039950045;2.6;78991.0;30.0;;;0.0;0.24818528409215787;0.0;12.0;0.8926060522578717;0.07434807188130446;0.0;-0.48858637190769366;;-0.3383414900513758;;1.0;;93659;0.41679814012023036;1.0;27.0;0.7824141562603282;91362;0.8117644468277492;0.0;7.6;Enrolled
;0.0;4.0;1.9419194692885138;0.0;9.0;37.0;1.0;0.2610553940600878;170.0;0.0;0.43478762621465866;52184;0.0;-0.374481889485818;0.0;120.0;81765;9991.0;0.0;5.0;-0.5546451572045614;12.0;37.0;2.0;;10.0;2.0;11.5;-1.0610352718663285;-0.8;13870.0;31.0;1.2377269815337515;0.0;0.0;1.2540192353327866;0.0;9.0;-0.7965542527560597;-0.13060062312335372;0.0;0.18518810934529917;39.0;-0.595227670334469;11.75;1.0;-3.12;48889;-0.3576571274890048;1.0;34.0;0.347666389547727;44466;-0.22061633669438788;0.0;9.4;Enrolled
5.0;0.0;0.0;-0.5676913090340407;0.0;90.0;19.0;1.0;1.1972638213296438;;1.0;0.1316293114291747;98042;1.0;-1.3816313239350773;;150.0;88953;9085.0;;5.0;0.14722825871345485;10.0;37.0;3.0;1.0;90.0;1.0;14.666666666666666;-1.2273016561724444;2.6;77773.0;89.0;1.0631530789880839;0.0;0.0;-0.8483203895479107;;5.0;-0.39969194678204123;-1.2789888107966088;1.0;0.3707043019693714;7.0;-1.1883460761176137;0.0;1.0;0.32;99213;0.4279161636397303;3.0;24.0;-1.0741869469626075;72998;0.5419841750055955;0.0;7.6;Dropout
;1.0;0.0;1.6746882374711909;0.0;3.0;37.0;1.0;-1.7042688720332984;96.7;1.0;-0.5054749819965015;16650;1.0;0.941381950490345;0.0;133.1;22563;9119.0;0.0;5.0;2.0475051100986446;;38.0;0.0;1.0;7.0;1.0;0.0;0.7958220370380511;0.5;;95.0;0.5426555822812499;0.0;0.0;0.16259098091505825;0.0;7.0;-0.30207794248237124;-0.1560194988093462;0.0;-1.1268373489932375;39.0;0.519184581186122;0.0;1.0;1.79;92322;-0.42994800737373934;19.0;29.0;0.5478735694650663;56706;-0.18112544925218838;0.0;12.4;Dropout
13.0;0.0;13.0;0.22727581636916705;0.0;9.0;37.0;1.0;-0.44635243083885634;132.5;;-0.0016828104949717336;24447;0.0;-0.09235820683787886;7.0;;90722;9991.0;;12.0;0.6221668898415977;13.0;;12.0;1.0;9.0;2.0;12.25;-0.2823519888948579;-0.8;49203.0;12.0;;0.0;0.0;;8.0;13.0;-0.5383958581782503;-0.5791918722340145;0.0;0.09079510219300672;43.0;0.5952635114417304;12.846153846153848;1.0;-3.12;41049;-1.0655539989172016;1.0;37.0;-0.8782130721518852;72444;0.7170004347155992;0.0;9.4;Graduate
7.0;1.0;2.0;0.9863634917197626;0.0;9.0;37.0;1.0;2.017871381482644;120.0;;-0.44259023798936625;14917;1.0;-0.8501996336058633;0.0;133.1;11861;9500.0;0.0;7.0;-0.38991821436585333;14.0;37.0;3.0;0.0;6.0;;11.5;1.1736214815636739;0.3;66787.0;83.0;0.6101283758569072;0.0;;1.3824469318752208;0.0;9.0;-1.9341785743912234;-0.21648149891233123;0.0;0.36733351636194933;39.0;-1.0656467344564875;10.5;1.0;;18462;1.2197403402596758;19.0;39.0;0.7219638704134186;29735;-1.5972580227056612;0.0;16.2;Dropout
5.0;0.0;2.0;0.4577039580481548;1.0;9.0;1.0;;0.2993077162033172;116.2;1.0;0.9595460626447856;66301;1.0;0.09226560014317738;0.0;126.0;13138;9119.0;;5.0;-0.044472443470655446;9.0;1.0;2.0;0.0;;1.0;11.0;0.14313323762451868;2.6;13938.0;16.0;;0.0;2.0;0.31884304014045534;0.0;8.0;-0.02466706650849419;0.7321532231910994;0.0;-0.4908452588868067;17.0;-0.9272536446037599;11.5;1.0;0.32;85860;0.5341604877751113;1.0;21.0;-0.11563907346182578;95245;1.6041821201461004;0.0;7.6;Dropout
8.0;1.0;5.0;-0.3432672162101475;0.0;9.0;1.0;1.0;-1.1292160847034343;;1.0;-0.20305716706866234;39787;;-1.2036002148954528;1.0;;41919;9085.0;0.0;7.0;0.4633787341256838;11.0;1.0;5.0;1.0;4.0;1.0;12.166666666666666;3.5563627855501307;1.4;82999.0;52.0;-0.37325373877359536;1.0;0.0;;;14.0;-0.11500715370273162;-0.6745143392458585;0.0;-0.7794881892809884;53.0;0.13649199400572554;;1.0;;47812;-1.8616195334544845;42.0;22.0;-0.3251231503923271;89328;-1.1124834482237107;0.0;8.9;Dropout
6.0;0.0;3.0;0.7194976186060447;1.0;7.0;38.0;5.0;0.1172822935737143;117.5;0.0;-1.4965072277938996;14042;1.0;-1.0334955314604064;0.0;121.0;83390;9853.0;0.0;6.0;-0.4210860362295192;14.0;;2.0;0.0;7.0;;12.0;-0.4723198153133484;1.4;33963.0;3.0;1.3622242477345088;1.0;0.0;;0.0;14.0;1.078182763710338;-0.22123248299954265;0.0;-0.5378875899243727;18.0;-0.964971658087667;11.666666666666666;1.0;1.74;36807;-0.683665468585005;1.0;20.0;-0.09106362372745465;56862;0.7937323297297773;0.0;10.8;Dropout
5.0;0.0;0.0;0.4849305536184757;0.0;0.0;34.0;5.0;1.0214355922682763;;;-1.6794237349892838;28319;1.0;-1.4601335298517806;0.0;;87764;9853.0;0.0;6.0;-0.5095445347890393;9.0;34.0;4.0;;0.0;1.0;12.75;0.3891315291894291;-0.8;85825.0;73.0;-0.15133566950972718;1.0;5.0;-1.6764132024602407;0.0;5.0;-1.2859444157038942;0.5412049669414887;1.0;-0.9709126137375748;43.0;0.17866198269678846;0.0;1.0;-3.12;81451;0.7576409855887405;;28.0;2.559528456665708;88973;-0.2721839946689551;0.0;9.4;Dropout
5.0;0.0;0.0;-1.7681864994128955;0.0;7.0;1.0;;-2.546532937328582;132.4;1.0;-1.7267181523204245;33408;1.0;-1.0667792375574;0.0;146.0;67001;9119.0;;5.0;-0.011321970470049783;5.0;37.0;1.0;1.0;7.0;1.0;16.0;-0.7941456625874695;-0.8;89665.0;33.0;-0.5294489169497415;1.0;0.0;-2.3209687332702673;0.0;5.0;-0.6394073240696911;-0.26940228412243483;0.0;0.8506205514933302;18.0;1.4680465286160624;;1.0;-3.12;53381;-1.5638245855746444;1.0;18.0;-0.7588015195223506;38626;-0.11582790036690063;0.0;9.4;Dropout
8.0;0.0;7.0;-0.12412423111312818;0.0;9.0;19.0;6.0;0.17628581719109268;124.8;;0.6179707575539414;17794;1.0;1.3573375839998063;0.0;138.0;13324;9500.0;0.0;8.0;1.5190901151819494;8.0;;7.0;1.0;5.0;1.0;13.414285714285716;1.1320800106524298;;59568.0;88.0;1.1240561679269667;1.0;;0.8313413701082871;;8.0;1.2034912255235453;2.60918598719949;0.0;-0.9836401150326509;1.0;-0.05982268122831417;13.414285714285716;1.0;;38781;-0.7529331925029196;;18.0;0.22655866626637872;80706;-0.24110190597014827;0.0;12.7;Dropout
10.0;0.0;3.0;0.8724041865782796;0.0;5.0;37.0;1.0;-0.37241455459248757;108.3;0.0;-1.1515043113734442;79028;1.0;-0.733118331282596;4.0;110.0;88660;171.0;0.0;9.0;0.7909765131638664;9.0;37.0;4.0;0.0;6.0;1.0;;0.5405123938742858;0.5;62853.0;65.0;-0.4050926902778047;0.0;0.0;-0.37474388630634403;3.0;12.0;0.29328886128435216;0.2488665009130547;0.0;0.18904329953614543;44.0;-1.2136163674392415;11.0;1.0;1.79;45682;2.6615096181330298;39.0;26.0;0.7813687094923709;91847;0.2556045850514932;0.0;12.4;Dropout
6.0;0.0;4.0;0.27742161319388803;0.0;3.0;39.0;2.0;-1.6419981264369476;134.2;1.0;0.3000857758385668;12199;1.0;0.4662251226514788;0.0;152.0;33640;9070.0;0.0;6.0;-0.4095288614609081;7.0;39.0;5.0;1.0;3.0;;11.8;-0.8611898534143274;2.8;;51.0;-0.5794932206226927;1.0;0.0;-0.2614172989802677;0.0;9.0;0.549379686156372;-1.241897032275837;0.0;-0.37419896751268694;17.0;0.39210349732174843;12.0;1.0;;93643;-0.3310838862050807;1.0;20.0;-0.9624128490889345;72644;0.45752454328089504;0.0;;Enrolled
5.0;0.0;;0.4694709709977961;;9.0;;2.0;0.08192725513030905;120.0;0.0;0.13657451749141328;89449;0.0;-0.8363014199559217;0.0;150.0;77024;;0.0;5.0;0.8690129272813477;;37.0;3.0;1.0;9.0;2.0;;-0.21728489411342772;-0.8;46457.0;66.0;-1.127154102233821;0.0;0.0;;1.0;10.0;0.45343362333953136;-0.8393027430764312;0.0;-0.7061843540614817;39.0;-0.17765472951961592;12.5;1.0;-3.12;37217;1.082693788082359;1.0;43.0;-1.5942578374059322;98722;1.0583615118230683;0.0;9.4;Enrolled
;1.0;0.0;-0.7514238271449489;0.0;9.0;1.0;4.0;-0.13648023176044785;;0.0;-0.06470859490977714;98053;1.0;0.7595337457632192;0.0;133.1;35114;9238.0;0.0;6.0;0.008573411840353923;12.0;19.0;6.0;1.0;;1.0;11.666666666666666;1.4718347735005264;2.8;45784.0;41.0;-0.8201760214123419;1.0;0.0;1.397010385044599;;7.0;0.45787164743455405;-0.9399347885873346;0.0;1.3713276247088164;17.0;-0.15015703749131398;0.0;1.0;;94122;1.5004669982561014;1.0;19.0;-0.6010981429621729;29271;1.4079488825973783;0.0;15.5;Dropout
14.0;0.0;;0.2562106064046811;0.0;9.0;37.0;1.0;-0.024090252197638936;103.8;0.0;0.43840520338236943;92541;0.0;-1.0260820009313156;;;60919;9991.0;0.0;15.0;0.34458834765612395;15.0;37.0;14.0;1.0;9.0;2.0;11.071428571428571;1.351709105372455;-0.8;95264.0;90.0;-0.7343893405826645;0.0;1.0;0.534487954827583;12.0;16.0;1.8210499948476817;-0.8250262863490305;0.0;-0.13078347862582893;43.0;0.4753228728787888;11.333333333333334;1.0;-3.12;63028;-0.908497429440095;1.0;28.0;0.7594632011088679;11841;0.3318215467767024;0.0;;Dropout
;0.0;4.0;-0.0963426111909388;0.0;3.0;3.0;3.0;-0.34826062024476284;125.4;1.0;0.1583035370905262;29088;1.0;0.03922792776175646;0.0;138.0;18532;9119.0;;5.0;0.2536238214523404;10.0;3.0;;1.0;4.0;1.0;13.333333333333334;-1.314395639265646;;46350.0;68.0;0.621047522315453;1.0;0.0;1.9280728302178118;0.0;9.0;0.09154065798031732;0.5369781182194182;0.0;-0.6693994267666018;17.0;0.6910374027783259;10.75;;3.51;15127;0.2663652877969503;1.0;19.0;-0.34200345172828295;57394;1.7136742391683042;;;Dropout
6.0;0.0;4.0;-0.2034532346031078;0.0;9.0;37.0;1.0;-1.02133755195414;139.4;0.0;-2.70972974278095;30554;1.0;0.05285130986894881;0.0;145.0;99792;9238.0;0.0;6.0;-2.1102569754710068;12.0;34.0;2.0;;7.0;2.0;11.0;-0.3659696437322058;-0.8;42979.0;69.0;-1.0190723053519766;;0.0;0.5026891340572774;0.0;14.0;-1.0113432768427388;-1.1065094563007638;0.0;-0.7651186994914063;1.0;0.03550216547330453;;;-3.12;20158;2.0588204217713244;1.0;27.0;-0.2311059313610249;39760;0.09297254282247792;0.0;9.4;Dropout
5.0;0.0;1.0;-0.6792564280333756;1.0;90.0;19.0;3.0;-1.4548028335982468;130.0;0.0;-0.3236252408484902;98621;1.0;2.3278053364265916;1.0;130.0;18330;9130.0;0.0;5.0;-3.047435994744432;6.0;37.0;2.0;0.0;;1.0;11.5;1.9213967562969676;3.7;10533.0;11.0;-1.8578388759018272;0.0;;0.30221346357999473;0.0;5.0;0.6387974862278913;-0.33120575633522825;0.0;0.3390647287524973;7.0;-0.06068031670928348;11.0;1.0;-1.7;65475;0.45952473647458275;3.0;27.0;0.9107696512920799;67528;1.077440362252924;0.0;12.7;Dropout
6.0;0.0;5.0;0.9148623546631615;0.0;9.0;38.0;1.0;-0.6906899402746245;115.0;0.0;0.42510313406343103;66061;0.0;0.6304252879801651;0.0;115.0;96036;8014.0;0.0;6.0;0.2266214208084252;8.0;38.0;5.0;1.0;7.0;1.0;12.8;-0.06717780069472265;-0.8;39527.0;88.0;0.3032298005614879;;0.0;0.24038882250459914;;8.0;-0.566551674227108;1.1427469082606831;0.0;0.8265878605415744;1.0;2.0635414904733906;;1.0;-3.12;22315;2.365518690591278;1.0;28.0;-0.8063430794948594;42616;0.4287196729061473;0.0;9.4;Graduate
7.0;;0.0;0.3454685828456818;0.0;4.0;19.0;1.0;0.8592521140760645;100.0;1.0;1.6402828107549985;59004;1.0;-0.5929040143292734;0.0;133.1;91735;9500.0;0.0;;-0.852861267836985;7.0;19.0;5.0;;4.0;2.0;13.06;0.2834225145492587;0.3;32469.0;55.0;-0.6339512921642927;;0.0;-1.2854955621336164;0.0;9.0;-0.10993697641829091;-0.5197721545522586;0.0;1.2707548298428364;;1.200553998907298;0.0;1.0;-0.92;23101;-0.6368916168105878;19.0;33.0;-0.08875531114611628;88185;-0.5492046314253658;0.0;16.2;Enrolled
6.0;0.0;2.0;0.24454777493934451;1.0;;3.0;1.0;0.23307029372674537;105.0;;1.6864576165824976;87833;1.0;0.6850489636505139;2.0;;23515;9085.0;0.0;6.0;-1.6392625897743716;;19.0;3.0;0.0;6.0;1.0;11.333333333333334;1.126931916660077;-0.3;79343.0;71.0;-0.016266917876229598;0.0;0.0;0.9559986056401223;0.0;8.0;0.3701810017557189;0.6714865628096328;0.0;-0.1676562575188339;43.0;0.8335461180651682;11.5;1.0;0.79;51660;1.7970970775225346;1.0;34.0;-1.5138410413168188;20010;0.18123415437984366;0.0;13.9;Dropout
6.0;0.0;;2.0507846624915773;1.0;;37.0;2.0;-0.06917332944659019;122.6;0.0;-1.3631505135852566;27264;1.0;2.138174470485208;0.0;125.0;72575;;0.0;6.0;-0.8220093221674613;8.0;37.0;4.0;0.0;8.0;1.0;11.75;-1.232161706298422;0.6;55018.0;5.0;1.2824159757662317;1.0;0.0;-2.445466020015286;0.0;6.0;-0.8213543152188554;-1.6829702538103308;0.0;-0.22773102870650314;17.0;0.1312059458801964;13.166666666666666;1.0;2.02;49690;0.016673988306843534;1.0;;0.3207190607257957;96735;0.5031718775091251;0.0;11.1;Dropout
6.0;0.0;;0.473799169517463;0.0;7.0;37.0;;-1.0397681490714896;132.0;1.0;-0.34972529931277313;46551;1.0;-1.629636090484295;0.0;133.1;40954;9773.0;0.0;6.0;0.9246425286945944;10.0;37.0;4.0;1.0;4.0;2.0;11.75;-0.839697497429398;2.8;41977.0;3.0;0.07154474615866481;;0.0;;0.0;7.0;-0.510294747819768;-0.37061505412399204;0.0;0.1309543543732453;39.0;-1.0057432358949738;0.0;1.0;-4.06;94720;-0.3274800670079895;1.0;43.0;0.22950707456841016;29941;-0.03219813140260729;0.0;15.5;Dropout
7.0;0.0;4.0;1.2004966876433938;0.0;5.0;37.0;1.0;-0.37391493285421107;130.0;1.0;-1.5661148137079979;23076;0.0;-0.8424820425687267;2.0;130.0;38002;9991.0;0.0;6.0;0.3578256868236919;;37.0;4.0;1.0;5.0;1.0;12.5;-0.22369908321664078;-0.8;94043.0;64.0;1.5096211154228414;1.0;0.0;0.022930350567612473;3.0;7.0;0.4758485710704116;-0.885945387440795;0.0;0.16712466459807623;44.0;1.1273863859339939;11.0;1.0;-3.12;90801;0.6400406915527936;39.0;32.0;0.7955362981672176;39412;0.4128565179975563;0.0;9.4;Dropout
;0.0;3.0;0.27293282756109766;0.0;2.0;3.0;3.0;0.7371575583572125;129.8;1.0;1.519885075110083;81906;1.0;-0.23689755911329374;0.0;135.0;39470;9773.0;0.0;6.0;0.7717612028199144;6.0;1.0;5.0;1.0;4.0;1.0;12.8;1.3046236198552499;2.8;;29.0;-0.06814687103200706;1.0;0.0;-0.7897623234133629;;11.0;-0.548644971209072;0.29977095659229863;0.0;-0.7720566813438735;1.0;0.14429414671802135;12.75;1.0;-4.06;93693;-0.11145846275475747;1.0;20.0;-1.145256131671386;12201;0.8653629593268948;0.0;15.5;Graduate
6.0;1.0;3.0;-0.35316368801169146;1.0;9.0;19.0;1.0;0.5047837624854907;;1.0;1.0128562081485508;28072;1.0;-0.41708822714195104;0.0;120.0;31448;9773.0;0.0;6.0;0.45309555769896365;11.0;37.0;5.0;0.0;9.0;1.0;;1.1197653482522973;-0.3;47423.0;15.0;1.0069564813565097;;0.0;-0.4517559230728214;0.0;15.0;0.9733853159903573;-1.0347781277086976;0.0;1.4624119799360813;1.0;-0.5771690138231336;12.0;1.0;0.79;16602;-0.08456876836956581;1.0;;-0.1918875807724168;71081;-0.023373141995892747;0.0;13.9;Dropout
6.0;0.0;0.0;-1.059137321644359;;5.0;19.0;;-0.4771988697727153;131.0;1.0;0.3505878868631747;21855;1.0;-0.3327566983298747;0.0;117.0;96519;9070.0;;6.0;-0.9188319853984771;6.0;;1.0;0.0;5.0;1.0;;0.8197663671870976;-0.8;75020.0;43.0;-0.5474272320871467;1.0;7.0;1.8393755662272286;0.0;7.0;-0.9861575978626317;2.0696568802183926;;0.022221756838757645;;-0.2431404535876946;;1.0;-3.12;82329;0.48519261912768863;;21.0;-1.2784703604581868;72676;-2.943887668682481;0.0;9.4;Dropout
5.0;0.0;2.0;0.24139012799778153;0.0;;1.0;5.0;-2.611402151467802;129.2;;0.16609486126021009;42739;1.0;-1.304232265593243;0.0;133.0;13859;9147.0;0.0;5.0;0.7765448419411262;9.0;1.0;2.0;1.0;4.0;1.0;11.0;-0.039159948670769135;2.6;33505.0;97.0;0.10769065038556988;1.0;;1.1040238857816786;0.0;12.0;-0.9895243764115682;-1.6393848940848423;0.0;0.5347400088825501;17.0;-0.9661825662381481;10.0;1.0;0.32;94361;-1.807734043306458;1.0;19.0;-0.24610668615579886;93652;1.6782701514933709;0.0;7.6;Dropout
6.0;;2.0;-2.663489537956507;;;19.0;1.0;-0.6748476301615814;140.0;1.0;1.3806311003494742;60795;1.0;1.4039560535500122;2.0;;41885;;0.0;6.0;0.5857396653217134;10.0;37.0;4.0;1.0;7.0;1.0;12.5;1.2295697376796937;0.5;48710.0;22.0;-0.9329680026204564;1.0;0.0;-0.6858276808067391;;16.0;1.9060558657553222;1.1357811438787417;0.0;0.4244545644221665;44.0;1.057329042985862;12.0;1.0;1.79;65060;-0.7986561854224704;39.0;19.0;1.4817880754412247;19621;-0.29759143022032863;;12.4;Dropout
;0.0;4.0;0.2724670758911905;0.0;9.0;38.0;1.0;-0.48269451761063775;132.1;0.0;1.211325194760139;28449;1.0;-1.4226085984766192;0.0;151.0;42290;9147.0;0.0;5.0;-0.1174833139336795;7.0;37.0;2.0;1.0;8.0;2.0;;-0.05264523083831041;2.6;;86.0;-0.8141991072513939;;0.0;-0.46956651097237645;0.0;6.0;-1.5302264415929525;0.8782770856042484;0.0;0.40393297872749906;1.0;0.6830370831217859;;1.0;0.32;99500;0.7226430604933176;1.0;34.0;-0.3207527559739828;53416;-0.8232802208322978;0.0;7.6;Dropout
5.0;0.0;;0.31539839299486344;0.0;9.0;37.0;1.0;-0.9071059377027617;140.0;1.0;1.158044696656121;91000;;-0.20021280962249907;0.0;130.0;47700;9991.0;0.0;5.0;0.05884018857862683;;37.0;;1.0;9.0;2.0;11.0;0.6779680123724077;-0.8;39005.0;2.0;-0.2246664296224891;1.0;0.0;-1.2770039485518438;0.0;;-0.02671652899829002;0.30986115653000323;0.0;-1.0040967655580653;39.0;0.18163246152835105;13.0;1.0;-3.12;82258;0.9915304215758852;1.0;31.0;-1.3659198242449033;89885;-1.1241102956528177;0.0;9.4;Dropout
6.0;0.0;4.0;-0.21756757984707753;0.0;5.0;;2.0;-0.41317578313970504;111.5;0.0;0.4566798597822596;84521;1.0;1.0458305917606978;0.0;133.1;37101;;0.0;6.0;0.7924658566845225;11.0;37.0;3.0;;0.0;1.0;;1.0120389753946053;;;59.0;-1.328534054563621;0.0;0.0;0.704993786006137;0.0;11.0;1.8514838475629;0.054433253511990916;0.0;-0.0064004825718728;;-0.04278557362527005;13.5;1.0;0.32;70321;0.3572277083999915;1.0;;-0.6798792649748162;12710;-0.33644590233364485;0.0;7.6;Dropout
;0.0;2.0;-0.0923663609253804;1.0;9.0;38.0;;0.8165501281952182;122.9;;-0.34922829951416257;92790;1.0;-0.03018485714585262;;133.1;69729;9670.0;0.0;6.0;-0.7494493157116225;7.0;19.0;3.0;0.0;8.0;1.0;14.0;1.7968200675106465;-0.3;11384.0;36.0;0.1593599717388659;0.0;0.0;-0.24974245041047577;0.0;9.0;-0.02859144789927242;1.854958670656575;0.0;2.2807442904271404;39.0;-0.6806688772498428;14.5;1.0;0.79;46515;0.27587055018568085;1.0;25.0;-1.6109518334172113;62557;-0.562747831316982;0.0;;Dropout
5.0;0.0;4.0;-1.2511695180590927;0.0;3.0;;1.0;-0.037296452956514285;132.9;0.0;0.7671248320175574;43032;1.0;-0.979394166902769;0.0;;92536;9147.0;0.0;5.0;1.0878829649820752;5.0;37.0;3.0;1.0;5.0;1.0;11.666666666666666;0.043675415418173304;;;;-0.3027599821945474;1.0;0.0;-1.9664664708945478;0.0;10.0;1.3467706690639987;2.4709638894112205;0.0;1.5871687179536569;17.0;-2.1300726437585205;10.8;1.0;-3.12;42064;0.4023421228016666;1.0;19.0;-1.2957728788072194;30684;-0.7370094638846911;0.0;9.4;Dropout
7.0;;;1.3856036200707256;0.0;;1.0;1.0;0.9896960479049417;126.0;1.0;0.8160419052551146;44971;1.0;-1.3486756563739577;0.0;110.0;69999;9500.0;0.0;7.0;0.5650939646483766;7.0;37.0;7.0;1.0;9.0;1.0;14.085714285714284;-0.2626102209464174;2.6;87450.0;10.0;0.23457993111694753;1.0;0.0;0.10078359181005818;0.0;7.0;0.6524748644050148;-0.20726668827278216;0.0;0.15700766066935012;;-1.4129268966600668;14.085714285714284;1.0;0.32;45551;0.9577984191847956;1.0;27.0;0.6709869474954;42053;-0.6821262698445731;0.0;7.6;Enrolled
;0.0;4.0;-0.33725095610952555;0.0;9.0;;1.0;-1.5083720856454044;100.2;0.0;-0.1906374695919598;57424;;-0.22999919602778213;0.0;133.1;29845;9670.0;0.0;6.0;0.002257896705598905;9.0;;3.0;0.0;9.0;1.0;11.75;1.395075362788366;0.3;70154.0;57.0;-1.313190984525511;;3.0;0.43897888360182563;0.0;11.0;-0.007201884234801467;0.15776937378414446;0.0;-0.36686445101509413;39.0;-0.7426453395192898;11.5;1.0;-0.92;32590;-1.4262280038595097;1.0;26.0;-1.4462832373621035;78015;0.5297428240598223;0.0;16.2;Dropout
5.0;0.0;1.0;-0.9720927464033672;0.0;9.0;38.0;1.0;-0.30506405795494373;121.7;1.0;-0.3512489188342415;91869;1.0;-0.7570295658504664;0.0;136.0;99724;9119.0;;5.0;1.5312364045611304;10.0;38.0;0.0;1.0;;;0.0;1.4718525786825125;2.6;57402.0;31.0;0.7017323106510913;1.0;3.0;0.9631409731750529;0.0;11.0;-0.13064526146287425;-0.5524002177529503;0.0;-2.2177795907900246;1.0;-0.892966382013853;12.0;1.0;;62071;-0.509473990046832;1.0;18.0;0.31232859035487776;82799;2.0303634410031015;0.0;7.6;Dropout
;0.0;;0.5446610652334899;0.0;4.0;12.0;;-1.9390221108450003;134.8;0.0;1.1333132695582098;55110;1.0;0.20523109170297799;0.0;133.1;46462;9853.0;0.0;6.0;-1.2943315683170133;12.0;1.0;0.0;1.0;0.0;1.0;;-0.44337449239031573;2.6;90413.0;;1.6976136654713927;1.0;0.0;-0.07335479457677492;0.0;12.0;-2.1193174141427438;-1.16928739792469;;-0.4973361802212602;17.0;0.2893606246160652;0.0;1.0;0.32;48934;-0.07442908252874762;;18.0;0.0257426758825733;10518;0.8205715980149013;0.0;7.6;Dropout
5.0;;0.0;0.11075610779033367;1.0;5.0;19.0;4.0;-0.4265775298368483;120.4;1.0;1.6641161087696066;44960;1.0;-1.4014511477241796;0.0;127.0;37908;9119.0;0.0;5.0;-0.46018477236839717;12.0;19.0;0.0;;5.0;1.0;0.0;-1.005033731864265;-0.8;86619.0;87.0;1.486533099255932;1.0;0.0;-0.3726711627863816;0.0;8.0;-0.3191116598853623;0.46311275426457477;0.0;-0.0784191075724209;17.0;0.811493741973321;0.0;1.0;-3.12;36763;0.19578969570162097;1.0;18.0;-0.5315282490933342;68559;1.1225981847545703;;9.4;Enrolled
5.0;0.0;3.0;-0.35833478452759104;0.0;9.0;37.0;1.0;-1.0456574552976734;119.9;0.0;-0.7493957809147662;69357;;0.8130357368876219;0.0;120.0;71380;9991.0;;5.0;-0.6822507989349265;9.0;;2.0;1.0;9.0;2.0;10.5;1.3190344661661122;3.7;52200.0;97.0;1.9039065295348916;0.0;0.0;1.986264680489528;0.0;;0.23221850583119408;0.2496224029853761;0.0;-0.3173164602261435;39.0;-0.1284392189010354;11.0;1.0;-1.7;26184;-2.109638751349016;1.0;;0.22734998005777673;45479;-0.37741003144673896;0.0;12.7;Enrolled
;0.0;0.0;-0.46403336552744057;1.0;9.0;;1.0;1.2812528334283821;105.3;0.0;-0.2633766754479744;21934;0.0;0.11554952316446464;0.0;133.1;97725;;0.0;5.0;0.35809104640766465;;37.0;2.0;1.0;;1.0;10.5;-1.5417273735953745;;65605.0;33.0;0.042430994583139106;;0.0;0.0065861560995518365;0.0;6.0;0.23166290969257514;-1.6102212863850438;0.0;-0.24768242071085064;39.0;1.4089169351214348;0.0;1.0;1.79;56444;-1.2573935693045972;19.0;28.0;-0.9376615093472555;77771;0.10466536555057791;0.0;12.4;Dropout
5.0;0.0;0.0;-0.005638692741311581;;9.0;19.0;1.0;0.4097120058435059;139.3;1.0;0.35093307645469796;99765;1.0;0.189836394352477;0.0;147.0;38905;9147.0;0.0;5.0;1.1824130651008447;0.0;1.0;0.0;1.0;7.0;1.0;0.0;-1.5928014285416519;;94478.0;;-0.35232785333659916;1.0;0.0;0.7195618315979349;0.0;0.0;2.465858757153896;0.45600198518966306;0.0;0.6224313498578122;18.0;-0.7828977195866305;0.0;1.0;1.79;11805;-0.016660476090602703;1.0;20.0;0.8408444008270465;85730;0.4264824042302869;0.0;12.4;Dropout
10.0;0.0;;1.3458159705353656;1.0;9.0;;;1.0148294955930137;150.0;;0.4865989977486106;71984;1.0;1.441076778240017;5.0;;28063;;0.0;11.0;-0.9830219390269316;14.0;38.0;11.0;0.0;9.0;1.0;15.090909090909092;-0.1682951148087099;0.6;;8.0;;0.0;0.0;-0.5395396433762586;;11.0;0.28095806614950547;0.2831398530560002;0.0;-1.0003557243905883;39.0;-0.135537126748278;;1.0;2.02;43618;1.013140718400172;1.0;28.0;-0.6983402985723312;88998;-0.6595578936427701;0.0;;Dropout
5.0;0.0;2.0;0.4695464104865435;0.0;0.0;34.0;1.0;-0.42934782527292964;140.0;1.0;-0.5223663592412943;49920;1.0;-0.43779549837186593;0.0;120.0;80359;9119.0;0.0;5.0;3.305498067237659;14.0;;1.0;1.0;0.0;2.0;18.0;0.10243971572915438;-0.8;80040.0;82.0;-0.23821976916259646;1.0;0.0;0.6899096516358328;0.0;9.0;0.6301453207938449;-0.6012446875415921;0.0;0.27265171612898786;39.0;-0.05098717927759595;13.0;;-3.12;15646;-0.4190399462296813;;33.0;-0.38636688860688695;19205;-0.42573007054911716;0.0;;Dropout
6.0;0.0;6.0;-0.034408280507489224;0.0;5.0;1.0;3.0;-1.019718097116643;135.0;0.0;1.883520630344044;18124;;-0.725816694733224;0.0;135.0;52945;9773.0;0.0;6.0;-0.6627562966884569;6.0;19.0;;1.0;7.0;1.0;13.5;-1.0599521662771993;0.5;42684.0;4.0;;0.0;0.0;-1.455628992404098;0.0;6.0;1.164963167409901;-0.6665226608788296;0.0;-0.11025886446707536;17.0;1.0921863288344187;13.333333333333334;1.0;1.79;40202;-0.6668900940585202;1.0;18.0;-0.5053510053971071;82689;0.8545519583330766;0.0;12.4;Enrolled
11.0;0.0;6.0;0.8524338757212402;0.0;3.0;27.0;;-1.0515629945384386;110.0;1.0;0.4220952655451712;39038;1.0;-0.5477636283468732;7.0;110.0;75362;9670.0;0.0;12.0;0.36068347274161716;;37.0;;1.0;3.0;1.0;12.333333333333334;0.22186433837717967;-0.8;18357.0;86.0;0.8192995137226473;1.0;0.0;;6.0;11.0;0.5405013115277916;0.4237797674102065;0.0;-0.882303514506964;;0.10588708208217844;13.166666666666666;;-3.12;69720;0.5286684468694359;3.0;27.0;0.6894735644077659;96797;1.090292755100109;0.0;9.4;Dropout
5.0;0.0;0.0;0.02753189112824187;0.0;9.0;37.0;1.0;0.26543928077085766;135.1;1.0;0.5313834084705529;61571;1.0;-0.19252656952325795;0.0;140.0;50852;;0.0;5.0;0.002686302509253261;0.0;3.0;0.0;1.0;2.0;;0.0;0.2664700886364802;;47552.0;24.0;-0.23440187957564493;0.0;;-1.208274239426054;0.0;0.0;-0.08604906673669008;1.6088816551806453;;1.674104773207668;39.0;0.13356891455812855;;1.0;-4.06;67391;-0.3280709719332039;1.0;61.0;0.5444439135088993;80122;0.06741026951525797;0.0;15.5;Dropout
6.0;0.0;6.0;0.40155227583535014;0.0;5.0;37.0;4.0;1.8101614941934243;133.5;0.0;1.758884081511754;97665;1.0;-0.09096489479132862;0.0;138.0;13192;9773.0;0.0;6.0;0.046156513549677744;7.0;19.0;6.0;0.0;7.0;1.0;12.5;-0.48038789405427934;1.4;56635.0;8.0;-1.4673527757448503;1.0;0.0;-0.6049733218694675;0.0;6.0;-0.08118735053940336;0.39839562965540287;0.0;0.7478098853091707;;-1.6548431150079215;;1.0;1.74;11867;0.880898468553479;1.0;18.0;-2.6217011659238003;43926;-1.1951571807787262;0.0;10.8;Graduate
6.0;0.0;0.0;0.15112773198667018;0.0;90.0;37.0;1.0;0.41238229202048804;112.0;1.0;-0.44906162524459003;53840;1.0;-0.8306977366017732;0.0;150.0;42551;9085.0;0.0;6.0;-0.792411484420032;0.0;37.0;0.0;1.0;10.0;2.0;0.0;2.033464179167857;;76574.0;26.0;-0.5082822652555984;0.0;0.0;1.250470040231071;0.0;0.0;-0.35065448223628093;0.7804842512527608;0.0;-0.786399790184677;39.0;-0.8999067092107549;0.0;1.0;1.74;73727;-0.2213257536248592;1.0;34.0;0.25424293627817907;75685;-0.29559198321765806;0.0;10.8;Dropout
6.0;1.0;3.0;0.5897804180138457;0.0;0.0;34.0;;-0.374767729287583;128.3;;-0.08843187644227794;99785;1.0;-2.023085253033059;0.0;130.0;87023;9773.0;0.0;6.0;1.0675464745256318;12.0;38.0;3.0;0.0;8.0;1.0;12.0;0.42976121000730444;;;29.0;-0.2116601525003606;1.0;0.0;-0.6123258893036978;0.0;15.0;0.44421102913658;-0.8321963936398588;0.0;0.5172510845602049;1.0;1.0959522736975829;10.666666666666666;;0.32;37131;-1.115215859388617;;18.0;-1.744592831825581;16092;-1.4413311345058717;0.0;7.6;Dropout
5.0;0.0;0.0;-0.44414417420693725;0.0;0.0;34.0;;-0.18877085512658376;120.5;1.0;-1.2533222290216288;56612;0.0;-0.5609290008790382;0.0;120.0;94247;9991.0;0.0;5.0;-0.8539212546464721;5.0;34.0;2.0;1.0;0.0;1.0;11.0;1.1284890365217846;2.6;59335.0;19.0;0.011832518237234323;1.0;0.0;0.7182561254740842;0.0;5.0;-0.1703207209798789;-0.4142723895761756;;-1.3894622311616025;;-2.0753422635971837;;1.0;0.32;52825;1.420596274722949;1.0;30.0;-0.34132171218916313;43973;0.07520240983472691;0.0;7.6;Dropout
10.0;0.0;10.0;-1.139342863562576;0.0;9.0;37.0;1.0;-0.031300331751797576;;0.0;-0.17235047225357822;80283;1.0;0.35982566628688983;7.0;120.0;42750;9500.0;0.0;11.0;-1.768929084065334;11.0;19.0;11.0;1.0;7.0;2.0;;-1.4562129886693227;-0.3;69523.0;72.0;0.023844997277525003;1.0;0.0;1.5172651820570402;6.0;12.0;0.6249363905316047;0.6080167728860506;0.0;-0.6634791774330554;7.0;1.3429926524306277;12.96818181818182;1.0;0.79;70874;1.2372609327869362;3.0;45.0;-0.10817402174670016;84177;0.2554031112714188;0.0;;Enrolled
5.0;;3.0;0.9068481504147976;0.0;;2.0;1.0;2.0266425601781592;126.8;0.0;-1.4889275239353628;18822;1.0;0.13625830625349225;0.0;138.0;72388;9085.0;0.0;5.0;-1.1219974322274493;12.0;19.0;2.0;1.0;9.0;1.0;11.5;-1.4648418124505458;1.4;67284.0;73.0;;1.0;2.0;-0.027577313603318894;0.0;12.0;-1.0090873103296993;-1.358344884649065;0.0;1.327569794207683;17.0;0.49966448895423055;11.8;1.0;;13270;-0.9554794776029498;1.0;18.0;-0.352058229531837;68664;-0.2707104210377764;0.0;10.8;Enrolled
6.0;1.0;0.0;1.504928317812964;1.0;9.0;1.0;1.0;1.2336085658348825;109.1;0.0;0.747849354193172;81789;1.0;1.199554469825827;0.0;115.0;18626;9238.0;0.0;6.0;1.44531561930242;0.0;1.0;0.0;0.0;4.0;1.0;0.0;0.46006261064892634;0.5;84920.0;23.0;-1.288540489132401;1.0;0.0;0.99376710505628;0.0;0.0;0.14684845840864394;0.20720169830350924;0.0;0.35151487526792924;;-0.7475213283637553;;1.0;1.79;25729;0.39570359864166116;1.0;22.0;0.5008192220989165;33865;0.2417112223832046;0.0;;Dropout
6.0;0.0;2.0;-1.091881083759697;0.0;0.0;34.0;1.0;0.2599590041503656;;0.0;0.4199967500699922;31791;0.0;1.9554865439637885;4.0;;29555;8014.0;0.0;7.0;1.2504701878099427;;34.0;7.0;1.0;0.0;;11.571428571428571;1.854857689420273;2.6;77776.0;31.0;-0.15214417290010884;1.0;0.0;0.5310859581386753;2.0;14.0;1.552067321407369;0.493423033197456;;0.2711973163292275;;-0.8320489764072876;11.0;1.0;0.32;24878;-0.32666937755649134;1.0;26.0;0.7200765660795322;60912;0.41690123908383914;0.0;7.6;Dropout
2.0;0.0;2.0;0.1792916741465694;0.0;1.0;37.0;1.0;0.10973196780610626;137.7;1.0;-0.27706930703854016;46658;1.0;0.7593337714584683;3.0;120.0;72850;9085.0;0.0;;-2.0072356829529028;3.0;37.0;3.0;0.0;9.0;1.0;12.333333333333334;-1.0099357789723815;0.5;;31.0;-0.8789638425770689;1.0;0.0;0.1164369305835328;2.0;2.0;-0.22462349734481402;-0.038534099961575224;0.0;0.9869680807271372;;1.8959552998483071;11.0;1.0;1.79;39904;0.619064126750466;39.0;;-0.7734657928192906;10161;0.25686204290712383;0.0;12.4;Dropout
;1.0;5.0;-0.4488701893042778;0.0;9.0;38.0;;0.29935339036987596;115.2;;-0.10042370781784783;39105;1.0;1.382520642408226;0.0;119.0;13737;9070.0;0.0;;0.8137295983205773;;19.0;4.0;1.0;9.0;1.0;;0.14337664650128207;2.8;34647.0;75.0;1.2561682512433545;0.0;0.0;0.7503155893169294;0.0;7.0;1.8430016269667773;0.31937203243826756;0.0;0.6112781099097158;17.0;1.411405806479421;11.0;1.0;-4.06;11429;-0.8756884517596438;1.0;21.0;-0.8097970024973209;96709;-1.2015302922969298;0.0;15.5;Dropout
5.0;0.0;0.0;0.8833786920007626;;0.0;34.0;1.0;0.49427566928307665;107.5;1.0;0.7614664151889905;58500;1.0;0.76677429226312;0.0;133.1;77242;9130.0;0.0;5.0;-1.9819329236065346;5.0;36.0;0.0;1.0;90.0;;;-1.2350962446963178;2.6;;24.0;-0.5614541064056265;0.0;0.0;1.8399380899918536;0.0;5.0;0.16367144732892863;0.05781984778377252;;-0.2660515525759275;39.0;-0.11944077154349764;0.0;;0.32;12829;0.8718422024518231;9.0;;-0.03596955365251699;59556;-0.25326432551269457;0.0;;Dropout
5.0;0.0;0.0;0.24664573482838334;0.0;9.0;37.0;1.0;-0.41319795297559575;126.5;0.0;-1.135796086889898;65301;0.0;1.7098992559273836;;133.1;96679;9991.0;0.0;5.0;-0.02722785148012611;5.0;37.0;2.0;1.0;9.0;2.0;;-0.7186225992146529;2.6;89378.0;80.0;;0.0;0.0;-0.6372689125085526;0.0;5.0;-0.05650819214600028;-0.6221616027278304;0.0;0.9364046444473557;39.0;0.13459172945237918;0.0;1.0;0.32;56109;1.1949514857672319;;27.0;-1.543732080566156;55083;0.409842978266268;0.0;7.6;Dropout
6.0;0.0;;3.3274722864299457;;;37.0;1.0;-0.8440789473766365;;0.0;0.20416786745252327;41662;;1.8508536342912676;2.0;150.0;16390;9085.0;0.0;;-1.207751559630002;8.0;37.0;6.0;1.0;;1.0;;0.19311131880820975;0.5;21677.0;77.0;1.0496953653613783;0.0;0.0;-0.9592009001760748;1.0;18.0;0.11661850230386629;-1.1781067662455265;;-1.6889555713384514;44.0;-0.6461813609102723;12.0;1.0;;20117;-0.9473427387423589;;20.0;-0.47697797518767865;40004;1.5787117713059997;0.0;;Enrolled
6.0;0.0;3.0;-0.3014334853105098;1.0;9.0;;1.0;1.0322202605548654;140.0;0.0;0.6995098064587445;15161;1.0;0.9511651707789268;2.0;133.1;62396;9085.0;0.0;6.0;0.890781536171622;11.0;19.0;3.0;0.0;7.0;1.0;11.75;-0.49261121336276187;0.3;50794.0;7.0;;0.0;0.0;-1.0179145456553433;1.0;;-0.3114232441637862;-0.09031334929791283;0.0;-0.6674746708667065;39.0;0.1347839778261051;10.333333333333334;1.0;-0.92;49194;0.06770014671797596;19.0;24.0;1.3480778333873575;29963;-0.2719257502386974;;16.2;Dropout
0.0;0.0;0.0;1.5372923369751301;0.0;0.0;34.0;1.0;0.021982730571983654;127.0;1.0;-1.7822740774072416;65696;1.0;0.7063801464245854;0.0;116.0;41852;171.0;0.0;0.0;0.5546609033192447;0.0;34.0;0.0;1.0;;1.0;0.0;-1.3055239031696757;2.6;77676.0;49.0;1.4726235378804478;;0.0;0.9944279697365547;0.0;0.0;-1.9805560711064139;1.304506003393602;0.0;-0.09695096290634649;39.0;-0.6739036885692954;0.0;1.0;0.32;30333;1.2159650047172181;1.0;38.0;-1.5063005652107155;39579;0.5508402004481098;0.0;7.6;Dropout
7.0;1.0;;1.6346306453511346;0.0;4.0;1.0;1.0;0.9487279358149685;124.7;1.0;0.6849380057020193;47808;;-0.20523217193736742;0.0;128.0;67886;;0.0;;0.9795792578182033;11.0;;6.0;;5.0;1.0;12.528571428571428;-1.3279176906145855;2.8;69500.0;57.0;-1.643113095658402;0.0;0.0;1.129367623128353;0.0;10.0;0.8801748582231509;1.024380730927126;0.0;0.5477290072639642;17.0;-0.0785430241741799;12.416666666666666;1.0;-4.06;99579;-1.0013625981567575;1.0;19.0;-0.34011735931340803;51195;0.8781519119238236;0.0;;Enrolled
2.0;0.0;0.0;0.5335974590500636;0.0;;37.0;2.0;1.6461587487764429;128.0;;-1.6740624632615668;84315;;-0.041337280963909824;0.0;120.0;90592;9119.0;0.0;2.0;-0.2952398110881211;2.0;37.0;0.0;1.0;5.0;1.0;;-1.8860080994642394;2.6;88740.0;96.0;;0.0;0.0;-0.5370369333339351;0.0;2.0;2.1927131639471136;-0.34533229550277145;0.0;-0.3249992472868076;39.0;1.8103293797647417;0.0;1.0;0.32;21355;-0.668826611318101;1.0;30.0;-0.5923008129301166;48320;-0.19662769837255958;0.0;7.6;Dropout
6.0;0.0;4.0;0.03708331937819439;0.0;7.0;;1.0;0.52061473409956;140.0;1.0;-0.11759448385153255;72569;1.0;-0.3378373313502621;0.0;120.0;17262;9670.0;0.0;6.0;-0.19132893964187367;15.0;;4.0;1.0;7.0;1.0;10.5;0.4765838032145902;;29637.0;33.0;0.2701169446716946;0.0;0.0;-2.136013549439347;0.0;16.0;0.4804292700326692;-0.36610443863030323;0.0;-1.7840606506264338;39.0;-0.09561404655042607;12.5;1.0;-4.06;53211;0.6617380063625091;1.0;24.0;2.0052678813877582;47318;1.1484077474873402;0.0;15.5;Dropout
;1.0;;0.0948376974900287;;9.0;;;0.35854847957007036;116.7;0.0;-1.1633911040952263;43665;1.0;0.6212516108950558;0.0;124.0;70248;9500.0;0.0;7.0;-1.4992457889776019;9.0;19.0;;1.0;8.0;1.0;0.0;0.5975810254311384;2.8;94719.0;1.0;-0.05122614554671452;1.0;0.0;-0.6747567399230857;0.0;8.0;0.5413209613564595;-0.4397123894369799;0.0;-1.9244783029318628;1.0;-1.0480218812736268;;;-4.06;52484;-0.16068913005941426;1.0;18.0;-0.5378612066696534;55723;1.2021738314308965;0.0;15.5;Dropout
6.0;0.0;0.0;0.0102048521056588;0.0;90.0;19.0;5.0;3.2002429805170642;115.8;;1.4312465792900149;14670;;-0.7203480373593485;0.0;130.0;26450;9085.0;0.0;6.0;-1.0304845988965272;0.0;19.0;;;;1.0;0.0;0.5925534365473859;3.7;31003.0;44.0;0.06656811109902226;0.0;;0.5478541778069962;0.0;0.0;-0.18259268555799602;-0.43958386918914477;0.0;-0.06809271589879815;;-1.3663720479849741;0.0;1.0;-1.7;76476;-1.5752747701719036;1.0;18.0;-0.4798108853584959;52166;1.3803847340611906;0.0;12.7;Dropout
;0.0;5.0;1.133299712413141;1.0;3.0;19.0;1.0;0.20702012827981786;;0.0;-1.1571210541523476;58166;1.0;-0.19110620977990994;0.0;130.0;58052;9500.0;0.0;;0.9485334348499915;;19.0;4.0;0.0;7.0;;12.86;-0.9091757978652422;0.5;18626.0;88.0;1.2857739389583676;0.0;0.0;-0.06672313898283302;;10.0;1.1577890988306425;0.2877494231021903;0.0;-0.477775547990721;39.0;0.1271177573644799;11.566666666666668;;1.79;21425;-0.320219607425495;1.0;26.0;-1.0307649278017306;37897;0.45843216898553185;0.0;;Dropout
6.0;0.0;0.0;-0.8726362970777095;0.0;0.0;38.0;1.0;-1.0905468078463483;126.1;1.0;-1.6501898919653826;81552;1.0;-2.3551698851783;0.0;132.0;49796;9254.0;0.0;6.0;0.36726496380424734;9.0;38.0;4.0;1.0;5.0;1.0;10.75;1.005951290574182;2.6;76148.0;28.0;1.0385892270446166;0.0;0.0;0.18034774675536697;0.0;;-0.0392716184597749;1.0574813953664037;0.0;-0.9099771999321457;;-0.7608951544927903;0.0;1.0;0.32;96797;1.7464404686428723;1.0;20.0;0.009321803567251047;62292;2.360137249657536;;7.6;Dropout
6.0;0.0;0.0;-0.16098397307789564;0.0;4.0;1.0;1.0;-0.28122523217198736;140.0;0.0;0.13335214159631562;79746;1.0;1.7230898947725095;0.0;140.0;55369;9130.0;;6.0;0.10433499522723166;0.0;19.0;0.0;;8.0;1.0;0.0;0.7067786675108583;3.7;93518.0;68.0;0.8969132266560021;0.0;0.0;;0.0;0.0;0.2672200981968966;2.2628092349652404;0.0;-1.0772712878834114;44.0;0.24660314198253636;0.0;1.0;-1.7;37466;2.062888339767829;;;0.27016705502368754;32158;-0.6152831127643412;0.0;12.7;Dropout
5.0;;;-0.28218595772350924;;7.0;38.0;3.0;1.5516847117455415;125.7;0.0;-0.4137029800208229;40132;;-0.2204745825863184;0.0;125.0;78914;9147.0;0.0;5.0;1.2621137601651384;;19.0;5.0;1.0;7.0;1.0;11.166666666666666;0.007294406644997998;2.8;41536.0;;0.20691419848245782;0.0;0.0;1.0140891247097645;0.0;9.0;-1.5652164674642235;-0.8298475205193363;;0.13377604795241613;17.0;-1.6195030931285463;;1.0;-4.06;13142;-0.6370864117446028;;20.0;-0.8858198476195941;95321;2.12407758617894;0.0;15.5;Enrolled
6.0;0.0;1.0;-1.7261944211239602;0.0;2.0;3.0;1.0;-1.2941673502800466;140.0;1.0;-1.504605228663933;28797;1.0;0.4555804373365769;0.0;140.0;64756;9003.0;0.0;6.0;-1.300142185496329;10.0;19.0;5.0;0.0;10.0;;15.2;-0.15682874325924895;2.8;24383.0;85.0;2.270590778416392;0.0;0.0;0.3431918017546363;1.0;9.0;-0.5293418702444488;0.6511803469141083;0.0;1.3022612745694504;;0.690250134575882;11.0;1.0;-4.06;75120;-0.9133017305829748;3.0;35.0;0.9887228007219653;70039;0.7682994886584328;0.0;15.5;Dropout
;0.0;12.0;0.8589149097624112;0.0;9.0;;1.0;-0.7524596041529804;120.0;0.0;0.5258151991548494;16617;0.0;1.4577866947114024;8.0;120.0;41171;9991.0;0.0;12.0;0.7201478987887567;21.0;37.0;11.0;1.0;;2.0;11.5;-0.6491154690359697;;88835.0;71.0;-0.4006228439879767;;0.0;;;22.0;0.36735314818123777;0.5423344030060535;0.0;0.13386049487057597;43.0;-1.0601648717930052;11.4375;1.0;-3.12;58810;-0.4580119568671684;2.0;36.0;0.27106358428850885;35296;1.3403873330267184;0.0;9.4;Enrolled
8.0;;7.0;1.06291938139334;0.0;3.0;1.0;6.0;1.1064268059685174;130.8;0.0;-1.9914990624496793;64932;1.0;0.3002934374411798;0.0;144.0;68771;9500.0;;8.0;-1.1791566190279597;11.0;1.0;7.0;1.0;6.0;1.0;12.771428571428572;0.19216183392872419;3.7;18563.0;;-1.6159614169244219;1.0;0.0;0.15906568302668153;0.0;11.0;0.9072117345839911;-0.32974641947704414;0.0;1.3156025847823287;18.0;0.04629725927733898;12.771428571428572;1.0;;68846;1.8019004212337544;1.0;18.0;0.8518992687651816;72338;-0.32003775454171113;0.0;12.7;Graduate
6.0;1.0;4.0;-0.6342184335615665;0.0;9.0;19.0;1.0;-0.2716206425130341;132.8;1.0;-1.036240972583125;33628;1.0;1.4443437020934313;;144.0;63740;9003.0;0.0;6.0;1.4778738705793544;9.0;19.0;4.0;1.0;9.0;1.0;12.0;1.617247805317998;2.8;69826.0;32.0;-0.2652440148535979;0.0;0.0;;0.0;10.0;0.9349397421295044;-1.0260092490528603;2.0;-0.373991671692944;1.0;-0.3383032174399716;12.5;1.0;-4.06;92032;0.8420937024676449;;19.0;-0.3281355278399193;97220;0.8444747029637627;0.0;;Enrolled
5.0;0.0;5.0;1.0301324566547452;0.0;9.0;;1.0;-0.11024578697649515;131.8;0.0;-0.5752182704207847;79817;0.0;-1.241737812151367;0.0;150.0;16195;9991.0;0.0;5.0;0.5444741727735691;6.0;;4.0;0.0;9.0;2.0;12.25;1.1378566156165137;1.4;;45.0;0.057737744855668134;0.0;0.0;0.45857168818096145;0.0;;-1.5791809153177498;0.2753730968446809;0.0;0.4434423058876745;1.0;1.7183889622788697;10.166666666666666;1.0;1.74;44469;1.464085132591689;1.0;29.0;0.24318433089133337;78834;1.4269741636643627;0.0;10.8;Dropout
6.0;0.0;0.0;-1.5836577210372849;;3.0;38.0;1.0;1.0733728201306294;98.6;0.0;0.8022223921551402;63732;1.0;2.397376589597702;0.0;133.1;65208;9254.0;;6.0;0.9645013606985009;16.0;19.0;;1.0;3.0;1.0;11.0;-0.2562104236290778;3.7;69887.0;57.0;1.3031840977178557;0.0;0.0;-0.9280746281357819;0.0;;-1.4777797752480817;2.119879786875061;0.0;1.3520392481720336;1.0;0.17148917342952746;0.0;1.0;-1.7;91712;0.9986817568981882;1.0;21.0;-0.2130964948740818;80161;-1.0873586437238723;0.0;;Dropout
0.0;1.0;0.0;0.023954503202434998;0.0;7.0;19.0;1.0;-0.7168211756539609;142.0;0.0;1.295468367013152;14693;;1.0871101984887657;0.0;142.0;40073;171.0;0.0;0.0;-0.7016467637760313;0.0;19.0;0.0;1.0;7.0;1.0;0.0;0.5386214617743597;-0.3;20252.0;88.0;-0.5109780635161362;1.0;0.0;0.3730630953751281;0.0;0.0;0.5841371010552137;0.26904710451862884;0.0;-0.1578745739921189;1.0;1.9454719481145941;0.0;1.0;0.79;93796;-1.3193641842250454;1.0;18.0;1.4576815494911495;29630;-0.16332628181541928;0.0;13.9;Graduate
;0.0;;-0.12625847068872154;;2.0;;;-1.4686024515220615;130.0;;1.1027822473275728;72199;1.0;0.20920249248664097;1.0;130.0;23168;9085.0;0.0;6.0;2.1820982252712184;13.0;1.0;3.0;;9.0;1.0;11.75;-1.101430049521758;0.5;44223.0;15.0;0.49123007402907376;1.0;;;;13.0;-0.7468083880048326;-0.787231607117387;0.0;0.02597230419098457;44.0;0.5607424000624197;;1.0;1.79;59289;-0.9488478296219196;39.0;21.0;0.1162641373710621;26462;-2.1412526882311878;0.0;;Enrolled
5.0;;0.0;0.08774870839959223;0.0;9.0;37.0;;-1.3888859708625358;96.0;0.0;-0.15327379046223277;32833;1.0;1.4250793326254454;3.0;160.0;57398;9147.0;0.0;5.0;1.9985578910685469;7.0;37.0;3.0;0.0;9.0;2.0;12.333333333333334;0.730067177405201;1.4;51839.0;30.0;-1.4772442743790724;0.0;0.0;1.1551414661948438;0.0;8.0;0.8945926060417757;-0.157266308649841;0.0;-0.3744837377130308;43.0;1.4254059223124789;0.0;1.0;1.74;80849;-0.6961731444863017;;;0.008753948314998811;60535;-0.17833297684915667;0.0;10.8;Dropout
8.0;0.0;0.0;0.08254517025209614;0.0;4.0;19.0;1.0;0.5817804434096219;140.0;;-2.427308244795156;88482;1.0;-1.168634885989372;0.0;140.0;56494;9500.0;0.0;7.0;0.4303790205070093;0.0;1.0;;0.0;1.0;1.0;;-0.8308571426653624;0.5;91239.0;35.0;1.081417902930697;1.0;0.0;0.4161071482837128;0.0;0.0;-1.6301682090820182;-1.140174027108463;0.0;0.5925062392059014;7.0;-0.2087982064229208;0.0;1.0;1.79;13037;-0.5219746909350105;5.0;39.0;-0.4582419990209142;35239;-0.8160081934600862;0.0;;Dropout
6.0;;6.0;-0.07704166322141158;0.0;2.0;2.0;1.0;0.25913209383079455;126.3;;0.39085302121855847;12273;1.0;-0.2886148787694938;0.0;138.0;75730;9130.0;0.0;6.0;1.1752617130943503;7.0;19.0;6.0;1.0;6.0;1.0;12.833333333333334;0.6902555612776734;;73993.0;53.0;0.0683194144559118;1.0;0.0;-0.9652505187315361;0.0;;-0.09840994373344757;0.01851028589326482;1.0;0.902272101124861;17.0;0.3455030494903224;13.0;1.0;3.51;64645;-0.6783069929496;1.0;18.0;-0.5159636304721639;20828;-0.21776768796673504;0.0;8.9;Enrolled
12.0;0.0;5.0;-0.38777291541602826;0.0;1.0;2.0;1.0;-0.6925665132793299;100.0;1.0;1.4705737392246134;42988;;1.4442503964023794;3.0;120.0;48923;9003.0;0.0;12.0;-0.30188679205786356;12.0;2.0;3.0;1.0;4.0;2.0;12.0;2.969072190474402;2.8;95016.0;5.0;-0.2805560715075346;0.0;0.0;-0.8113173295740029;5.0;16.0;-0.03423681724311631;0.683408027666782;0.0;0.3512801294073612;39.0;1.218643589018956;11.8;1.0;;17239;-0.5619648698394037;1.0;30.0;0.237722074823827;91838;2.9236433576046594;0.0;;Dropout
7.0;0.0;0.0;-0.10870596845776459;0.0;7.0;;2.0;-1.158791620807134;;0.0;1.2337904078135682;10577;1.0;-1.8670601808949647;0.0;133.1;76848;9556.0;;7.0;-1.2684812322594436;0.0;37.0;;1.0;;4.0;0.0;-0.5700124323271293;1.4;58597.0;80.0;2.1316524240899595;1.0;0.0;-0.4351480812529309;0.0;0.0;0.480467097003245;-0.6926000845839942;0.0;-0.22944197161455346;39.0;0.9049599485840485;0.0;1.0;1.74;49309;0.6404903300269773;1.0;24.0;0.8195874593727144;41069;1.7178035067971986;0.0;;Dropout
6.0;0.0;5.0;1.363221239101415;0.0;4.0;38.0;2.0;-0.2705731251488672;124.2;0.0;0.4629490097437198;66977;1.0;0.5604577749588049;3.0;130.0;35389;9853.0;;7.0;0.7957905175644467;8.0;31.0;6.0;1.0;1.0;2.0;13.666666666666666;2.922803309238031;-0.8;33214.0;;1.069907079610106;0.0;0.0;0.18946390813652483;1.0;8.0;-1.031159996146353;-3.255610034595563;0.0;-1.4997235639921145;;0.530993278184569;13.5;;-3.12;77486;0.135796348587054;1.0;31.0;-0.6845580979100881;82120;-1.439447536700632;0.0;9.4;Dropout
6.0;0.0;3.0;-0.5787189499089014;0.0;5.0;3.0;1.0;1.1165172862504722;137.8;1.0;-1.1895027643384526;52985;1.0;0.5321761598451539;0.0;146.0;64495;9130.0;0.0;6.0;-0.919310087999963;11.0;3.0;5.0;1.0;2.0;1.0;13.6;0.4906354877829783;-0.3;48213.0;;;0.0;0.0;-0.12223610130759316;0.0;13.0;-1.9667640613254171;0.2768810727622422;0.0;-0.048429792201083;18.0;-0.3279348327877281;12.666666666666666;;;15403;1.2197780781704188;1.0;18.0;0.12657927717612869;75845;0.555738301599405;0.0;13.9;Dropout
6.0;0.0;0.0;2.255340013186467;0.0;4.0;1.0;4.0;-0.8358179538292559;129.7;;-0.525307003628415;57970;1.0;1.9692258168221626;;143.0;96652;9773.0;0.0;4.0;1.310220144184246;4.0;;0.0;;;1.0;0.0;-0.7496256332619503;1.4;56310.0;82.0;-0.10939177465602481;1.0;0.0;-1.1237320656309138;0.0;0.0;0.1712727615456816;-0.5015525602929783;0.0;-0.19195377907542122;;-0.15877649380672046;0.0;1.0;3.51;46581;0.25183831515693467;1.0;20.0;0.1841694910191149;22902;0.7989310870592383;0.0;8.9;Dropout
5.0;0.0;0.0;-0.6351644527132432;0.0;9.0;37.0;1.0;-0.6626840219525623;;;1.9338143987456746;73060;0.0;-1.5829554197222364;;133.1;62786;8014.0;0.0;6.0;1.047858138386872;6.0;38.0;4.0;1.0;9.0;1.0;12.25;-0.7954561667344151;0.6;;50.0;2.7363195400043185;0.0;0.0;-1.1297200343150513;0.0;5.0;0.5264302725454784;-0.7506698347844635;0.0;0.2359960938860893;39.0;1.1376619516033566;0.0;1.0;2.02;47156;-0.6762764561108433;1.0;34.0;0.35836351637561037;26890;-0.33789708670458973;0.0;11.1;Dropout
5.0;0.0;5.0;0.2400592169169135;0.0;2.0;19.0;1.0;-1.190521567346379;131.2;;-1.4167295346641338;90633;1.0;1.6096310570316332;0.0;134.0;71327;9085.0;0.0;5.0;0.23522265053781916;8.0;37.0;1.0;1.0;7.0;;11.0;2.364955607848391;2.6;91622.0;97.0;1.9788167865412298;0.0;0.0;-2.0985217749066836;0.0;6.0;1.0074549626330378;-0.7593016033646541;0.0;0.11679223315885004;;1.34591124873214;11.2;1.0;0.32;31432;0.18846195148480294;1.0;19.0;-1.7074964018607186;62610;0.1783076031585494;0.0;7.6;Enrolled
6.0;;0.0;0.5712065031698962;0.0;5.0;1.0;;-0.36741288910217135;125.0;1.0;-1.1478412281503858;44473;1.0;-0.5594707431489028;;;43097;;0.0;6.0;0.17929588270336336;6.0;1.0;0.0;;9.0;1.0;0.0;0.49298868470309865;0.6;90730.0;79.0;0.922963130284197;0.0;0.0;-3.1194749238680104;;7.0;-0.3585516533841505;0.4002519256968462;0.0;1.572408150678301;51.0;-0.5928627292796731;;1.0;2.02;59073;-1.5113104631361634;1.0;22.0;-0.9247326997109881;66142;0.2759822074149982;0.0;11.1;Dropout
11.0;0.0;10.0;-0.29175590535344303;0.0;2.0;3.0;1.0;0.3380789907165799;154.6;;0.9425515511652842;61325;1.0;-0.4470094599118548;6.0;150.0;70783;171.0;0.0;12.0;0.9892884835496215;13.0;3.0;12.0;1.0;5.0;1.0;12.333333333333334;-0.5661528561658385;1.4;19115.0;54.0;-1.847048136953879;1.0;0.0;-0.13178182295492516;;12.0;0.7756816410154472;-0.40790591232644685;0.0;-0.6964098886802417;1.0;-0.7437589743549698;12.727272727272728;1.0;3.51;82736;-2.3118372071381894;1.0;19.0;-1.3658445201219007;34929;-1.3466113728618603;0.0;8.9;Dropout
;0.0;4.0;1.382363212451036;0.0;;1.0;1.0;2.1151691570430904;111.5;1.0;-0.4311592448055278;65897;0.0;-1.2220043869597932;2.0;;85122;8014.0;;8.0;0.2745640230963313;10.0;37.0;4.0;1.0;1.0;;11.5;-0.20346061104290386;;81464.0;;;0.0;0.0;;2.0;13.0;0.4857737748884289;0.9304456324204095;;-1.5752630524062563;39.0;-0.9041337882702167;11.0;1.0;1.74;99190;0.6432121633028065;19.0;45.0;0.032884426651745575;23805;-1.0313293540861481;0.0;10.8;Dropout
;0.0;4.0;0.5452117833780047;0.0;4.0;19.0;1.0;0.2177815128199371;137.9;1.0;-1.1817551222046219;89321;1.0;-1.0878520374669252;0.0;141.0;88585;9670.0;0.0;5.0;-0.4044617272992199;6.0;3.0;3.0;0.0;0.0;1.0;;0.4307757777089527;2.6;36781.0;4.0;-0.6351851627682736;1.0;0.0;1.7967795237914266;0.0;5.0;1.3224050777143361;0.9524516671079557;0.0;-1.142535401878337;1.0;0.8297006157301556;12.75;;0.32;91555;1.0183100587941716;1.0;20.0;-0.9009733698903111;66676;0.17229671844099034;0.0;7.6;Dropout
7.0;0.0;5.0;-0.2049023590839432;0.0;9.0;37.0;;-0.05367810523701921;110.0;0.0;1.5279711787230157;27233;1.0;0.4035223474539224;4.0;150.0;92475;9670.0;0.0;8.0;-1.5145072239932615;8.0;37.0;8.0;1.0;6.0;4.0;11.625;-0.008720675213032339;-0.8;62884.0;19.0;1.3235179341800154;0.0;0.0;;3.0;12.0;-0.055387916044218145;-0.2706320048743245;0.0;-0.6336229864725234;43.0;-0.9294750220625191;;1.0;-3.12;95643;0.07212942105984083;;;-0.49624111842674784;31251;0.09940252798176698;0.0;;Graduate
;0.0;5.0;1.3712647730448146;0.0;5.0;37.0;1.0;0.8629366059851313;120.0;1.0;0.4610559781451398;57119;1.0;-1.1123319147813555;;130.0;37604;9500.0;0.0;7.0;0.9588997294172601;11.0;;5.0;;5.0;2.0;;0.3458991462741695;0.6;95897.0;30.0;-0.7226684855549192;0.0;0.0;0.1499032973906105;0.0;10.0;-1.7298993027940788;-0.5208659750097704;0.0;1.082007171583658;51.0;0.8176034060217474;12.6;1.0;2.02;28322;-0.39130560987651414;1.0;44.0;-1.194280523910846;25622;-0.708562715417269;0.0;;Dropout
8.0;0.0;7.0;-1.015491780518226;0.0;;3.0;1.0;0.6962155518302443;130.0;0.0;-0.38180116437717815;85277;1.0;0.7402843336529155;0.0;148.0;86167;9500.0;0.0;8.0;0.3664390003745237;;19.0;;1.0;;1.0;12.714285714285714;1.7736108966542765;3.7;89413.0;36.0;0.48882954622970026;;0.0;-1.4645795100501657;0.0;12.0;-0.06765967361924727;0.12770850536989364;;-1.2972425802224925;39.0;0.5456903431210129;12.714285714285714;1.0;-1.7;20098;-1.3418702060347765;1.0;24.0;-0.4032365371678026;44057;-0.7943761398538446;;12.7;Enrolled
5.0;0.0;0.0;-0.5654835195351547;1.0;6.0;37.0;1.0;-0.577660814366683;111.9;0.0;-1.1457748358995155;35327;0.0;-0.6629660469697535;0.0;130.0;41359;9991.0;;5.0;2.7556600769388497;5.0;37.0;0.0;1.0;6.0;1.0;0.0;-1.1279706645626761;3.7;53647.0;48.0;-0.640282626417657;0.0;0.0;-1.312109530858121;0.0;5.0;0.08845074846271171;-0.14539318180219435;;-1.163802195357527;39.0;-0.5450918443657804;0.0;1.0;-1.7;26451;1.166925030104652;;36.0;-1.1241036012187688;41671;-0.08977924967120604;0.0;12.7;Dropout
;0.0;2.0;0.5625704319277421;0.0;;4.0;1.0;2.3020600734300767;140.0;1.0;2.047406563859938;42632;;-1.2130338058486476;1.0;140.0;88472;9130.0;0.0;5.0;-0.09591115649868673;8.0;4.0;2.0;1.0;10.0;1.0;11.5;0.6446303277639107;3.7;14123.0;90.0;-0.3632803085494515;1.0;;-1.1974725976303797;1.0;13.0;0.5181942423984942;-1.7525136913726278;0.0;0.41390621142813316;44.0;1.5638593138512664;11.5;1.0;-1.7;98132;0.49253013132496903;39.0;20.0;0.7579084420329506;46203;0.886150952983273;0.0;;Dropout
5.0;1.0;3.0;0.8014664254145345;0.0;1.0;;1.0;-0.024383352293952932;130.0;1.0;-0.02445181874660751;50410;;-0.5278091463598945;0.0;160.0;10530;;0.0;5.0;0.3020360530840401;12.0;3.0;3.0;0.0;2.0;2.0;10.666666666666666;-0.07289760468213104;-0.8;95637.0;;0.622196636107955;0.0;0.0;-0.22549868444183307;0.0;11.0;-1.5326823663406166;1.9141037520590851;0.0;0.8493060921909348;39.0;-1.4622589081012267;10.666666666666666;;-3.12;29665;0.2911735486469627;1.0;26.0;0.47922796979557786;44967;-0.07648577094687015;0.0;9.4;Dropout
6.0;0.0;4.0;0.32262188515545115;0.0;5.0;1.0;1.0;0.2363753203557955;118.3;;1.3973280624694941;73647;1.0;0.3367071917563058;0.0;119.0;91791;9853.0;;6.0;0.3255035571790636;11.0;;3.0;1.0;8.0;1.0;15.0;-0.4990453460587155;-0.8;91669.0;91.0;-1.3188984233378522;1.0;0.0;-0.18245961021197618;0.0;;-0.3120448148078744;0.7143357474106041;0.0;-1.549238739344786;5.0;1.6595325997585602;10.25;;-3.12;77914;-0.004823783895256624;1.0;22.0;0.15022928147435283;60920;1.6227308306356492;0.0;9.4;Enrolled
6.0;0.0;4.0;-0.12719232215678342;0.0;5.0;19.0;2.0;0.551348587286132;110.0;0.0;0.8936335446094399;70347;1.0;-0.2773532619310194;0.0;;29449;9853.0;0.0;6.0;0.6507563580150041;10.0;1.0;4.0;1.0;4.0;1.0;12.25;1.0721741677899421;1.4;44214.0;27.0;2.372418034079571;1.0;0.0;0.25270197080685886;0.0;8.0;0.8681035715646148;-0.46348504152792025;0.0;-1.7720547279446817;;0.3188858642454964;11.5;1.0;1.74;46509;-0.46957071878155826;1.0;20.0;-0.30194192968056843;58393;-0.695820547662561;0.0;10.8;Enrolled
6.0;0.0;0.0;-0.25144406794287916;0.0;90.0;1.0;1.0;0.3458723676129533;132.8;1.0;-0.5209015616632341;21694;;0.03421011833279838;0.0;145.0;28185;9773.0;0.0;6.0;-0.9668789263946639;10.0;38.0;2.0;0.0;8.0;1.0;;-1.4614256346847099;1.4;22360.0;42.0;-1.02722146721204;1.0;;0.6632163897042829;0.0;0.0;-0.10408545272113312;-1.9163832118726292;0.0;-0.7865365995011847;;-2.0734663566586917;0.0;1.0;1.74;71373;-1.113282891311426;1.0;21.0;-2.037686766302725;13360;0.19310980145482595;0.0;10.8;Dropout
7.0;0.0;5.0;1.131400925975388;0.0;9.0;37.0;1.0;1.5253976688745898;109.0;0.0;-0.5129411149897811;28537;1.0;0.696207461836084;0.0;133.1;60348;9500.0;0.0;7.0;-0.07721525277831162;;37.0;5.0;1.0;9.0;2.0;12.16;-2.366433358148267;;57474.0;51.0;-1.0831502260557206;1.0;;-0.33688092339515835;0.0;8.0;-0.30573438213208526;-0.1804318620688466;0.0;0.6573621328036797;39.0;1.5918796358216134;12.16;1.0;0.32;77769;0.25270415334845436;1.0;39.0;-0.4582066254948458;31538;-0.3542954291040059;0.0;7.6;Enrolled
;0.0;1.0;0.2403946495362396;0.0;9.0;;4.0;-0.5899087391299694;113.2;0.0;1.4463148979339198;83628;;1.0824214516169486;;;56248;9254.0;0.0;6.0;0.8276594188783944;14.0;37.0;2.0;1.0;7.0;1.0;10.5;0.2245330147621503;1.4;82150.0;8.0;0.625133767928624;1.0;0.0;0.036201970662628064;0.0;11.0;1.9063263977834999;-0.587976820035359;0.0;0.1432267129082201;1.0;0.9722125042199887;10.0;1.0;;91319;-0.5385249123933669;1.0;;-0.7614565436873741;55411;0.5879609464131101;0.0;10.8;Dropout
6.0;;0.0;-0.8722387724007014;0.0;10.0;37.0;1.0;0.783382248852705;144.0;1.0;1.4625173326199776;70629;1.0;-0.31009530858943096;0.0;133.1;24158;9085.0;0.0;6.0;-0.3327634284194248;0.0;37.0;0.0;;9.0;1.0;0.0;-0.13817973987289622;0.5;50870.0;71.0;1.2919411366225704;0.0;0.0;-1.0938125066902094;0.0;;-1.070004186831552;-0.06057320307685002;;-0.7499738676124342;;-0.428211683413038;0.0;1.0;1.79;17817;-0.4239610422959826;12.0;51.0;0.2472742172655216;75496;-0.7815878822251963;0.0;12.4;Dropout
5.0;0.0;0.0;-0.9299023631950918;;;19.0;;0.164568445384979;151.0;0.0;-1.8769159761207344;56624;;-1.0442220155761586;0.0;151.0;58108;9119.0;0.0;5.0;0.790188743786225;6.0;37.0;0.0;1.0;7.0;1.0;0.0;-1.352847250479958;;;;-0.3237027665822476;0.0;;-1.3444970242571812;0.0;5.0;1.2331547099843143;-2.163870484279682;0.0;0.7394303582035645;44.0;-0.9647205652413965;0.0;1.0;-0.92;39254;1.7178457651367893;39.0;26.0;0.6197071688043717;12723;1.9273977539937555;0.0;16.2;Dropout
5.0;0.0;0.0;1.5134613125939287;0.0;9.0;37.0;1.0;0.9827231951095236;139.0;1.0;0.5497802609821923;47833;0.0;0.07609447892251621;0.0;110.0;82110;9991.0;0.0;5.0;0.09671596797374654;0.0;37.0;;1.0;9.0;1.0;0.0;-1.7105524961850338;3.7;51148.0;2.0;-1.0714692174211027;0.0;0.0;;0.0;0.0;1.02124973587419;-0.4722466418870526;0.0;0.12430532373222157;39.0;-1.5690667438383852;;1.0;-1.7;20637;-0.04807739341491185;1.0;40.0;0.32463266249308653;82833;-1.6906124030760061;0.0;12.7;Dropout
17.0;0.0;17.0;-0.7187616119887626;0.0;;19.0;1.0;-0.21498544996827815;151.9;0.0;-0.12121480472361965;97323;1.0;0.47064958610407176;13.0;147.0;53687;171.0;0.0;17.0;0.4018710675549277;20.0;19.0;;;10.0;1.0;12.0;1.930633377668805;0.6;56334.0;39.0;;1.0;0.0;0.6492478011282274;14.0;18.0;-0.22516646161696247;-0.4113219024410036;0.0;-0.10759553495590042;;2.415446161810391;12.666666666666666;1.0;2.02;45936;-2.4529554847589425;1.0;21.0;1.2630383091265882;18484;1.715480239680246;0.0;11.1;Graduate
6.0;0.0;3.0;0.2727310670848132;0.0;3.0;;4.0;-0.35041535615312086;110.4;;-1.033323162938506;89421;1.0;-1.4607253059719505;0.0;;62300;9853.0;0.0;6.0;1.15113641358281;9.0;38.0;5.0;1.0;8.0;;12.6;0.46301484795967973;-0.8;;39.0;-1.0300195709989879;1.0;0.0;-0.33790784808824337;0.0;9.0;-0.03289055308232672;-0.19227527591383456;0.0;-1.614348927696343;5.0;-0.9233818741618439;11.666666666666666;1.0;-3.12;42841;-0.5354584434120038;1.0;21.0;-0.5683142343850899;67598;0.08998846910883278;0.0;9.4;Enrolled
5.0;0.0;4.0;1.350906434737066;0.0;7.0;37.0;;0.7320734874260121;110.0;1.0;0.2617460947171974;46482;1.0;-0.890608297007585;0.0;123.0;86363;9147.0;0.0;;-0.22735559505146477;12.0;38.0;3.0;1.0;7.0;1.0;11.0;0.019645723071779902;-0.8;82684.0;73.0;0.30817963019867817;0.0;0.0;-1.871120262824403;0.0;12.0;-0.036458732952163786;-0.236207681074793;1.0;-0.7705185365696876;43.0;-1.2635885620009257;11.5;1.0;-3.12;88384;-1.0014517480805143;1.0;25.0;-0.6097758813206436;29690;0.5524245817469131;0.0;9.4;Enrolled
5.0;0.0;5.0;0.5421072907794926;0.0;2.0;5.0;1.0;0.3579932570899805;146.2;0.0;-1.3495967909863944;41639;1.0;-0.7191868959629409;0.0;150.0;26188;9130.0;0.0;5.0;-1.4518512107532489;12.0;;4.0;1.0;;1.0;13.0;2.1952449089594404;-0.8;72517.0;57.0;-0.06998612008318117;0.0;0.0;-0.06308895268360971;0.0;6.0;0.18194775634353694;0.05225083287273446;2.0;1.956927560346975;1.0;0.26791912435014975;14.0;1.0;-3.12;73312;-0.13921970054550584;1.0;;1.037878228902577;91276;1.3345249030919577;0.0;9.4;Dropout
;0.0;;-0.7576424076700841;1.0;5.0;3.0;1.0;-0.8202943023252682;;1.0;-0.4664553546461;88569;1.0;-0.20782218872037653;0.0;143.0;39253;9147.0;0.0;5.0;-0.26633993036097586;15.0;1.0;4.0;;5.0;1.0;13.333333333333334;1.022062493065567;-0.3;46416.0;;0.42583260890531655;1.0;0.0;-1.2488213317860835;0.0;6.0;-0.594541357437788;1.5211773784790579;;-0.3362931255558103;1.0;-1.6378934667611151;13.5;1.0;0.79;19359;-1.424432397938965;1.0;18.0;0.16621639453813414;72374;0.8576614951660694;0.0;13.9;Dropout
14.0;0.0;11.0;-1.0156940951837152;0.0;9.0;37.0;1.0;1.3456122864142581;126.5;1.0;-0.7984737327699676;41134;;-0.7610339036267858;10.0;130.0;90473;9991.0;0.0;15.0;-0.8255551810876076;24.0;;12.0;0.0;;1.0;11.0;1.7692767705402057;2.6;;;0.3648694276074187;;1.0;1.6603788189729718;10.0;21.0;-0.4281482264286697;-0.5150141872470306;0.0;-0.9567936153534755;43.0;-0.9815483984445561;;1.0;0.32;50103;0.43363162729290916;1.0;23.0;-0.24699874054221607;81143;-0.7300268877930614;0.0;7.6;Dropout
6.0;1.0;5.0;1.8698884728463603;;;38.0;2.0;0.7325093751084598;142.0;0.0;-0.4997912641559985;47088;1.0;0.7070407250968996;0.0;150.0;24518;9853.0;0.0;6.0;-2.125736051521204;8.0;19.0;6.0;1.0;5.0;1.0;12.333333333333334;-1.1799539281165214;1.4;30842.0;68.0;0.8243122883270015;1.0;0.0;-0.5788217215868263;;7.0;-0.355224530897812;-0.9111579558649258;0.0;-0.38225136969759355;17.0;0.9949691941604685;;1.0;1.74;73823;-0.29606652713283477;;;1.8465211448947823;83035;0.6000895552626019;0.0;10.8;Dropout
6.0;0.0;5.0;-1.0411645919359875;0.0;8.0;1.0;1.0;-0.07420419049605342;;1.0;-0.07147849366199094;92521;1.0;-1.6051332014584174;1.0;158.0;32852;9773.0;0.0;7.0;-0.10668162717257106;7.0;19.0;;1.0;8.0;1.0;13.833333333333334;-1.2173925901246845;1.4;39657.0;90.0;-0.40994401986941587;1.0;0.0;0.6815059858191213;1.0;7.0;-0.323297700598883;-1.7273305213236536;0.0;0.11908457974518481;51.0;0.4642105948193797;;1.0;3.51;76685;-0.4757125603854815;1.0;20.0;0.5777305473826826;13961;1.8674739726346166;0.0;;Dropout
6.0;0.0;1.0;-0.5532692339012398;1.0;9.0;37.0;1.0;-0.4682311117311159;120.0;0.0;-1.0155666619054864;19710;1.0;-1.5797186971944246;0.0;133.1;34686;;0.0;6.0;0.19903065904947626;13.0;37.0;2.0;1.0;9.0;;10.0;0.6170752351160163;0.3;86161.0;19.0;-0.7382047388744234;;0.0;1.0889630273849873;0.0;10.0;-0.3107562305520698;-0.5111111571670296;0.0;0.8833438920034106;39.0;-0.38636995973938226;15.0;1.0;-0.92;82883;0.14961864137393213;19.0;40.0;-0.19054417393408338;86220;-0.8872917121608225;1.0;16.2;Dropout
6.0;;0.0;0.37250363861786434;0.0;90.0;37.0;2.0;0.3641308968735852;137.3;1.0;1.5731790288732976;73309;1.0;-0.3338888115114624;0.0;125.0;84201;9085.0;0.0;6.0;1.0207613428086477;0.0;19.0;0.0;1.0;90.0;1.0;0.0;0.41449921809578877;2.6;99449.0;90.0;;0.0;0.0;-0.9549284525570413;0.0;0.0;-2.240824789036072;-1.4012509239661861;0.0;0.6210850400888195;1.0;0.01830667293137945;0.0;1.0;0.32;30215;-0.07665684778663832;1.0;18.0;-0.6859448136473001;17624;2.1184285111939776;0.0;7.6;Dropout
5.0;;1.0;-0.2188784490764859;0.0;4.0;19.0;;0.6604852240267834;150.0;1.0;0.4932832333941253;71886;0.0;-0.17565280413985668;0.0;133.1;22881;9991.0;0.0;5.0;-1.1393104562559886;8.0;19.0;2.0;;4.0;2.0;11.0;1.2496620356598749;;83323.0;41.0;-0.054990009399879664;0.0;0.0;0.07604711755470782;0.0;5.0;0.09764908792945162;0.9600962946083287;0.0;-0.6765960082195143;39.0;-0.4424705302000037;;;-4.06;89654;-0.13471003499750286;;;1.3265126715838689;58849;0.385702485968564;0.0;15.5;Dropout
5.0;0.0;0.0;0.5738052048956209;0.0;0.0;34.0;;-1.5940750739708296;95.1;1.0;1.7945630283820548;44125;1.0;-1.4546438728581037;0.0;133.1;43705;9119.0;0.0;5.0;0.0885260245218454;5.0;34.0;0.0;0.0;0.0;1.0;;-1.6307888753126598;1.4;73689.0;7.0;0.25295201435955705;0.0;0.0;0.5534679013881464;0.0;6.0;-0.5274677801539326;-0.0961058306347794;0.0;1.2715768337335962;39.0;-0.061997809369039564;;1.0;1.74;91317;-0.2241866909497255;;49.0;0.2069970208896691;69396;-0.4332277719202573;0.0;10.8;Dropout
;;0.0;-1.4677721254245275;0.0;0.0;34.0;1.0;0.3756809225228319;128.2;1.0;-0.1600799690780195;26466;;-0.6067488426475648;0.0;130.0;46430;9085.0;0.0;5.0;1.128091332050425;5.0;1.0;0.0;1.0;2.0;1.0;0.0;0.7035974159716445;2.6;94394.0;88.0;;0.0;0.0;0.11554617241010676;0.0;5.0;-1.8668110866147;0.9394649850065234;;0.8146883607501112;39.0;-0.7618113825596522;0.0;1.0;0.32;29725;-0.020314216603575637;1.0;25.0;0.02451691953842703;90995;-0.8932893846082542;0.0;;Dropout
8.0;;;-0.2103993839063989;0.0;4.0;19.0;6.0;0.6525547024135345;131.9;0.0;-0.5487899622971091;87490;1.0;-0.4010438174190893;0.0;142.0;17314;9500.0;0.0;7.0;-0.5746472033798045;7.0;37.0;7.0;1.0;9.0;1.0;13.642857142857142;0.9892686334202945;-0.3;21817.0;90.0;0.6422172894524637;1.0;;;0.0;8.0;-0.3500510149109371;1.465697056450095;0.0;-0.44513357677642623;17.0;-0.5802393195274274;14.3875;1.0;0.79;69414;0.34317607162868735;;19.0;0.6762764274550901;74968;-0.22328707440827472;;13.9;Dropout
6.0;0.0;4.0;0.6776887473425518;0.0;7.0;38.0;2.0;-2.3524485999677713;120.0;0.0;1.758415614493028;81985;1.0;-0.3932979470221456;0.0;121.0;20512;9853.0;0.0;6.0;0.5362217592803242;10.0;38.0;3.0;1.0;;1.0;12.0;0.9361720668113871;1.4;70220.0;31.0;-1.1783732788607815;1.0;0.0;;0.0;8.0;-0.38095747800739044;-0.8650578673074931;0.0;-0.1281982549724623;1.0;-0.6106781375454329;10.25;1.0;1.74;71131;0.217970296988696;1.0;18.0;0.8800878568539743;74075;-1.9552783310704953;0.0;10.8;Enrolled
6.0;0.0;3.0;0.6810730770173063;;3.0;1.0;;0.19618965874528982;128.2;0.0;-0.5780597398739851;87243;1.0;0.15188148328929144;0.0;146.0;43863;9853.0;;6.0;1.5977180083529519;8.0;1.0;4.0;1.0;4.0;1.0;13.25;-0.4066943812075223;3.7;47164.0;75.0;-0.4403846593952664;0.0;0.0;0.5540362197145243;0.0;10.0;1.2752445270824715;-0.3473597601468103;0.0;0.60066908316219;;-0.7258608518557548;10.666666666666666;1.0;;89146;1.126879578546892;1.0;18.0;0.5498699844908967;97110;-0.4152444690587874;0.0;12.7;Enrolled
5.0;0.0;0.0;-0.5724532763040266;0.0;3.0;3.0;1.0;0.6946091343955793;120.5;1.0;-0.17829202198912472;40137;0.0;-0.6615788844235619;0.0;130.0;17881;9991.0;0.0;5.0;-1.8624142765828193;;1.0;0.0;1.0;3.0;;0.0;0.5186151715960765;3.7;63824.0;62.0;1.1290413332663478;0.0;;-0.48616419417270906;0.0;5.0;-0.539229958429416;1.3316868015371432;0.0;1.0747034916472022;;1.0439109964164817;0.0;1.0;-1.7;17714;-0.5466895735237378;1.0;;0.883975575631944;11462;-0.2629272438556117;;12.7;Dropout
2.0;0.0;0.0;-1.0217100445978335;0.0;99.0;34.0;2.0;0.5808783142645458;100.5;0.0;0.7200474104973147;96659;;1.4778363000082735;0.0;133.1;98133;9556.0;;3.0;0.27265432103141635;7.0;34.0;1.0;1.0;99.0;;14.0;-0.7756570919653527;0.6;32379.0;18.0;-1.1313149590228213;0.0;0.0;0.3494512232841407;0.0;4.0;0.6677901798734956;0.18921757937710068;0.0;-1.5186678350997536;39.0;0.770117392013053;0.0;1.0;2.02;30918;0.23812589406637003;12.0;39.0;0.451374358902682;10299;-1.0744136491124197;0.0;11.1;Dropout
11.0;0.0;9.0;0.21371310741887384;0.0;4.0;3.0;1.0;0.8024483547808251;131.6;0.0;-1.2377258082972784;78077;1.0;0.48820463973357225;6.0;148.0;50590;171.0;0.0;12.0;1.16288987802892;12.0;2.0;8.0;1.0;2.0;1.0;;-0.29294608184713095;1.4;53999.0;52.0;1.0502430456593095;1.0;1.0;;4.0;;1.382812003385717;0.5215099369978939;0.0;0.07044991143190037;1.0;-0.9323632683909493;12.7;1.0;3.51;87485;2.4461020762965764;1.0;21.0;0.5548905834302266;27123;0.7478451949043599;0.0;8.9;Dropout
5.0;0.0;0.0;-1.3124626456240454;0.0;9.0;37.0;1.0;-0.32756659201824834;150.0;0.0;0.71129468479365;31597;0.0;-0.8071135206413219;0.0;150.0;10607;9991.0;0.0;5.0;-0.3507128405172512;0.0;37.0;0.0;1.0;7.0;1.0;0.0;-1.0429363392979336;2.8;31191.0;2.0;-1.4090993731116148;0.0;0.0;;0.0;0.0;-0.6280687090215913;1.032977571469751;0.0;-0.031124638485244407;39.0;-1.194393792542571;0.0;1.0;-4.06;13223;-0.0409536270074023;;27.0;-0.731637854843435;31326;-0.21876628778938723;;15.5;Dropout
5.0;0.0;0.0;1.2842705959639074;1.0;3.0;6.0;1.0;-1.0399064346754558;120.0;1.0;0.5833470661646026;53329;1.0;0.09451149336757297;0.0;133.1;64102;9670.0;0.0;5.0;1.3867599712212875;5.0;22.0;0.0;0.0;3.0;1.0;0.0;-0.7586657293387521;-0.8;67912.0;53.0;-1.5852258742991647;;5.0;0.3487197254894737;0.0;;-0.047497209861756186;0.8965146536640367;0.0;-0.5706339596290583;;-0.15727664313061587;0.0;1.0;-3.12;53361;-0.002179692721366467;9.0;;1.810353881617559;54984;-0.6357945446144277;0.0;;Dropout
0.0;0.0;0.0;0.15740876424096178;0.0;9.0;19.0;1.0;-1.7997443317653965;121.2;1.0;1.2693253180378326;38479;;0.12401531860560501;0.0;;77959;;0.0;0.0;0.634221784795587;0.0;1.0;0.0;1.0;9.0;1.0;0.0;-0.24096232837912;1.4;93658.0;35.0;-1.4938622600260905;1.0;0.0;0.6421282961845167;0.0;;1.7286917749097015;0.4103595532910384;0.0;-0.575801186082556;1.0;2.1552875982895463;0.0;1.0;1.74;36417;-1.2633861817114265;;;-1.233676658990703;84856;-0.3253339350685435;0.0;;Enrolled
5.0;0.0;;-0.6968115762219673;0.0;9.0;37.0;1.0;1.0922232405680579;;1.0;0.890044503010141;58329;0.0;1.214721474497781;0.0;150.0;64687;9991.0;0.0;5.0;1.7693571651128563;9.0;37.0;4.0;1.0;7.0;2.0;11.5;-0.49093674763787193;2.6;15291.0;10.0;0.11680616724553612;0.0;1.0;0.6884110538887852;0.0;6.0;0.2289761551492464;1.3963614851779933;0.0;1.0543764099101958;39.0;-1.0277052036965477;11.6;;0.32;66174;-0.7132104831401018;1.0;47.0;0.3093776144974741;45348;0.3551074733158469;0.0;7.6;Dropout
8.0;0.0;;-1.0545014073860934;0.0;0.0;34.0;1.0;0.7030654937943431;128.2;1.0;1.299978352877571;26948;1.0;-0.6003824289163511;6.0;120.0;61420;9119.0;0.0;10.0;0.5824648248852188;12.0;34.0;7.0;1.0;0.0;1.0;11.285714285714286;-0.7587914430556403;-0.8;96394.0;78.0;0.7295957504429278;1.0;0.0;;2.0;8.0;0.3737498420689271;-0.0682543085881165;0.0;0.5346781135654385;42.0;-0.16122438970404027;13.0;;-3.12;52586;-0.1063661116689398;1.0;35.0;-1.3367670581786077;90237;0.07322121046699422;0.0;;Dropout
12.0;0.0;4.0;-0.633056665792373;0.0;9.0;38.0;1.0;1.1684889308284685;128.8;1.0;-0.11042190050841018;76116;1.0;0.7673386977205734;4.0;;18305;9070.0;0.0;12.0;1.8525387023066158;13.0;38.0;5.0;1.0;9.0;1.0;13.2;-1.2995970521782207;;69337.0;84.0;1.2925941038890745;1.0;0.0;;4.0;12.0;-0.40725392396832805;0.5194143982578509;0.0;2.106634583500347;51.0;0.08872041371766212;13.5;1.0;3.51;86622;0.5334536351454189;1.0;21.0;-0.09812873883595526;67677;-0.7009750880875777;0.0;8.9;Dropout
5.0;0.0;0.0;-1.561931067677742;0.0;9.0;37.0;1.0;-0.7251413588441443;121.8;1.0;-0.8626703187070606;51356;0.0;0.041854475782477606;0.0;110.0;75670;9991.0;0.0;5.0;0.30000002863192266;5.0;37.0;;0.0;;1.0;0.0;1.961095788459011;3.7;11274.0;;1.2128707571367854;0.0;0.0;0.16395699344238868;0.0;5.0;0.6870508304322401;-0.1767585043518301;;-0.5697928095749993;39.0;-0.10864217404514981;0.0;;-1.7;16963;0.6491632026667103;1.0;36.0;-0.571293637868085;51798;0.12565347404044408;0.0;12.7;Dropout
12.0;;12.0;0.4947790702049813;1.0;9.0;37.0;1.0;0.8038364226253637;120.5;;2.1099854140833623;69854;1.0;1.4915665164487661;14.0;120.0;97440;9003.0;0.0;17.0;-1.3677956340381678;17.0;37.0;14.0;1.0;9.0;2.0;10.642857142857142;-0.5005629432242592;;62121.0;20.0;0.8626985849222595;1.0;0.0;0.9320668089761116;12.0;12.0;-0.039642613685584374;1.0205516690741;1.0;0.137134474221502;1.0;-0.4582098742194886;10.666666666666666;1.0;;55541;0.32627397375907247;1.0;35.0;0.13575587134398362;81380;-0.050675957566257396;0.0;15.5;Dropout
6.0;0.0;4.0;-0.8028465909539433;0.0;4.0;19.0;1.0;-1.5026809519567987;113.5;0.0;-1.5266956155219669;67755;1.0;1.290891452639408;0.0;;42782;9130.0;0.0;6.0;-0.6310003802202749;8.0;19.0;;1.0;4.0;1.0;;0.3299655735312294;1.4;;65.0;-0.8317834518578197;1.0;0.0;-0.490387609763513;0.0;12.0;-1.8321029378798617;-0.7007646379207145;0.0;0.3097002513759764;;1.155079972198554;13.75;1.0;3.51;56669;0.8040980138845124;1.0;19.0;0.3417576813576451;53537;-1.1394642231488126;0.0;8.9;Dropout
6.0;0.0;5.0;0.39967176175606267;0.0;5.0;1.0;1.0;-0.8694935587098114;;;-1.4265130788738078;69778;;0.19697930459260035;;120.0;20957;9773.0;0.0;6.0;1.0183634651575122;7.0;38.0;4.0;0.0;5.0;1.0;13.0;-1.758971956244352;0.5;82235.0;80.0;-0.840503533959904;0.0;0.0;-1.3352674726779856;0.0;7.0;-0.3552325339828173;-1.6828563380795754;0.0;0.8960840720296066;17.0;0.4544586229434542;13.8;1.0;1.79;55778;-0.9993429564855663;1.0;20.0;-0.9563337029945921;13843;-0.28850469350726055;0.0;12.4;Dropout
5.0;0.0;2.0;0.537545717462374;0.0;4.0;;2.0;0.12597721650783666;113.2;1.0;0.5651280405088313;78398;0.0;-0.26228262101606054;0.0;123.0;29256;9991.0;;;0.9986896373046634;7.0;3.0;3.0;0.0;2.0;1.0;11.666666666666666;1.3576491329094167;2.6;35005.0;40.0;0.7877923215195362;0.0;2.0;0.49323017458277063;0.0;8.0;-1.1831787902197832;0.6549247874201497;0.0;1.3584127442822826;1.0;0.8458053237450754;10.5;1.0;0.32;16963;0.48891663541770936;1.0;22.0;-0.029414454951575738;86824;0.579338270420888;0.0;7.6;Dropout
5.0;0.0;0.0;0.965997231882817;0.0;7.0;19.0;1.0;0.6632076298264207;104.0;;1.6249860481773497;69304;1.0;0.5066059096794557;0.0;;69441;9085.0;0.0;5.0;-0.31060144971177517;11.0;37.0;;1.0;90.0;;12.0;0.1671606504868463;1.4;15172.0;66.0;1.4213084399744023;0.0;4.0;-0.2060236846159446;0.0;12.0;0.11224096427254499;-1.0201385325307133;;0.09361160187692935;39.0;0.5893799496663307;0.0;1.0;1.74;51818;0.013353032704086863;19.0;26.0;1.3936742224562821;21948;0.5721382598965082;0.0;10.8;Dropout
6.0;0.0;0.0;0.2518475969948884;0.0;;;;1.679012447897024;156.1;1.0;0.18955084591416504;56403;1.0;-0.18045002712716604;0.0;;67828;9003.0;0.0;6.0;1.8043008150594142;;1.0;0.0;0.0;5.0;2.0;0.0;-0.44387454292512724;2.8;86295.0;60.0;-1.031140879910333;1.0;0.0;-1.2075274117343677;0.0;;-0.9168390970588787;-1.1192426609830441;0.0;-1.094775431437547;43.0;0.8939483218059867;0.0;1.0;-4.06;89262;0.12489552988312355;1.0;29.0;-1.3122650975014607;51396;-0.2299643324033938;;15.5;Dropout
5.0;0.0;3.0;1.1252343711635084;;9.0;37.0;1.0;-0.2400640653984051;113.6;1.0;0.9993036997022059;62673;0.0;1.680307105978335;0.0;122.0;89976;;0.0;5.0;-0.3539676378874304;11.0;37.0;2.0;1.0;3.0;;11.5;-0.4351410706639482;2.6;58296.0;13.0;1.2939993393891067;0.0;0.0;0.5005419293798373;0.0;10.0;0.47812846569247985;1.2649299344804044;0.0;-0.7108782567333014;;1.584405832974063;12.0;1.0;0.32;64061;-0.36231880202337674;1.0;26.0;-0.8540537691620664;24024;0.6767727947859766;0.0;7.6;Enrolled
6.0;0.0;4.0;1.386110434739763;0.0;3.0;3.0;1.0;-0.8657497217890644;137.2;0.0;-1.9958027274719585;66799;1.0;0.07847007817701199;0.0;127.0;46550;9853.0;0.0;6.0;0.46197699186362096;7.0;1.0;6.0;1.0;7.0;1.0;12.166666666666666;0.8694098577660546;1.4;64998.0;8.0;-1.9203374682892587;1.0;0.0;1.4311330150292483;0.0;10.0;0.044763420933796275;0.9662795511911747;;0.1427276172802682;1.0;1.3310439667883345;12.75;1.0;1.74;19810;-0.9530303395596177;1.0;18.0;0.8607546479153348;80867;-0.9799554969846216;0.0;10.8;Enrolled
5.0;;0.0;0.25821517048998655;1.0;2.0;3.0;5.0;-0.9171488778314291;116.0;1.0;-0.49954496218113714;82645;1.0;-0.4056426325128372;0.0;123.0;89628;9119.0;;5.0;0.4342832501386858;5.0;1.0;0.0;0.0;9.0;1.0;0.0;-2.9530954287447893;1.4;84843.0;63.0;0.3899250939353232;1.0;0.0;-1.629742546289086;0.0;5.0;-1.2480090035788647;-0.34250073084529675;0.0;1.1227618138884605;17.0;2.3248039595959145;0.0;1.0;3.51;74558;-1.2151529681326179;1.0;20.0;0.07755481324642004;67348;-0.948987838193326;0.0;8.9;Dropout
5.0;0.0;0.0;0.31852657489195974;1.0;4.0;1.0;1.0;-0.6878459450242931;140.5;;-1.8739478071432591;52819;;-0.45961508607392565;;180.0;34800;9147.0;0.0;5.0;-1.3304701931955158;0.0;1.0;0.0;;8.0;5.0;0.0;-0.8241933387090763;-0.3;60887.0;84.0;-0.1038072677758833;0.0;0.0;;;0.0;-0.4925381156136834;-3.0454631272807857;0.0;-1.4464059676332515;39.0;1.2173412814071918;;1.0;0.79;93572;0.32067180040561793;;24.0;0.15115492982456444;95384;-0.25125496329368063;0.0;13.9;Dropout
5.0;0.0;0.0;-0.5574737989485313;0.0;5.0;38.0;5.0;2.2210267964751194;119.1;0.0;0.7804109582286599;37001;1.0;-1.2130355851987074;0.0;132.0;56091;9119.0;0.0;5.0;-0.1104919228656293;;19.0;0.0;1.0;3.0;1.0;0.0;-0.11908383760119232;-0.8;81670.0;63.0;-0.20418974483697613;0.0;0.0;-2.5370675157456817;0.0;8.0;0.6205627016310842;0.533240139241123;0.0;-1.170002811589546;1.0;-0.6694467765275067;;1.0;-3.12;82464;0.4978516734690871;1.0;18.0;1.0223023486923273;87981;1.4975661360871355;0.0;9.4;Dropout
6.0;0.0;2.0;-0.9876247005590106;0.0;2.0;5.0;1.0;0.7568735811344582;115.0;1.0;-1.5472313265890145;32724;1.0;0.5565591280933229;1.0;120.0;69245;9119.0;0.0;6.0;2.3803295760667447;9.0;5.0;2.0;1.0;2.0;1.0;15.0;-0.1306110812312659;2.8;63844.0;97.0;0.03127113069969376;0.0;0.0;-0.4002866301815139;1.0;;1.147993035813966;0.6625048725635247;0.0;0.757153488680802;;0.8473120418058289;13.5;1.0;-4.06;18424;-0.12957027610366778;1.0;30.0;-0.7940687017982925;33565;0.1632516265382057;0.0;15.5;Dropout
5.0;0.0;2.0;1.2820745093111063;0.0;5.0;19.0;1.0;1.1125318503624593;129.8;0.0;-1.2778188460326472;26340;1.0;-0.8200112026395026;0.0;;34970;9147.0;0.0;5.0;-0.9222668894186307;8.0;19.0;3.0;1.0;5.0;1.0;10.333333333333334;2.5053119636784147;2.6;12504.0;59.0;-0.853730187241431;1.0;0.0;1.8405159122425798;0.0;11.0;-0.9024212312739336;0.516811334863636;0.0;-1.293627186430819;;0.7104351789845953;10.0;;0.32;12682;-0.014813524355927483;;22.0;-0.5193352300975955;32727;-0.27536580966577207;;7.6;Dropout
5.0;1.0;5.0;0.6057437124396905;1.0;5.0;;4.0;-0.23898558717989435;116.4;0.0;0.5140252049614028;64242;1.0;1.098148252187747;0.0;122.0;43194;9147.0;0.0;;0.6251575772841539;5.0;;5.0;1.0;7.0;1.0;11.6;-0.33759347044813187;0.6;95551.0;93.0;0.4460781015553971;1.0;0.0;-0.3283240485128667;0.0;5.0;-1.097440494941047;0.4708534908972122;0.0;-1.1250228426365123;17.0;1.9202949052321883;11.8;1.0;2.02;25863;-0.7202107280616544;1.0;18.0;-0.6426418664668386;34695;1.5441380012066468;0.0;;Graduate
6.0;0.0;;0.6868290562490282;0.0;;4.0;4.0;-0.0016486823987459664;125.0;;1.0618243520177295;76163;1.0;-1.2929350540015732;0.0;140.0;84507;9070.0;0.0;6.0;-1.1543825626278084;7.0;19.0;6.0;1.0;10.0;1.0;12.666666666666666;0.9902269920616542;;96349.0;67.0;0.06066848079275198;1.0;0.0;0.08993839582099193;;8.0;1.950984940301054;-0.18138917214597372;0.0;1.1365374531011008;1.0;-0.9671585166762892;12.142857142857142;1.0;-3.12;41326;0.5030617517382614;1.0;19.0;-0.3482030473355627;23840;-0.28693843520353846;;9.4;Enrolled
6.0;1.0;;-0.5907096067654906;0.0;;19.0;5.0;0.6992645059585234;122.1;0.0;-0.15896810822921661;38539;1.0;0.12724144897325032;0.0;134.0;62013;;0.0;;-0.9326891751387228;8.0;38.0;6.0;;8.0;;11.666666666666666;1.8116571865359512;1.4;34820.0;72.0;0.9353114823366397;1.0;0.0;0.7628662007735552;0.0;9.0;-0.009767946495007592;-0.41046914376758964;0.0;-0.22132181421032843;17.0;0.5579510813929365;12.0;1.0;1.74;93267;0.06062558733144797;1.0;18.0;1.3395220849476783;94473;2.2347332372859943;0.0;10.8;Dropout
;0.0;;1.623921503612242;0.0;9.0;38.0;5.0;-0.5057987557809394;114.0;0.0;0.5701725041085097;58584;1.0;1.1502237584974535;;121.0;65132;9085.0;;5.0;-1.41428773710583;12.0;37.0;0.0;0.0;8.0;1.0;0.0;0.6706140857884296;-0.8;;37.0;1.5903903966621258;1.0;1.0;-1.7164735140606524;0.0;8.0;0.09146893532197314;-1.106161869612987;;-0.2978119807061279;1.0;-0.6810703447669576;0.0;1.0;-3.12;48927;-0.36561383254261803;1.0;19.0;-1.701080095524512;17443;-0.5112831236207457;0.0;9.4;Dropout
6.0;1.0;6.0;-0.2286139245046973;1.0;4.0;1.0;1.0;-0.29130788654667616;;0.0;0.5377881668730922;43487;1.0;-2.1522470646236362;0.0;122.0;66126;9070.0;0.0;6.0;0.9410709738299552;6.0;1.0;6.0;0.0;8.0;;11.833333333333334;-0.6738160712813385;3.7;21098.0;77.0;0.12691691270813155;1.0;0.0;0.07209480083975534;0.0;8.0;-0.7393910551016492;-0.6973966756867959;0.0;1.368293821588256;17.0;0.5125451041001348;11.0;1.0;-1.7;97315;0.8660833971143772;1.0;18.0;-1.194218810910073;48186;-1.011728729251301;0.0;12.7;Dropout
8.0;0.0;7.0;-0.8018407128186725;0.0;4.0;12.0;1.0;-0.6747043162638402;115.7;1.0;-0.2154268594424721;91054;1.0;2.018265543792186;0.0;118.0;81193;9500.0;0.0;;-0.871387608629096;9.0;1.0;;1.0;10.0;;12.7;-1.284487585986946;-0.3;35640.0;75.0;-0.8187183660384588;0.0;;0.06421307196130824;0.0;9.0;0.21522022854038678;0.3214846599418385;0.0;-1.0629766552935191;1.0;-0.2147466645997193;13.475;1.0;0.79;18882;0.6450194441340833;1.0;20.0;-1.3656830672931792;35354;-0.16636197485187557;0.0;13.9;Enrolled
6.0;0.0;4.0;-0.5736741251965076;0.0;9.0;19.0;1.0;-0.44749269975711503;140.0;0.0;-1.0947054828862488;91552;;-0.4252851971981094;0.0;;97438;9003.0;0.0;6.0;1.2674941456650997;12.0;;3.0;1.0;4.0;1.0;10.666666666666666;0.7454202827142047;2.8;64702.0;;-1.1378991273207208;0.0;0.0;1.8623209732487398;0.0;12.0;1.7150956765401761;0.3379269508950132;2.0;-1.2639845378749435;44.0;0.47946880419088844;12.0;1.0;-4.06;78536;-1.53586894730235;39.0;21.0;1.401693950685968;11415;-0.24908426083701707;;15.5;Dropout
6.0;0.0;6.0;1.5711916167192397;;8.0;;1.0;0.04897861250332282;128.8;0.0;0.5648914068846425;96856;1.0;0.1410953821621393;0.0;;45998;9670.0;0.0;6.0;-0.5313201294400655;6.0;19.0;6.0;1.0;7.0;1.0;14.833333333333334;1.6450252236564493;1.4;41307.0;88.0;1.6982518181598225;1.0;0.0;-1.2357408309978233;;8.0;0.2543652688569327;0.7898245490869836;0.0;1.6292125161872049;17.0;-1.4103381860814241;;1.0;3.51;77645;0.049150477812034264;1.0;19.0;-0.6143999346997633;84770;-0.807719976349283;;8.9;Enrolled
;0.0;0.0;-1.1110476260097948;1.0;5.0;1.0;1.0;-0.8217101261639599;140.0;0.0;0.6130956907750826;87494;1.0;0.5714492255163438;0.0;133.1;41904;9085.0;0.0;;0.12799926095257327;7.0;39.0;0.0;0.0;3.0;2.0;0.0;0.5459630955291201;-0.3;97197.0;74.0;1.5703729906345216;1.0;0.0;-0.38153931645012157;0.0;6.0;1.0649632491393441;-1.4064312553701206;;0.23332230564830345;39.0;0.7932264815558977;0.0;1.0;0.79;96349;-0.958236346882068;12.0;32.0;-0.32667364608499866;55223;2.601974078158437;0.0;13.9;Dropout
;0.0;0.0;-0.7511225100561613;0.0;4.0;;2.0;0.28597897912938647;95.0;1.0;0.8940244030902588;88041;1.0;0.7261290561155536;0.0;133.1;92207;9147.0;0.0;5.0;0.4113808269688882;14.0;;0.0;1.0;4.0;1.0;0.0;1.2334481539361506;0.6;17060.0;69.0;0.8873716104831438;0.0;0.0;-0.9283557908236156;;;0.028983856536326152;-1.6592256446967404;0.0;0.6797047502176703;17.0;0.2060595151861;;1.0;2.02;57058;0.13952160503221303;1.0;20.0;-1.6146341779209363;88990;0.31862656780524984;0.0;11.1;Dropout
5.0;0.0;0.0;2.8985093185978723;0.0;9.0;37.0;1.0;0.2845817455511169;109.7;0.0;0.31206642407889745;60150;0.0;0.27388393825968216;0.0;133.1;53133;9991.0;0.0;5.0;-1.6168763229347647;0.0;37.0;0.0;1.0;;1.0;0.0;2.5919470477380866;0.3;73899.0;57.0;0.059853902126576895;0.0;0.0;;0.0;0.0;-1.0258031906239433;-0.37970511241478616;0.0;-0.311084075317558;39.0;0.15219288177190468;0.0;1.0;-0.92;64501;-3.15184614057909;;29.0;-0.26238603616591866;65507;0.4642495736715836;0.0;16.2;Dropout
;1.0;0.0;0.9410377363248739;0.0;;19.0;2.0;-0.17924864285618322;136.1;0.0;-1.1684999134793264;59279;1.0;0.9973845837063676;0.0;;93662;171.0;0.0;0.0;0.20364925026007388;0.0;37.0;0.0;;9.0;1.0;0.0;0.8373742843906191;;65149.0;;0.8151655602984684;1.0;0.0;1.1274027270645783;0.0;0.0;-0.6832366692929935;-1.0199476454453398;0.0;-0.10659842602405876;17.0;1.95022829984733;0.0;1.0;-1.7;10169;0.1971440746216489;;18.0;0.8665217208419668;54630;-0.46187926713692123;0.0;12.7;Enrolled
5.0;0.0;2.0;-0.7330558454252128;0.0;9.0;37.0;1.0;-0.827459855563421;130.0;0.0;0.6903401613691801;37145;1.0;0.5190707129218126;3.0;;89349;9147.0;0.0;5.0;0.34989778418688555;5.0;38.0;4.0;1.0;1.0;1.0;13.0;-1.1006328657939177;-0.8;90289.0;55.0;1.3044653810596527;1.0;0.0;0.02665150200081768;1.0;7.0;-1.117802175304829;0.18598745648786194;0.0;-0.7037657333489795;42.0;-0.38248339826782335;12.0;1.0;-3.12;89337;0.7119838208411419;;26.0;0.2529570482729631;32026;-0.5776693847451299;0.0;9.4;Enrolled
;0.0;5.0;-1.0814473586787927;1.0;4.0;1.0;;0.10496304895186157;;0.0;-0.0013810802283412515;77870;1.0;1.7608811400323037;7.0;;76360;9085.0;0.0;;1.140016987305268;10.0;1.0;8.0;1.0;3.0;1.0;13.25;0.0510607655044548;;82815.0;25.0;-0.6179569771194752;1.0;0.0;-0.5555671964265207;;14.0;0.21778658358668515;-1.3098766175398993;0.0;0.31812003431479535;53.0;0.34226542477198163;12.2;1.0;3.51;66822;-0.11079142633625837;42.0;21.0;-0.10786405129862556;63204;1.0255583557177004;0.0;8.9;Enrolled
13.0;0.0;10.0;-1.6726971933480528;0.0;9.0;37.0;1.0;-0.5049045629517913;100.0;0.0;-0.48273744432334303;38801;1.0;0.5223275428545973;13.0;100.0;74817;9147.0;0.0;15.0;-0.9595033893998389;20.0;;13.0;1.0;9.0;2.0;12.461538461538462;1.3702151935211506;2.8;90656.0;43.0;0.029795302245296897;1.0;1.0;-0.5178459011425355;10.0;;1.223888793650001;1.1802321425900635;;0.8313729314729292;42.0;0.10027069903925505;;1.0;-4.06;73078;-1.1647185055181577;1.0;54.0;-1.5648855254517409;75466;-1.675841772589761;;15.5;Dropout
7.0;0.0;3.0;0.0971141462215439;0.0;151.0;37.0;1.0;0.046594167106034326;;0.0;-0.2946358371937122;40089;1.0;1.9646355198830872;0.0;133.1;94830;9500.0;;7.0;-0.8170218474664793;12.0;38.0;4.0;1.0;;1.0;14.0;-0.24877979094801292;0.5;81445.0;7.0;;;0.0;-0.563227076945396;0.0;14.0;0.1610109421508236;-0.8220603584395897;0.0;0.195981910426895;39.0;0.19803916024073265;12.525;1.0;1.79;40511;1.9563703208549612;;27.0;-0.32795208730797193;12509;-1.1428644727903685;0.0;12.4;Enrolled
8.0;0.0;6.0;0.7280203544554797;0.0;4.0;19.0;1.0;1.098127467403435;120.0;0.0;-0.6902571783903797;95108;1.0;0.9010788402376559;0.0;120.0;34634;9500.0;0.0;8.0;0.6595479624499588;8.0;3.0;6.0;1.0;2.0;1.0;;1.5057055948129585;3.7;;9.0;-0.12906162562737494;1.0;1.0;-0.4738031774076939;;;-0.3077818186302673;1.5926742412994919;1.0;1.060906759356373;;2.221803904642779;12.25;1.0;-1.7;16984;1.155960532646818;3.0;;0.14691476392588196;30964;-0.2473085056075546;0.0;12.7;Dropout
6.0;0.0;5.0;1.518798209900966;0.0;4.0;1.0;1.0;-1.2529401171040329;122.5;0.0;0.8888437788544289;11328;1.0;-1.8057501257682627;0.0;126.0;50814;;0.0;6.0;1.4123919752164193;6.0;3.0;6.0;1.0;;1.0;13.333333333333334;-0.06693689798839145;1.4;48222.0;82.0;1.5442735465024513;1.0;0.0;-1.2644453442892645;0.0;8.0;-0.7896397522873732;0.5243018505118624;0.0;0.6623956639950512;;0.06380709241374871;12.8;1.0;3.51;75416;-0.531061385603832;1.0;19.0;-0.9918248570333047;42549;1.3510473056343117;0.0;8.9;Dropout
6.0;0.0;0.0;-1.8939835811634371;0.0;0.0;;1.0;2.173486336893375;120.5;;-1.4181147335800204;20632;;2.6111026783878413;0.0;133.1;59125;9238.0;0.0;6.0;-0.5925025059941333;10.0;;2.0;;4.0;1.0;11.0;0.33434742094683506;2.6;71703.0;55.0;1.0785477884244095;;0.0;;;12.0;0.35544586284517415;-1.0552320500108352;0.0;-1.048442278629491;39.0;-0.567279799488263;0.0;1.0;0.32;75950;-0.2610238154693711;1.0;32.0;0.6548911579778811;20768;-0.3745169729694738;0.0;7.6;Dropout
8.0;0.0;;-1.3253815025727678;0.0;;37.0;2.0;-0.07252359178774072;99.0;1.0;-0.9934859348064183;80241;1.0;-0.5743441084772188;0.0;133.1;27501;9500.0;0.0;7.0;-1.2352036558529162;9.0;37.0;6.0;1.0;9.0;1.0;12.833333333333334;-0.35074104034384945;0.3;99909.0;44.0;0.1350068014099521;;0.0;-0.3592066916521446;0.0;12.0;-1.2381320527936235;2.094745015353822;0.0;-0.14474401030249254;1.0;1.8709027954472213;12.5;1.0;-0.92;26172;-1.981030832346565;1.0;22.0;0.8850685466450698;17581;0.41615155727419645;0.0;16.2;Enrolled
5.0;0.0;3.0;-0.11955057756687384;0.0;;;1.0;0.4118392739059206;111.0;1.0;-0.32877288467169474;71662;1.0;1.4955440152017352;0.0;118.0;56570;9147.0;0.0;5.0;-0.31672813248486364;7.0;1.0;2.0;0.0;9.0;1.0;11.0;0.15953634032107483;1.4;87599.0;25.0;-2.6932331166613066;0.0;0.0;-0.7577967064033425;0.0;9.0;-1.1341010782630543;0.26545231461751306;0.0;-0.44839465826569697;1.0;-0.3076887654389624;11.428571428571429;1.0;1.74;84216;0.47340066368934447;1.0;;-0.5286487086540953;32442;0.027728679388091582;0.0;10.8;Dropout
8.0;0.0;5.0;2.7876700558590697;0.0;9.0;37.0;1.0;-0.7527500902418349;103.7;0.0;1.6137508482389997;80334;;0.026793443119438404;1.0;;69030;9500.0;0.0;8.0;-1.0133230076326558;;37.0;5.0;1.0;9.0;4.0;13.126;0.2124474277695408;1.4;68467.0;59.0;-0.6557926354372655;0.0;1.0;0.15504625630497473;;;0.9001632676405831;0.16611940616875684;1.0;0.7534341225603148;43.0;-1.6051781472090552;13.126;;;10108;-1.3692386953127913;;38.0;0.7258321937717044;40678;1.2962584129368084;;10.8;Enrolled
6.0;;0.0;0.8859025023975043;0.0;5.0;19.0;3.0;1.142211549541648;111.1;0.0;1.0542805490928489;52017;1.0;1.0610902576025796;0.0;117.0;55291;9085.0;0.0;6.0;0.3977810993531105;0.0;38.0;0.0;1.0;7.0;1.0;0.0;-1.6085419264167173;2.8;;28.0;0.1024059648661051;0.0;0.0;0.2398894801181584;0.0;0.0;-0.27773506234059747;-0.06521205237308736;0.0;0.4615874653465612;17.0;-0.7408437064288511;0.0;1.0;-4.06;68761;0.6663654360120305;1.0;21.0;-0.10973959748403314;58051;-1.5847230182129213;0.0;15.5;Dropout
6.0;0.0;1.0;0.37279977375507595;0.0;9.0;;1.0;-0.12562646945066996;120.6;0.0;-1.6408408032472255;10723;1.0;-0.688478910865794;0.0;123.0;68802;9254.0;0.0;;-1.0798347766103733;9.0;37.0;3.0;0.0;7.0;1.0;11.666666666666666;-0.44159329258107544;1.4;47874.0;78.0;-0.21591341968182035;;;-0.5566472142917076;0.0;15.0;-0.29745419301668297;0.4665533219369462;0.0;0.1273826667362414;17.0;-1.2465874940428558;10.0;1.0;1.74;17814;1.0259419236757006;1.0;19.0;1.1471379815788132;83223;0.735963203722777;0.0;10.8;Dropout
6.0;0.0;4.0;-1.224923590526553;0.0;4.0;19.0;1.0;-0.3941183097991737;114.4;0.0;1.351347088752486;36775;1.0;0.6257445430895879;0.0;121.0;19135;9670.0;0.0;;0.9729047110032774;10.0;38.0;5.0;;10.0;1.0;11.5;-1.23320808685344;0.6;68632.0;79.0;;0.0;0.0;-0.14413415076625494;0.0;9.0;-0.16906601631274953;0.5254206114726324;0.0;1.0135887655432392;17.0;-1.7999654663144513;14.6;1.0;2.02;77673;-0.07026370694419048;1.0;19.0;2.0341506600580805;87020;-0.19889892974259724;0.0;11.1;Graduate
6.0;1.0;6.0;-2.1199852990987345;0.0;7.0;38.0;4.0;-0.5755150212755739;;0.0;1.349420216983684;87722;1.0;-0.25319054539440544;0.0;134.0;54218;9238.0;;6.0;0.21261669331475416;6.0;19.0;6.0;1.0;7.0;;12.5;-0.4071086073883589;1.4;;3.0;0.24258992124307144;1.0;;2.158623726900857;0.0;6.0;0.7258710667459374;-0.8649739518651002;0.0;-1.8656803034781193;1.0;-0.36301500436813444;11.666666666666666;1.0;1.74;49635;-1.0644537668638239;1.0;18.0;-1.0936654819332468;44339;0.9248841939194079;;10.8;Graduate
6.0;0.0;5.0;0.03884968559051807;0.0;4.0;19.0;4.0;-0.26849202578919495;123.7;0.0;-1.174008326022643;69945;1.0;1.5790031115898886;0.0;123.0;93634;9853.0;0.0;;1.004099941609387;8.0;38.0;5.0;;10.0;;12.666666666666666;-0.7951637696651995;2.8;34480.0;99.0;;1.0;0.0;2.1204332586021373;0.0;8.0;0.1655026730243678;-0.21355145053028468;;-0.6031302239397506;18.0;-0.07021596527343232;11.0;1.0;-4.06;39462;1.2490167343917755;;19.0;0.7694844035466659;57639;-0.8192821061003154;0.0;;Enrolled
8.0;0.0;7.0;-0.09936948915525076;0.0;2.0;3.0;3.0;0.4183473229529084;;1.0;-2.5214582705964452;89328;;0.43866816741700937;0.0;132.0;33455;;;8.0;-2.4233086184977957;8.0;1.0;7.0;1.0;7.0;1.0;13.154285714285717;1.0118211762355755;1.4;52059.0;2.0;;1.0;0.0;-1.0540901901297357;0.0;8.0;-0.7430814416659134;0.11570095775047733;;-0.5182870036312062;17.0;1.1805279151289065;13.154285714285717;1.0;1.74;77320;0.002169456733559666;1.0;18.0;1.3049645661627276;11272;0.024393069862838467;0.0;10.8;Enrolled
8.0;0.0;0.0;-0.2678075205512705;0.0;9.0;37.0;1.0;0.17281069063057544;;0.0;-0.07222162234724244;10844;1.0;0.9359426413015662;0.0;140.0;51015;9556.0;0.0;7.0;-1.7581507104687844;7.0;37.0;0.0;0.0;9.0;1.0;0.0;1.0233999370855111;1.4;83949.0;44.0;-0.1494433871668439;1.0;7.0;-0.9144475665885586;0.0;8.0;-0.7070922169485016;0.582740464653963;7.0;0.25173438862110004;43.0;0.6294016120620651;0.0;1.0;1.74;82303;0.09322537992444765;1.0;32.0;-0.9706803403518324;86407;-0.10250671091268397;;10.8;Dropout
8.0;0.0;7.0;-0.3804336676494567;0.0;9.0;19.0;3.0;-0.03985973311027262;130.8;0.0;1.122424409299822;38857;1.0;-2.1640768714730703;0.0;;66190;9500.0;0.0;8.0;1.2926726244807154;8.0;3.0;;1.0;5.0;1.0;13.68142857142857;0.5602941543334771;1.4;85044.0;79.0;-0.7032026676512164;1.0;;-1.0594032769919965;0.0;8.0;-0.19511081084703372;0.5996892770639745;0.0;0.5528101988448634;;0.5838343081286667;13.68142857142857;1.0;1.74;64351;-0.9315338035528866;1.0;18.0;-0.5751206682186601;31125;-1.0024354713204127;0.0;10.8;Enrolled
6.0;0.0;1.0;-0.7483540204397984;;5.0;37.0;1.0;-0.7114214179498202;138.1;;1.5912619698002022;71830;1.0;-0.08557267978862526;0.0;158.0;66299;9254.0;0.0;6.0;-0.7195209810452088;8.0;37.0;4.0;;9.0;1.0;12.5;-1.2676492312148346;2.6;;99.0;1.8463376620200072;;0.0;;0.0;11.0;0.30221974269364166;0.16454179417396342;0.0;-0.001307777430703948;17.0;-0.8932100051977196;14.0;;0.32;76000;0.19305393835184795;1.0;19.0;-0.5863770982292038;15776;-1.2804130129469637;0.0;7.6;Dropout
6.0;0.0;0.0;-0.9776421270354221;0.0;9.0;12.0;1.0;-0.7691734739249758;126.1;1.0;-0.8708272643612502;11552;1.0;0.4105516350582958;;130.0;26269;9003.0;;6.0;-1.4663827518899015;7.0;12.0;0.0;1.0;9.0;;0.0;-0.09813477721354251;;32833.0;100.0;-0.4764585559310958;0.0;0.0;-0.39852929957569416;0.0;10.0;-0.03550994349792386;-0.5503229556224942;0.0;-1.3149598648965986;39.0;0.884933261964115;0.0;1.0;1.79;11346;-0.20291257252040443;1.0;24.0;-0.1327812385361221;64216;-0.5804113618631425;0.0;12.4;Dropout
5.0;0.0;0.0;1.3895077982281645;0.0;90.0;37.0;3.0;-0.4608742825797307;130.0;1.0;1.7519791046629654;50461;1.0;0.2236149064397072;0.0;130.0;20169;9130.0;0.0;5.0;-0.20269840655254676;9.0;26.0;0.0;0.0;10.0;1.0;0.0;-1.347192311780125;1.4;43607.0;82.0;-2.254209212711689;0.0;3.0;0.23967424359629974;0.0;9.0;-0.12449018617308494;-0.6015919104862371;4.0;0.4067717875919572;7.0;1.391232836398735;0.0;1.0;1.74;83935;-1.3284878042771482;3.0;41.0;-0.3563655062206215;43532;0.12993112899499948;0.0;10.8;Dropout
6.0;0.0;0.0;-0.8865282965153725;1.0;2.0;3.0;;0.46027571216071417;105.5;0.0;-2.227932395816701;88840;1.0;0.9611572137178506;0.0;110.0;77796;9130.0;0.0;6.0;0.2423457471307213;;19.0;0.0;0.0;9.0;1.0;0.0;-0.14729338595109662;0.6;67943.0;45.0;1.783265860085987;1.0;0.0;1.9969673332808837;0.0;0.0;0.046283559060141234;-1.191488403007921;0.0;0.12806183350379338;1.0;0.3945708915461603;0.0;1.0;2.02;63244;1.3399922849525734;1.0;19.0;-0.19828458805508212;47000;-0.7569122243044928;0.0;11.1;Dropout
6.0;0.0;0.0;-0.2761480587683602;0.0;3.0;3.0;1.0;0.6622598757704032;120.8;0.0;-0.3680506138292876;24549;1.0;-0.3659042451374545;0.0;139.0;57983;9670.0;0.0;6.0;-0.15801451942388756;0.0;19.0;0.0;1.0;5.0;;;0.6474211672292706;2.8;70906.0;20.0;-0.8462759845074391;;0.0;;0.0;;-0.03622440509418289;0.5926011643804352;0.0;-1.4687137099617364;43.0;0.4225175362979251;0.0;1.0;-4.06;24141;1.7591251053166241;1.0;19.0;0.8379883282781686;49165;-0.33007356302781793;0.0;15.5;Dropout
5.0;0.0;0.0;-0.03907810571616679;1.0;9.0;12.0;1.0;0.7970441968980189;116.5;0.0;-0.4172106692157472;16346;0.0;0.04878710503463059;0.0;100.0;91612;8014.0;;6.0;0.4680141464928111;6.0;;;0.0;4.0;1.0;0.0;0.9921043229151046;1.4;78327.0;78.0;0.8999083491440373;0.0;0.0;0.7062487217573207;;5.0;-0.7803829025639386;-0.6159770941139734;0.0;-0.2954018880725184;;-1.2646922996999788;0.0;;3.51;53395;1.0182023278701329;1.0;37.0;-1.8958117218861563;66528;-1.8857973544835709;0.0;8.9;Dropout
;0.0;0.0;0.7062803350312943;0.0;9.0;;1.0;-0.0014668935388082768;108.5;1.0;1.152337024924303;67328;1.0;1.1812267644149919;0.0;120.0;99112;9500.0;;7.0;0.3325001860499837;18.0;37.0;0.0;1.0;8.0;1.0;0.0;0.4728447798590435;-0.3;60023.0;8.0;-0.6808864290071561;0.0;;0.5204207493003932;;7.0;1.1070509123387753;-0.19175449753392546;0.0;0.374024549208335;;1.0544358076053275;0.0;1.0;0.79;66430;0.8688331860235569;1.0;36.0;-0.9738934216413759;82154;-0.3706499204837301;0.0;13.9;Dropout
6.0;0.0;4.0;-0.8518303411963781;;6.0;;1.0;0.38356194091782453;138.1;0.0;1.29830246593978;30898;;-2.278689003445357;0.0;129.0;24995;9853.0;0.0;6.0;0.2801513434293208;8.0;37.0;6.0;1.0;6.0;1.0;12.0;1.2584715640140411;2.6;92598.0;84.0;0.5692781355928354;0.0;0.0;-0.5882173516959495;0.0;10.0;-0.4823114551918347;0.23774390697748374;0.0;1.6532088234175069;1.0;1.780830548761419;11.5;1.0;0.32;81688;1.7651041605905282;1.0;19.0;0.6699280762098667;61458;1.0235866466250068;0.0;7.6;Dropout
7.0;0.0;6.0;0.9780680215002732;0.0;;34.0;1.0;-0.16845070488291147;130.0;0.0;0.9542236554333953;26551;0.0;0.5893505016383412;10.0;130.0;42485;8014.0;0.0;12.0;1.3483709881778494;12.0;34.0;9.0;1.0;0.0;2.0;12.444444444444445;0.25975638693745856;-0.8;20797.0;39.0;-0.048147359995203996;0.0;0.0;1.059161731741859;4.0;8.0;0.12922055068405935;0.0039341682276913216;3.0;-1.0890708737698251;43.0;0.32295239904683726;12.0;1.0;-3.12;56625;-1.0474977490223887;1.0;45.0;0.5527761486208744;64957;0.7051803259700831;0.0;9.4;Dropout
7.0;0.0;0.0;-0.5796663615532783;1.0;2.0;1.0;1.0;-1.7422979909283682;100.0;1.0;-1.3505500487458946;58831;1.0;-0.3338848259935533;0.0;133.1;83823;9500.0;0.0;7.0;-0.014180326612473778;21.0;;0.0;1.0;2.0;1.0;0.0;-0.23356027201029736;0.3;57223.0;89.0;1.0003308373136788;;;-0.8497008091001859;0.0;7.0;-2.0603352460383695;-0.005611316728771062;3.0;0.790120439288332;39.0;-0.5943572783674849;0.0;1.0;-0.92;33099;-1.0595034123643294;19.0;;-1.0585421940333906;82780;-0.08692193702714356;;16.2;Dropout
5.0;0.0;0.0;-0.1618971692564155;0.0;9.0;37.0;2.0;-0.21592678953939803;;0.0;0.8626190317989219;64554;1.0;-0.9123181245536214;0.0;133.1;36491;9147.0;0.0;5.0;-0.04358025252462945;0.0;37.0;;1.0;9.0;6.0;0.0;0.8736605096994118;-0.8;30276.0;11.0;-0.21370423830464388;0.0;;1.3398797864441758;0.0;0.0;-0.21517428805831407;-0.9049619193122717;0.0;-1.0764737527744503;;-0.16199485598784275;0.0;1.0;-3.12;32890;-0.41439415065527285;1.0;47.0;0.5597019503036693;80652;0.24365272501416324;0.0;9.4;Dropout
5.0;0.0;5.0;1.64309858565982;0.0;90.0;37.0;3.0;-0.37532662535775185;159.3;0.0;0.5090419685934918;83487;1.0;0.3365442242759801;0.0;167.0;27862;9130.0;0.0;;0.8028114894682905;7.0;;5.0;1.0;;1.0;14.714285714285714;0.9064761001766741;2.6;58509.0;21.0;;0.0;0.0;-0.5874509652091197;0.0;5.0;-1.0995891634130304;0.2688625583870938;0.0;-1.27060848946283;1.0;-0.4204207150125877;15.8;1.0;0.32;74703;0.2978543673592778;1.0;19.0;1.3268669568197757;25524;-0.8282603955941573;0.0;7.6;Graduate
6.0;;0.0;-0.9692277130986685;0.0;0.0;34.0;1.0;-1.0390452044290517;130.0;1.0;-1.6712343852795908;19359;0.0;1.2274512968086555;0.0;133.1;24050;8014.0;0.0;6.0;0.5526597077064541;0.0;34.0;0.0;;0.0;2.0;;-0.5241716983237139;-0.8;89724.0;43.0;0.25701985189621446;;0.0;-0.4779677205360946;0.0;0.0;-0.9790217696992899;-0.3128286574279057;0.0;-1.2115912485345524;39.0;-0.3604496531602945;0.0;;-3.12;87608;-0.29262383860270846;19.0;38.0;-0.04902651446550974;40469;1.6244386832914004;0.0;9.4;Dropout
5.0;0.0;0.0;0.7209047124406752;0.0;9.0;37.0;1.0;-0.5673941757528043;107.0;1.0;-2.067013828801687;80362;;1.039143831484181;0.0;120.0;55037;9991.0;0.0;5.0;-0.9028582425987935;5.0;19.0;0.0;0.0;;1.0;0.0;0.37898225857006895;3.7;89671.0;13.0;-0.3824917314670229;0.0;0.0;-1.0884878236267916;;5.0;2.4221859469667826;-0.08640044745684328;0.0;0.6050139392516197;43.0;0.6479830636940592;0.0;1.0;-1.7;66859;-1.019992309594743;;;-1.0079610220638864;54430;2.067762506513905;0.0;12.7;Dropout
5.0;0.0;2.0;1.0046108680595498;0.0;4.0;1.0;1.0;0.13509141429097746;138.8;;1.0379892900207761;70315;1.0;-0.13511303090662863;0.0;143.0;44374;9147.0;0.0;5.0;-0.0921137470854294;9.0;1.0;3.0;0.0;6.0;1.0;;-0.29431337433662763;1.4;98989.0;93.0;;;0.0;-0.924259410816647;0.0;8.0;0.2495259006308594;1.1579684910659946;0.0;0.1298931221120807;1.0;0.2794641116703421;13.5;1.0;3.51;81914;0.0056563382108346496;1.0;;0.8749542563142473;94062;0.16482363070597378;0.0;8.9;Enrolled
8.0;0.0;3.0;0.30989780224032437;0.0;;1.0;;-1.1332467856850759;130.0;1.0;-0.18009930097924454;71305;1.0;0.8757409637609486;3.0;130.0;93631;9556.0;0.0;;0.438229098346194;7.0;37.0;3.0;0.0;8.0;1.0;13.666666666666666;-2.0085948022004048;1.4;54073.0;51.0;-0.601500729643516;0.0;4.0;-0.42676432232853545;3.0;8.0;1.226022178048868;0.5053181939331423;0.0;-0.31468929728369127;7.0;1.0039366059713688;11.333333333333334;1.0;;66068;-0.0943797467110778;3.0;23.0;1.7230454309708734;64618;2.5906858360614926;0.0;10.8;Dropout
6.0;;0.0;-0.11753082218517352;0.0;9.0;19.0;;-0.7107854714158094;118.2;0.0;-1.2851820924548754;31473;1.0;0.8680678984458442;0.0;128.0;96843;9254.0;;5.0;-0.5868281402353219;5.0;38.0;0.0;1.0;;1.0;0.0;0.4401064921133193;1.4;72456.0;;2.8687689760254442;0.0;0.0;-2.4313485579106118;0.0;0.0;0.8553035833207868;-0.5708056054436963;0.0;0.45783198496143157;;0.3709025447782209;0.0;1.0;3.51;54214;0.8413238958682041;1.0;19.0;-0.8861403034395645;83228;-0.6801823715353422;;;Dropout
6.0;0.0;;2.125704035082167;0.0;4.0;1.0;1.0;1.5479020155527181;130.0;1.0;-0.20817192870876858;84579;1.0;-0.08737127049316686;0.0;;17443;9003.0;0.0;;-0.5391754559945072;8.0;3.0;0.0;1.0;5.0;1.0;;-1.2945221817905157;;52916.0;51.0;-1.8213728925404575;0.0;;-0.2333323411755965;0.0;10.0;0.9832428819980648;-0.14891392558980251;0.0;0.04082140706978602;39.0;-0.8640879739781828;0.0;1.0;-0.92;46499;0.04454020783604206;1.0;25.0;0.03925207395003367;81542;-1.251079240068953;0.0;;Dropout
10.0;0.0;;-0.01384539441935645;;2.0;3.0;2.0;-1.6027063258803063;130.2;1.0;0.36404108111320266;21088;1.0;-0.693080551988208;0.0;133.0;91287;9773.0;;6.0;-1.3914584985488208;9.0;1.0;5.0;1.0;4.0;1.0;12.6;0.3282242093337605;1.4;10878.0;40.0;;0.0;;-0.5079742372415168;6.0;16.0;-0.19907166159309786;1.5994369045135057;0.0;0.11051892966675599;1.0;-0.5006920238493904;11.0;1.0;3.51;54028;-1.9045611449334656;1.0;19.0;1.0901556348870205;92392;-0.709623754094118;0.0;8.9;Enrolled
;0.0;4.0;0.2040775000328025;0.0;3.0;3.0;1.0;-0.18318215960710474;116.9;1.0;-0.08285112666754706;71688;1.0;-0.6352340311223299;6.0;120.0;18078;9070.0;;7.0;-2.8827793629863554;13.0;2.0;7.0;1.0;1.0;1.0;12.375;-1.5353063021612068;-0.3;35503.0;40.0;-0.24289602826657458;0.0;0.0;0.790011098611832;4.0;8.0;1.60640201191153;-0.3073824519616067;0.0;-0.30352618455988417;42.0;-0.5628410727878568;11.25;1.0;0.79;11156;0.3854680888474076;1.0;20.0;0.11535871496318631;56640;-0.21949026507499075;0.0;13.9;Dropout
6.0;0.0;2.0;-0.33652677387752844;;8.0;2.0;1.0;-1.1663093657640848;;1.0;-1.5519861531260863;22112;1.0;0.837853348868137;0.0;133.1;74700;9130.0;0.0;6.0;-0.37407864171506694;12.0;1.0;1.0;0.0;8.0;;;-0.719667077020741;0.3;76905.0;57.0;;1.0;0.0;0.4229807383568256;0.0;9.0;0.8466872985764928;0.03988124317666772;0.0;-1.0275470610602402;39.0;-0.1864700766184518;10.5;1.0;-0.92;62070;1.5817854003621288;19.0;28.0;-1.7472963330080853;33651;2.3120665512029634;0.0;16.2;Dropout
5.0;1.0;;0.15108185737972077;0.0;;38.0;1.0;-0.7516367978261096;128.4;0.0;1.88555690356411;67391;1.0;-0.042146813712690696;0.0;134.0;96284;9085.0;0.0;5.0;0.1272857978038916;7.0;19.0;;1.0;4.0;1.0;12.5;-0.4335988017356828;1.4;14851.0;93.0;-1.1110383142256373;1.0;0.0;;0.0;;0.04133495180230303;0.6641455686574609;0.0;1.6913071162009194;1.0;1.7947136914145883;12.714285714285714;1.0;1.74;26887;0.028927294116091875;1.0;;0.4434177187857984;47011;-0.28115912740595944;0.0;;Graduate
5.0;0.0;3.0;0.9641179787064542;0.0;7.0;1.0;3.0;-0.1977372296181141;128.8;0.0;1.004217968987892;50641;1.0;-1.0461822197305883;0.0;141.0;41111;9085.0;0.0;5.0;-1.0954141871348322;9.0;19.0;3.0;1.0;5.0;1.0;10.333333333333334;1.2017247703113458;2.6;67853.0;24.0;0.10130343628021547;1.0;0.0;-0.4585507594259069;0.0;8.0;0.2632896244576094;0.2151914879034248;1.0;1.400431616611723;5.0;1.9548995916476282;13.0;1.0;0.32;91016;0.9869586244805224;1.0;19.0;-0.978808636322899;10591;-0.8596558128040213;0.0;;Enrolled
8.0;0.0;5.0;-0.2753053409111772;1.0;6.0;37.0;1.0;-0.9875761226287689;100.0;1.0;-0.3353774516734673;25092;1.0;-1.6848628355091249;4.0;130.0;24296;9003.0;0.0;10.0;1.3778721449510973;19.0;37.0;8.0;;6.0;1.0;11.88888888888889;-0.5335150599859272;2.8;51267.0;67.0;0.6861976838601302;0.0;1.0;-0.23461803852089771;2.0;17.0;-0.1367324164624988;-0.37281811864700987;0.0;1.5901587035315008;39.0;0.8366012004465857;11.6;1.0;-4.06;85981;-0.505123658396434;1.0;28.0;-1.2707225989940136;71538;-0.8984588595774368;0.0;;Dropout
5.0;0.0;0.0;-2.1085304612637246;;3.0;1.0;1.0;0.5739306153664281;122.0;1.0;-0.2950946559022876;27498;1.0;0.8318314520963794;0.0;123.0;15936;9147.0;0.0;5.0;-1.0467001743963766;7.0;19.0;3.0;1.0;4.0;1.0;12.333333333333334;-1.074970953608707;1.4;47063.0;;-0.17929466964480004;0.0;0.0;1.485956554475849;0.0;5.0;0.05223918486637631;-0.7434205622581251;0.0;-0.5393148864108894;;0.11876379683361804;0.0;1.0;3.51;54467;0.5657490603803771;1.0;;-1.7277479909857951;65392;1.1400221120432803;0.0;8.9;Dropout
5.0;1.0;3.0;0.5135701828168205;;;1.0;3.0;1.3511506197724128;123.5;0.0;0.35948739471317603;49592;1.0;-0.5467784222642238;0.0;;40783;9147.0;0.0;5.0;0.9125305572860902;5.0;38.0;5.0;;7.0;1.0;11.6;0.3643450819935937;-0.8;76201.0;55.0;-0.7675530544296392;1.0;0.0;-0.8223046804564419;;11.0;-0.04360073508674361;-0.010098941733217;0.0;-0.6819277125511909;1.0;-1.361652219504395;12.666666666666666;;-3.12;65515;-0.7445892192531699;1.0;19.0;1.1904072931656806;24861;0.9973017483090362;0.0;9.4;Enrolled
6.0;0.0;;-1.0783344411088136;0.0;5.0;37.0;1.0;0.8416781361027316;134.5;;-1.1296213957403316;42950;0.0;0.3303877556559817;0.0;133.1;95719;8014.0;0.0;6.0;0.4186700383823918;8.0;37.0;;1.0;4.0;2.0;13.6;-0.2169735887338547;2.8;30523.0;38.0;-0.022196166913670337;0.0;0.0;-0.719760664950654;0.0;7.0;0.3815336312364906;0.6580193443638774;0.0;-0.41444496221771515;39.0;0.22000830573008343;13.0;1.0;-4.06;13390;-0.2464990236867204;1.0;45.0;-0.8347113190174262;54331;-0.48547818635361034;0.0;15.5;Enrolled
5.0;0.0;0.0;0.7418764419591726;1.0;0.0;19.0;1.0;1.024613117720868;;1.0;0.3226764365369687;50623;1.0;1.2397069070691236;0.0;110.0;51309;9119.0;0.0;;2.176335392057385;;19.0;0.0;1.0;5.0;2.0;0.0;0.790560560649339;2.6;33310.0;51.0;-0.30949624386233104;;0.0;-1.1285841516171509;0.0;5.0;1.739973801410464;1.3209002066417865;0.0;1.0741069440194984;39.0;-0.7900072964370534;0.0;1.0;;62032;-0.23862761549511355;1.0;30.0;0.33333618024787187;74447;-1.8757841160771553;;7.6;Dropout
6.0;1.0;6.0;-0.0013247317267035285;1.0;4.0;;1.0;-1.3797356790288142;126.2;0.0;-1.3307324368607656;48988;1.0;-1.3089244768534851;;129.0;47611;9254.0;;6.0;0.5398393227570869;7.0;;6.0;0.0;2.0;1.0;13.428571428571429;-1.0118799491645347;1.4;24912.0;14.0;-0.3123025006102262;0.0;0.0;-1.4820394794361849;0.0;;-1.2052141169587356;-1.465354086995041;0.0;-0.00019207136786494498;1.0;1.63052189656592;11.333333333333334;1.0;3.51;86511;0.47669009632447673;1.0;21.0;0.5789544305794028;80105;-1.1285935447092847;0.0;8.9;Dropout
;0.0;1.0;0.9431091033115159;0.0;;37.0;;-0.24307102181913384;117.1;0.0;-0.070534216845166;11664;1.0;-0.04513738051284493;0.0;129.0;10602;9773.0;;6.0;-1.4462760641144343;12.0;37.0;;1.0;7.0;1.0;17.0;0.2108538821397784;-0.8;19760.0;41.0;0.9307123465545034;1.0;0.0;0.3070036236254948;0.0;12.0;1.1423547635088067;1.7627843274965713;0.0;-0.5431916986481097;1.0;-1.6061056897904893;17.0;1.0;;57311;-0.8241568116922442;;20.0;0.16181898981519993;79830;1.721243837499543;0.0;9.4;Enrolled
8.0;0.0;0.0;-0.9483437679172113;0.0;9.0;;1.0;0.4674210673534321;118.9;0.0;-1.1685714998568588;48641;;-0.1706941462188697;0.0;133.1;69981;9500.0;0.0;7.0;1.054366605749951;0.0;;0.0;1.0;8.0;2.0;0.0;2.4695667967271864;-0.3;;41.0;0.40294958327295505;0.0;0.0;0.20290333107320993;0.0;;-0.36823448371126805;-0.2884090527239492;;0.3638616780788255;39.0;0.38448433333011733;0.0;1.0;;87461;-1.464884784556007;1.0;30.0;0.2965707799739716;18774;0.6888078845494705;0.0;13.9;Dropout
5.0;0.0;2.0;-0.5352212038343268;1.0;4.0;1.0;1.0;0.8711909141145365;134.4;1.0;-1.1180839823267146;46496;1.0;0.3797428756279606;0.0;133.1;26927;9119.0;0.0;5.0;1.6975818349647305;9.0;1.0;2.0;0.0;3.0;;13.333333333333334;-0.2392789590343433;0.3;19354.0;42.0;;0.0;4.0;1.282761852835352;0.0;9.0;1.2696631482648055;0.9248266682556123;0.0;-0.7364489332625039;39.0;-0.8742393776503687;16.0;1.0;-0.92;16923;0.47011218062826243;19.0;31.0;0.38104808739949664;43630;0.06546137555830518;0.0;16.2;Dropout
6.0;0.0;5.0;-0.34003602599335087;0.0;;;1.0;1.753352992609825;115.4;1.0;1.6457226136182097;45207;1.0;1.2391599984204347;0.0;121.0;72012;9130.0;;6.0;-1.7722122694087714;8.0;;6.0;1.0;9.0;1.0;13.714285714285714;0.18673040970062812;2.8;67533.0;70.0;0.33029618283292206;1.0;0.0;;0.0;7.0;-0.3334453630141593;-0.7375352772088316;0.0;-1.3553905466721528;1.0;-0.009515185483472202;13.333333333333334;1.0;-4.06;97727;0.4325254075428226;1.0;18.0;0.13809768664539374;63589;1.8688331731510581;0.0;15.5;Dropout
5.0;0.0;4.0;-1.4822822026170952;0.0;6.0;37.0;1.0;1.0690395916289455;;0.0;0.059225894284554124;30437;1.0;-1.329451814662408;0.0;140.0;84555;9147.0;0.0;5.0;0.6391289077824008;6.0;37.0;4.0;1.0;10.0;2.0;14.2;-1.6610402580376213;1.4;36993.0;99.0;0.9598803995820612;0.0;0.0;2.397116714531808;0.0;10.0;0.4127536765402529;-1.610839424825448;0.0;0.12923495768365506;39.0;0.6660681903110566;11.857142857142858;1.0;1.74;41289;0.11248653030158272;;35.0;-0.7601595143160239;19473;1.9583262728115163;0.0;10.8;Enrolled
5.0;0.0;0.0;1.1114202087153782;0.0;0.0;;1.0;0.8964886236738843;114.6;0.0;0.20740648540116763;27313;0.0;0.5697979487057669;0.0;110.0;79692;9991.0;0.0;5.0;0.8603148480810332;5.0;34.0;0.0;1.0;0.0;2.0;0.0;-0.8529792879921535;2.6;;24.0;1.3042597005739716;1.0;0.0;-0.07387276754109584;0.0;5.0;-0.1588442487953629;-1.3129461700845408;;-0.5160732121259307;39.0;1.0219686887820973;0.0;1.0;0.32;12445;0.9328883581451364;1.0;46.0;-0.8493371621515893;27900;-0.03593960196129861;;7.6;Dropout
6.0;0.0;2.0;-1.6254229161113314;1.0;;1.0;1.0;2.6335955805393603;110.0;1.0;-2.011379861081323;18070;1.0;1.0315237749937014;0.0;127.0;56696;9773.0;;6.0;-0.21282818004713097;10.0;1.0;3.0;0.0;6.0;1.0;11.666666666666666;0.45972070204276977;0.3;77770.0;9.0;-0.2867132351963696;0.0;0.0;-0.26052956379620706;0.0;11.0;-1.730592123378259;-0.3309567497050653;0.0;-0.013700095673971688;43.0;-0.06069020093158128;10.0;1.0;-0.92;65722;-0.20263846935834745;1.0;19.0;-0.10498154417592623;94861;-0.017571760531666748;0.0;16.2;Dropout
11.0;0.0;11.0;1.0973136179781766;;2.0;1.0;1.0;0.09630908160729591;130.0;;-0.5970017585210479;66247;1.0;-0.18637706395678272;;130.0;68501;171.0;1.0;12.0;-2.421954661537225;12.0;1.0;12.0;1.0;;1.0;15.083333333333334;-0.32989774250221926;1.4;56620.0;11.0;0.8194689058741319;0.0;0.0;-1.3002263451333593;4.0;15.0;1.7389768762939861;0.5240931525711989;0.0;-2.6848596418094988;15.0;0.7612165501815288;;26.0;3.51;65304;0.2813494378557904;1.0;21.0;-0.12616404804901657;56313;-0.5820466821120768;0.0;;Enrolled
5.0;0.0;0.0;0.4243984786736575;0.0;4.0;4.0;2.0;-0.28905843824156896;114.8;1.0;0.4612121187043472;59168;1.0;-0.13744699289312357;0.0;110.0;45450;;0.0;5.0;-0.2959578904884265;6.0;19.0;0.0;0.0;3.0;1.0;0.0;0.6144329606007793;3.7;16954.0;36.0;-1.2961882955734396;1.0;0.0;0.6965781674763256;0.0;5.0;-0.9427536135219672;0.031192456976916073;0.0;-0.892078395238444;1.0;-0.6624700986121024;0.0;;-1.7;21299;-0.34991874381135796;1.0;;0.42931973242657484;62045;-0.2846032874851351;0.0;12.7;Dropout
6.0;0.0;3.0;-0.1988673323428531;0.0;;37.0;1.0;0.17735790366044885;100.0;;0.19413626594750497;83065;1.0;0.4184493689849223;0.0;133.1;73807;9254.0;0.0;6.0;-0.5810692145823946;11.0;37.0;3.0;1.0;4.0;1.0;11.333333333333334;0.42493868579659283;0.3;57268.0;100.0;-2.2530559676347095;0.0;0.0;0.11853424144633881;0.0;10.0;0.08388286115631548;-0.2502346306586392;0.0;-0.04505725832055031;39.0;0.24553838477322035;14.75;1.0;;41223;-0.25861163529318837;19.0;27.0;1.1016500671651597;24248;-1.4863249758001211;0.0;;Dropout
;0.0;3.0;0.34511614863477913;1.0;9.0;1.0;1.0;-0.9150527556868009;128.2;1.0;-2.1540298213537055;31330;1.0;0.3448170778897882;0.0;133.1;71376;9670.0;1.0;6.0;1.5297758630635638;6.0;1.0;4.0;;5.0;1.0;11.25;-1.3180294358777604;1.4;69496.0;98.0;1.8264050339453897;0.0;0.0;0.6512663050106834;0.0;7.0;-1.052421786175074;1.1180233185315536;0.0;-1.5163906397599851;15.0;1.0022074144378648;;;3.51;92888;0.3402164210887915;1.0;18.0;0.3439053605694905;67059;-1.49038637618406;0.0;8.9;Dropout
;0.0;5.0;0.31773328833032305;;0.0;37.0;4.0;0.06763378576780682;134.2;0.0;0.2071379166570812;46708;1.0;0.5823526073671226;0.0;;26937;9773.0;0.0;6.0;-0.0885912930181997;;37.0;6.0;1.0;90.0;1.0;13.166666666666666;1.0153062826248176;1.4;64656.0;;-0.33335844023348676;1.0;0.0;-1.1391242192384;0.0;8.0;-1.3370016514874539;0.0019858210611569498;0.0;-1.4823885456354269;1.0;0.3320994781399878;14.2;1.0;1.74;27019;2.2666095289141754;1.0;18.0;-0.810883719117161;92109;-1.7226588689059015;0.0;10.8;Dropout
7.0;0.0;7.0;-0.40042791157802077;0.0;9.0;37.0;1.0;-1.726852193777482;130.0;0.0;0.36655880354968934;27133;0.0;0.5612805264012167;2.0;;39228;9991.0;0.0;6.0;-0.41231116673332896;12.0;37.0;4.0;1.0;9.0;1.0;12.25;-1.2426849434224;-0.8;88142.0;61.0;0.25247283996301917;0.0;0.0;0.35160418902669965;3.0;9.0;-0.20493983968913196;0.27978467029390514;0.0;0.038769376606717615;44.0;-0.529343696373306;12.0;1.0;-3.12;16538;0.7422976052457452;39.0;;-2.1811558147306163;96387;1.0843370069194447;0.0;9.4;Enrolled
;0.0;;0.29814981435980276;0.0;9.0;38.0;1.0;-0.5295190365678055;;0.0;1.2837619981986996;94628;1.0;-0.9819723056156512;0.0;133.1;79788;9500.0;0.0;7.0;-0.5865124689644753;;38.0;1.0;1.0;;1.0;10.75;-0.764921905807427;-0.3;63508.0;53.0;-1.2252157958963403;0.0;0.0;0.2051996179539418;0.0;10.0;-0.5935112620702715;3.1110273218372373;0.0;0.7015819154576518;39.0;-0.27904236756343237;10.0;1.0;0.79;83949;0.5486092496747569;19.0;28.0;-0.7689372058793238;26494;-1.5614022229125633;0.0;13.9;Dropout
6.0;0.0;0.0;0.7311833285170073;0.0;3.0;19.0;2.0;-0.11533388206559148;154.4;0.0;-0.6552311189383428;80810;1.0;0.9902664977049435;0.0;154.4;49468;9773.0;1.0;6.0;0.3257476167915652;8.0;38.0;5.0;;5.0;1.0;12.0;0.22948491553421296;1.4;83121.0;;-1.2713437135980854;1.0;;0.13903503989368673;0.0;0.0;-1.168815021306427;-0.008038506666042658;0.0;-0.8917160753746192;10.0;1.0156560625479392;0.0;22.0;;71180;0.7734394070681397;1.0;18.0;-1.3444903615265256;29973;1.949962298706155;0.0;;Dropout
5.0;0.0;0.0;-0.9446826998210169;0.0;7.0;37.0;1.0;0.9496352908530433;111.0;1.0;-2.242068720135671;23388;0.0;1.1667831621902383;0.0;133.1;31211;9991.0;0.0;5.0;0.05686819249813196;0.0;37.0;0.0;;9.0;1.0;0.0;1.5670230080065792;1.4;56716.0;76.0;;0.0;0.0;-0.683265908190524;0.0;0.0;-0.0354326147271854;-0.6958451128662319;0.0;-0.2621266575213602;39.0;-1.0918446169281573;0.0;1.0;;54904;-2.3477778671933778;;28.0;-0.730372202360799;61756;-0.7303778911994052;0.0;8.9;Dropout
;0.0;1.0;0.34619495233957576;0.0;;34.0;1.0;1.1110905443863612;;1.0;-0.9967707518051554;82907;1.0;0.1860828936902982;0.0;120.0;99434;9670.0;;5.0;-0.7899449274696445;5.0;34.0;0.0;1.0;;2.0;0.0;-1.0038763521274903;-0.8;67293.0;17.0;0.6428977298217547;0.0;0.0;1.1893246485533984;0.0;5.0;-1.4819067230978304;0.4809597674335028;0.0;-0.23902267684882603;43.0;-0.9443151340074528;10.0;1.0;-3.12;37111;0.3191778387543589;1.0;35.0;0.24227698886521123;89808;1.7373499067825362;0.0;9.4;Dropout
6.0;1.0;6.0;-2.6263250962472626;0.0;4.0;3.0;1.0;-0.9636170647510816;;1.0;-1.0970650388685572;93116;1.0;-1.4941553065496669;0.0;150.0;88116;9670.0;0.0;6.0;0.264020624355621;7.0;37.0;6.0;1.0;7.0;1.0;14.833333333333334;0.14768445341955216;3.7;23960.0;71.0;-0.5165428006124736;0.0;0.0;2.0503075789780114;0.0;;0.1254737984145213;0.7340889498852443;0.0;-1.5623142122243816;1.0;0.6015887598117357;14.833333333333334;1.0;-1.7;88409;0.910473691849177;;20.0;0.08439050783867602;10504;-0.36505434286547456;;12.7;Graduate
6.0;0.0;4.0;-1.9295998999000614;;5.0;37.0;2.0;2.076033433963592;129.5;0.0;0.7367088777799742;69476;;-0.11474570600009057;0.0;126.0;79684;9773.0;0.0;6.0;-0.5572549334824026;9.0;38.0;5.0;0.0;5.0;1.0;12.2;0.1560204688303409;1.4;99306.0;;-0.3357904499013774;1.0;0.0;-1.1103440262976154;0.0;9.0;-0.12732681899747975;0.30098345828089795;0.0;1.183886079548419;17.0;-0.4391435945417976;11.75;1.0;1.74;87729;0.08442661197174914;1.0;18.0;1.85817761693821;30267;-1.566186770920477;0.0;10.8;Dropout
8.0;0.0;0.0;0.5645266515564303;1.0;9.0;19.0;1.0;0.14837347843950222;122.0;0.0;-2.716736588395318;99160;1.0;0.19440587694056835;0.0;125.0;47964;9500.0;0.0;7.0;-2.592259783705173;0.0;19.0;0.0;1.0;10.0;1.0;0.0;0.6573599777724382;0.6;12433.0;84.0;;1.0;0.0;0.720443979592958;0.0;0.0;-2.4804060345012777;0.1569124622693901;0.0;-0.18295745020822007;1.0;-1.4530581963496891;0.0;1.0;2.02;10073;-0.04317602995444549;1.0;;0.48308155208218606;24079;1.2837788980654694;0.0;11.1;Dropout
0.0;1.0;0.0;-0.4178292318442006;1.0;9.0;37.0;1.0;0.24004496603076966;;0.0;-0.4483564600726221;27070;1.0;-1.1446002377868172;0.0;115.0;59857;171.0;0.0;0.0;0.6680229032992873;0.0;37.0;;0.0;8.0;1.0;;1.1840305496790888;-0.8;97137.0;21.0;1.1657880893103332;1.0;0.0;-2.877850151340389;0.0;0.0;-0.5231099030498442;1.4822309626578862;0.0;-0.17223959547805534;1.0;1.3508186670419104;0.0;1.0;-3.12;84414;-0.9399388909193038;1.0;23.0;1.909167283314702;81060;1.401865627633225;0.0;;Dropout
9.0;0.0;4.0;-0.8534381724935188;0.0;99.0;34.0;1.0;-1.617693484988327;100.1;1.0;1.4257954735772547;35987;1.0;-0.36013806357701345;6.0;160.0;95109;9670.0;0.0;10.0;0.5731841012521988;10.0;;7.0;0.0;99.0;1.0;12.142857142857142;-0.40407526400193994;2.6;61856.0;98.0;0.8685300090840632;0.0;0.0;0.6686099494824584;4.0;9.0;0.46841001022675305;1.3572472122756287;;0.37298340396300117;43.0;-1.0996002878799076;12.25;1.0;;52560;-0.4334103925157602;1.0;35.0;0.7151394039899267;54939;-0.9060510002670108;0.0;7.6;Dropout
0.0;1.0;0.0;-0.05302547355694728;1.0;9.0;37.0;1.0;-0.620057390120057;100.0;1.0;0.00721246283363482;66941;1.0;-1.4093693875585418;0.0;;57406;171.0;0.0;0.0;0.1997391261772232;0.0;37.0;0.0;1.0;7.0;1.0;0.0;1.0118492412629496;2.8;40370.0;31.0;-0.48414824776194576;;0.0;-1.8701546165417549;0.0;0.0;-1.06354588495652;-0.11710115211197082;0.0;-1.5599949840012008;39.0;-0.1994300133196385;;;-4.06;39988;-0.8334954535324218;1.0;33.0;1.0857067433050347;74303;-0.33165226659745056;0.0;15.5;Dropout
0.0;0.0;0.0;-0.3959516548742255;;9.0;;1.0;1.049823811532478;;1.0;0.8963168161764239;58453;;0.607292224986444;0.0;130.0;84258;171.0;0.0;0.0;-0.4424677225915938;0.0;2.0;0.0;0.0;2.0;1.0;0.0;1.3303217188263794;-0.8;48089.0;58.0;0.6841162653903671;0.0;;-0.524967347899258;0.0;0.0;0.5117921944358096;-0.6434945618898616;0.0;0.9199342952920321;7.0;-0.619520643687098;0.0;1.0;-3.12;41352;0.9995068453141214;3.0;18.0;-0.3589022716209584;13686;-0.9057959365609791;0.0;9.4;Dropout
5.0;0.0;0.0;-0.9886077978129807;;9.0;19.0;1.0;0.1697784627130989;119.1;1.0;-1.6417983335510877;74198;1.0;0.1659553149020513;0.0;132.0;85983;9147.0;0.0;5.0;-0.07206016506412331;16.0;;;0.0;7.0;;12.0;1.7839591788715732;-0.3;16891.0;;-0.24523700207901708;0.0;0.0;-1.3130246617542505;0.0;6.0;0.432679209913578;0.4292028431462364;0.0;1.050610770954795;1.0;-0.2976834855402208;0.0;1.0;0.79;51589;1.5016677885466418;1.0;19.0;-1.0745092833292917;21900;-0.12052669445771902;;13.9;Dropout
8.0;0.0;0.0;-1.6390490119333025;0.0;1.0;19.0;5.0;0.10781472625287399;129.3;0.0;-1.6019895132063227;96891;1.0;-1.6457831648142445;0.0;137.0;82410;9500.0;0.0;;0.819282647401717;0.0;1.0;0.0;1.0;10.0;1.0;0.0;0.5019232997216204;-0.8;46910.0;8.0;-0.3375492453760595;0.0;0.0;-0.21561149494939602;0.0;0.0;-1.0177214269522048;-0.6492333579817837;0.0;0.14053169682133324;18.0;-0.8846194576513401;0.0;1.0;-3.12;61637;1.9350660704694875;1.0;19.0;-0.4489598908008796;58849;0.10782914744085476;0.0;9.4;Dropout
6.0;0.0;3.0;-1.9681574707335656;0.0;0.0;34.0;1.0;0.22717217057548106;100.0;0.0;1.4372424578452343;30997;0.0;0.3514648615819806;0.0;133.1;64077;8014.0;0.0;6.0;-0.6318116615997146;11.0;34.0;4.0;1.0;0.0;;;0.15743691035263355;2.6;16395.0;76.0;-0.049710774698647646;;0.0;0.8387936983678286;0.0;;-0.012282303305984794;0.8851616681096938;;0.4622084478286435;39.0;0.7142792376934625;12.0;1.0;0.32;96319;-0.8499943785727067;1.0;;-0.011869530677998787;47790;-0.3513830591154286;0.0;7.6;Dropout
6.0;0.0;6.0;0.7387923852598552;0.0;9.0;38.0;6.0;-1.4432043050860484;137.6;0.0;0.10121536575725322;88515;1.0;-0.05650894739029124;0.0;140.0;41055;9853.0;0.0;6.0;0.859645814648972;7.0;;6.0;;7.0;1.0;11.666666666666666;-0.4745844736148692;;;83.0;0.6432339648753832;1.0;;-1.8573132637270229;0.0;7.0;0.8249910833476561;0.4240562762269059;0.0;-0.32607949745109954;1.0;0.11082352430691157;12.333333333333334;;1.74;12255;-0.6684124604359205;1.0;18.0;-0.6281588840050212;26589;-1.818891395390853;0.0;10.8;Dropout
0.0;0.0;0.0;-0.42249955247731835;0.0;4.0;1.0;1.0;-0.09660855340148841;134.7;1.0;0.10327436220914413;21964;1.0;0.5164142827544048;0.0;128.0;40534;171.0;0.0;0.0;-1.474847641512767;0.0;1.0;0.0;0.0;;1.0;;-1.4589867321496075;1.4;22275.0;9.0;-0.8921995148939958;0.0;0.0;-0.35947968951563886;0.0;0.0;-0.8764222304605156;2.6700310384744697;0.0;0.8632940488115796;17.0;0.9836535952108916;0.0;1.0;1.74;64710;-0.749695164058005;1.0;19.0;-1.0011424244708513;33477;-0.5808793150900222;0.0;10.8;Dropout
6.0;1.0;4.0;0.9695493139349181;0.0;9.0;37.0;2.0;1.4083303552976218;119.3;1.0;-1.1181528281069966;51346;1.0;-0.3915324337554278;;127.0;83007;9070.0;0.0;6.0;0.16816260394714022;8.0;37.0;4.0;1.0;9.0;1.0;10.25;-0.277953532658498;;20218.0;60.0;0.5023946175506584;1.0;0.0;;0.0;6.0;-0.20581055758128874;1.4732968955542045;;-0.8229397071259792;17.0;-0.6091682115417223;11.25;1.0;-1.7;15914;-1.018556131618258;;25.0;0.4168376924207596;75387;0.7035187635540419;1.0;12.7;Dropout
6.0;0.0;0.0;-0.4326501646030613;0.0;;37.0;1.0;1.0867076220654937;120.5;1.0;0.10078172895023148;49017;1.0;-0.8014794007430242;0.0;;47600;9773.0;0.0;6.0;0.025757450038373535;;37.0;0.0;;4.0;1.0;0.0;0.11233773622650821;-0.8;74122.0;89.0;2.4978209731335568;1.0;0.0;;0.0;0.0;1.1502391179811413;-1.0787404979733752;1.0;-0.03239832563419534;;2.133021769949211;0.0;1.0;-3.12;10540;-1.0024181920716115;1.0;19.0;-1.0053971661972523;11236;-0.20889954259591606;0.0;9.4;Dropout
6.0;0.0;5.0;0.35496995250337543;0.0;5.0;38.0;2.0;-0.1251994421155985;118.1;0.0;-1.1459375683400963;82565;1.0;-0.7708446264578068;0.0;124.0;32254;9853.0;0.0;6.0;1.0026849877704216;11.0;37.0;;0.0;3.0;1.0;;-0.10949230243290681;-0.8;26133.0;62.0;0.1831211803552067;1.0;0.0;0.43176100785028515;0.0;10.0;-0.8576320647592103;-0.5187886816093837;0.0;0.027263486021683294;1.0;-1.9046487855039445;11.8;1.0;-3.12;37275;-0.5154948762809228;1.0;18.0;-1.5334919481185305;88145;-0.32744062756170583;0.0;9.4;Dropout
5.0;0.0;4.0;-0.12540444123452998;0.0;7.0;37.0;1.0;1.5636686743615553;98.0;1.0;1.18687044890565;48187;1.0;-0.5381702165484047;0.0;133.1;26504;9147.0;;5.0;-0.9189294294009274;8.0;38.0;4.0;1.0;7.0;1.0;;0.5977179928148281;0.6;40163.0;;0.03571809194315265;1.0;0.0;-1.1772171132734226;0.0;7.0;0.4591582858021184;-1.9139503344038267;0.0;-0.03868446887516717;1.0;-1.585134907922294;11.0;1.0;2.02;79950;0.8744775262070155;1.0;23.0;-1.1220861138975957;24351;-0.9307765450307648;0.0;11.1;Graduate
8.0;0.0;;0.044446728859096486;;9.0;37.0;1.0;-1.2590985067683942;141.0;1.0;2.7278307098681713;84733;1.0;0.018825096581047043;0.0;137.0;65402;9500.0;0.0;7.0;-0.8098101480985058;0.0;37.0;0.0;1.0;9.0;1.0;0.0;-1.4541732744065268;0.5;69593.0;72.0;-0.0841676705938479;0.0;0.0;-0.47129437903039967;0.0;0.0;-1.0791911082922734;-2.1377468066474012;;1.0691260562901375;39.0;1.7530848477164287;0.0;1.0;1.79;41105;-0.7178352484960169;1.0;36.0;-0.2343554882632483;78268;-0.6100513691976166;0.0;12.4;Dropout
6.0;0.0;0.0;0.09303681061097219;1.0;9.0;38.0;1.0;-0.97169766485626;138.1;0.0;0.48394105366532936;23797;1.0;0.14795846542479205;0.0;;96355;9003.0;0.0;6.0;-1.394494323059943;6.0;38.0;0.0;0.0;6.0;;0.0;-0.1819742702898053;1.4;55422.0;77.0;0.47821166166892426;0.0;0.0;1.5561042383855315;0.0;7.0;-0.16096190319500647;0.11382686731475589;;2.188204837221725;39.0;0.47404166744638443;0.0;1.0;3.51;42517;1.0530802197635976;1.0;28.0;-0.9909191077645232;66674;1.4089481065819602;0.0;8.9;Dropout
;0.0;;-0.4457067568314786;0.0;4.0;1.0;1.0;1.863622377157307;111.8;0.0;-0.6349463854615437;99403;;-0.19071987780810284;0.0;133.1;44073;9500.0;0.0;7.0;-0.566734456175991;;19.0;0.0;1.0;10.0;1.0;0.0;1.9947695091303101;0.6;56239.0;1.0;-1.6104038649061634;1.0;0.0;0.7143653167740243;;;0.4467267145738957;-1.1923837062916716;0.0;-0.10983704722695203;39.0;0.3413860830560752;0.0;1.0;2.02;91224;1.3674678506273976;19.0;;-0.22808990331850998;15705;-1.1397772568021078;0.0;11.1;Dropout
6.0;0.0;2.0;-1.2296215128794679;0.0;9.0;19.0;1.0;0.5779731183085232;101.0;0.0;-2.5336583304946583;27254;1.0;-0.42331954899651913;0.0;133.1;68697;9085.0;;6.0;0.25541797148428574;;;3.0;1.0;5.0;2.0;12.666666666666666;0.9955987595022235;;49768.0;9.0;1.7010843062181855;1.0;0.0;-0.9182334624054216;0.0;15.0;-2.404526789936707;1.641185731629202;0.0;0.47035763382715096;39.0;0.43127530731801106;;1.0;-4.06;34825;0.2850964908938784;19.0;26.0;0.60044430527921;78799;0.7208230966852296;0.0;15.5;Dropout
5.0;0.0;2.0;0.7661317455737034;0.0;90.0;37.0;1.0;-0.28888734210231437;110.0;0.0;-1.6844641145423411;63252;1.0;-0.3514032680054818;0.0;110.0;37793;9085.0;0.0;;-1.7978434432742112;14.0;37.0;1.0;0.0;90.0;4.0;12.0;0.6161901292127211;-0.8;64869.0;14.0;0.981186954304018;0.0;1.0;-0.267070538383089;0.0;11.0;-0.5343230811186335;1.157915456352117;;-0.8024274385394559;39.0;0.5712072701504491;10.5;1.0;-3.12;79102;1.2291308519186923;1.0;35.0;0.5744430468633508;54670;0.047055220903524465;;9.4;Dropout
7.0;;6.0;1.5935467921920556;1.0;;38.0;;-0.05531856603524731;125.4;0.0;1.554861831027136;54965;1.0;2.507724785506933;0.0;125.0;45870;9853.0;;7.0;-0.44291250973272467;;38.0;4.0;0.0;9.0;1.0;12.0;0.3906823750224901;0.3;68748.0;20.0;;0.0;0.0;-0.23510914840814795;0.0;9.0;0.4293319271863781;-0.2714944335656375;0.0;1.0319214801647911;1.0;0.2997677204339506;11.833333333333334;1.0;-0.92;84891;-1.361260295329189;1.0;19.0;-0.660825909089311;37094;0.24481066312140204;0.0;16.2;Dropout
6.0;0.0;5.0;1.6592154099740235;0.0;;1.0;1.0;-0.806631113127184;122.5;0.0;-1.0291918432710732;18147;1.0;-0.7707251514982087;0.0;134.0;46741;;0.0;6.0;0.6107903529668718;10.0;;5.0;1.0;;1.0;13.166666666666666;-0.3654318573986666;2.8;21640.0;22.0;0.03154723012069842;1.0;0.0;-0.5379819271558055;0.0;8.0;0.2258441091983972;-0.3283124403423828;0.0;-0.5174846563181295;17.0;-0.9659044916251056;12.4;1.0;-4.06;68303;-0.5581865712493034;1.0;22.0;-1.3039415870389495;20005;-0.7323562810146178;0.0;15.5;Enrolled
6.0;1.0;6.0;-0.5532699110679784;0.0;4.0;1.0;1.0;0.27659260180744516;129.8;0.0;-0.3708348816865122;57467;1.0;-0.5579720085461926;0.0;134.0;42389;9238.0;0.0;6.0;-0.10287939069006907;6.0;19.0;6.0;1.0;;1.0;11.666666666666666;-1.7540702517567133;;;75.0;-0.5573481998317705;0.0;0.0;-1.7102121563216897;0.0;8.0;-0.522378384637123;1.4853729567873464;0.0;3.145128115262409;1.0;0.8181909050727912;;1.0;-4.06;97076;0.18941654822583828;1.0;;-0.5756234651492074;20386;-0.35177736604791715;0.0;15.5;Graduate
6.0;0.0;0.0;-0.7331707579706717;0.0;9.0;19.0;1.0;0.19738844631147082;100.0;0.0;0.6553259745791783;88610;1.0;3.2938541083681483;0.0;;86268;9003.0;0.0;;0.07520552905547154;6.0;19.0;0.0;1.0;9.0;1.0;0.0;0.45712859041199905;0.6;83271.0;;;;0.0;;0.0;;-1.1045820055811701;1.7146072923216251;0.0;-1.6707397996306834;39.0;0.6606782115382321;0.0;1.0;2.02;98534;0.22323402048088872;1.0;30.0;0.6556448097835503;46814;-0.005720180171957454;0.0;11.1;Dropout
6.0;0.0;6.0;-0.5542824478353274;0.0;4.0;12.0;1.0;0.01988470986269033;107.0;0.0;1.4822897993617925;58406;1.0;0.4210133024605525;0.0;133.1;91628;9238.0;0.0;6.0;-1.5060991811596642;11.0;38.0;5.0;;9.0;1.0;10.6;-2.4484283162896685;;48172.0;34.0;0.06135086348836161;1.0;0.0;;0.0;;0.6284648821942466;-0.9325979079605365;0.0;2.1474451670879215;1.0;1.4284311467398303;11.714285714285714;1.0;2.02;15583;1.4292325248562996;1.0;19.0;0.8891962290445682;36509;-0.5206669646091963;0.0;;Dropout
6.0;0.0;0.0;-0.1758374021437915;0.0;9.0;37.0;1.0;-1.1597562152110958;130.0;0.0;-0.199586921163838;73253;1.0;-1.3799806659036957;0.0;;34216;9085.0;0.0;6.0;-0.10004559013353101;7.0;38.0;0.0;1.0;6.0;1.0;0.0;-0.32555586261277647;0.6;43537.0;79.0;0.22863355598492077;1.0;0.0;-0.3811444870611752;0.0;7.0;-0.3224067375218164;-1.0611831395036775;;0.9912221880494576;;1.7642410769011654;0.0;;2.02;25315;-0.9988453498052485;39.0;23.0;0.35288992103335304;85558;0.3314321040365493;0.0;11.1;Dropout
;0.0;3.0;-0.05246096412630516;0.0;0.0;38.0;6.0;0.26475611106891084;114.6;1.0;-0.4046668696660347;98382;1.0;0.8426872039772633;0.0;117.0;42428;9670.0;0.0;6.0;0.02868553576688976;9.0;19.0;4.0;0.0;1.0;1.0;;-0.003659189502331053;1.4;75321.0;;-1.028321550521706;0.0;0.0;-0.10325363046091905;0.0;11.0;0.5453472016290055;-0.3010911470597567;0.0;-1.1222418326765982;17.0;0.33047607964326225;10.166666666666666;1.0;1.74;45131;-0.5369555735865934;1.0;;1.2014360509954203;58860;0.45743901612307103;0.0;10.8;Dropout
8.0;0.0;0.0;-0.9979284582573041;;;19.0;1.0;-0.5295114324220319;129.9;;0.07162102851068375;37264;1.0;-0.9100388892011476;0.0;140.0;11798;9500.0;0.0;7.0;-0.1637300052472913;;38.0;0.0;;8.0;;0.0;-0.4471904354070139;0.3;65175.0;;-0.48154350600559304;0.0;0.0;0.14052564685357408;0.0;0.0;0.3802231355175076;0.43119170537287405;0.0;2.3194483877696035;1.0;-1.2275490176321833;0.0;;-0.92;69947;-0.08498307073071355;1.0;19.0;1.729202119619373;13704;2.172706623619921;;16.2;Dropout
8.0;0.0;;-1.4797358465454047;0.0;5.0;37.0;2.0;-0.985977260489188;111.3;0.0;-0.6276378166392172;13564;;0.9090615078050971;0.0;120.0;78072;;0.0;7.0;0.15280179391747475;7.0;37.0;0.0;1.0;5.0;1.0;0.0;2.1713830601352306;0.3;;57.0;1.1460579129001776;1.0;0.0;2.218141394712126;0.0;8.0;-0.447418285568487;-0.5136716563359154;0.0;-0.9284104099424422;17.0;1.7725229312021364;0.0;1.0;-0.92;35174;-0.5186191951104016;1.0;32.0;-0.4832279281295279;88924;0.27819002936237136;0.0;16.2;Dropout
6.0;0.0;2.0;0.04994230650739764;;9.0;37.0;1.0;1.2667424915373615;141.4;0.0;-0.5738192032929551;72021;1.0;-0.21096227937068143;0.0;134.0;73707;9773.0;0.0;6.0;-0.30912545238327666;12.0;19.0;3.0;;10.0;1.0;13.0;1.8243427851000615;-0.8;51908.0;88.0;-0.533791358997568;1.0;0.0;0.008874771416961356;0.0;13.0;1.0725617429946501;0.45221416416198873;0.0;-0.31433085036271674;1.0;-1.018149935002941;14.0;1.0;-3.12;67360;-1.0426262865350366;1.0;;1.4865632539864901;32648;-1.9122426555188374;0.0;9.4;Dropout
6.0;0.0;1.0;-3.5304091008965424;0.0;3.0;;1.0;2.169721357835259;121.0;0.0;0.4118801175338736;80765;1.0;-0.43979584948940736;0.0;;85187;9238.0;0.0;6.0;-0.4560374358920444;11.0;1.0;5.0;1.0;5.0;1.0;11.2;1.032811733676764;2.6;;8.0;-2.643494534849144;0.0;0.0;1.0939453535835113;0.0;15.0;-0.5942776100361612;1.950298638778356;0.0;-1.2965925558700746;1.0;0.3379641936723808;10.0;1.0;0.32;90796;-0.47655044504129856;1.0;21.0;-0.2605495207917437;64584;1.16301908083868;;7.6;Enrolled
5.0;0.0;;-0.10065681931580951;;1.0;19.0;;1.942620128819636;120.0;1.0;0.18529151783448639;22834;1.0;1.6091649688275829;;120.0;60380;9119.0;0.0;5.0;-1.0397708615336136;7.0;;1.0;0.0;1.0;1.0;13.0;-0.9253267660723773;3.7;52148.0;;-0.1506303851819964;0.0;0.0;-0.5981801720511966;2.0;5.0;1.1904539741519027;-1.4060311971642363;0.0;-0.1464519051888669;7.0;-0.256733926420855;14.0;1.0;-1.7;10560;-0.24552646278799062;3.0;40.0;1.019848697260064;84390;-0.20387064163619242;0.0;12.7;Dropout
6.0;0.0;5.0;-0.9447476084110652;0.0;9.0;19.0;1.0;0.6501227637622845;122.2;0.0;2.131605306558584;41662;1.0;0.5664013526592448;0.0;125.0;91881;9773.0;0.0;6.0;0.9744616139484148;7.0;37.0;;0.0;5.0;1.0;12.6;1.9214153269654546;0.6;36604.0;24.0;2.4114911104618986;0.0;;-0.2593992605024914;0.0;6.0;1.321292530547531;-0.44567588006256387;0.0;-0.052697279756085895;18.0;-0.43062535018479275;11.8;1.0;2.02;88091;1.4475444652791312;1.0;18.0;0.7085724686727621;70110;2.011925362936854;;11.1;Enrolled
5.0;0.0;0.0;0.7801545266128417;;3.0;;4.0;-0.2655850790791903;109.1;1.0;0.4388488166354295;42255;1.0;0.9729894374492074;0.0;108.0;22697;9147.0;0.0;5.0;-1.2266583460791631;;1.0;;1.0;;1.0;0.0;0.618969138823701;;80071.0;34.0;;1.0;;0.012552723110285054;0.0;5.0;1.050114674490225;-1.3869919154945942;0.0;0.8300306906097307;1.0;0.7643001215315177;0.0;1.0;1.79;53748;-1.0202319087395249;1.0;19.0;-1.9770584192526244;46533;1.470924452505308;0.0;12.4;Dropout
6.0;0.0;6.0;1.047634877105146;0.0;9.0;1.0;1.0;-0.07035558260462091;;0.0;1.151145548093828;77760;1.0;0.43491967951994637;0.0;133.1;43574;9238.0;0.0;6.0;0.15794700027741299;10.0;;6.0;1.0;7.0;1.0;14.25;-0.9419796597530112;0.3;81662.0;23.0;;0.0;0.0;-0.7741329418493845;0.0;7.0;-0.18056115336629774;-0.8365848119285502;0.0;2.438313702189339;;0.24445959926796562;;1.0;-0.92;91099;0.8151845523581985;1.0;19.0;-0.9662271349267902;10671;-0.5052673837115664;0.0;16.2;Graduate
6.0;;0.0;1.071245760247934;0.0;2.0;3.0;1.0;0.4056022634622747;103.0;1.0;-1.071285176723131;88830;;-0.4444445237930985;0.0;133.1;50313;9085.0;0.0;6.0;1.813197074671605;0.0;1.0;0.0;1.0;5.0;1.0;0.0;0.03271691129624232;1.4;19931.0;47.0;-0.050601777104585396;0.0;0.0;-0.20371778060295764;0.0;;2.5470791443679888;-0.29467649213245356;;-0.5129606384632788;39.0;0.5132414912681309;0.0;;1.74;71221;1.272135338147079;19.0;25.0;-1.221287916310358;31181;0.7219027838711753;0.0;10.8;Dropout
7.0;0.0;5.0;-0.3464468812906376;0.0;9.0;37.0;1.0;-0.4202477524611892;120.0;0.0;0.5251572900302712;76188;1.0;0.6113544202582081;3.0;120.0;78878;9147.0;0.0;8.0;1.1014350285902976;;37.0;5.0;1.0;9.0;2.0;12.6;0.9585748535381327;1.4;18408.0;25.0;0.6798593699929649;0.0;0.0;0.8880509358132697;2.0;13.0;0.15184445908924354;-0.7272111647608682;;-2.7526304188822164;7.0;-0.8156862901633702;11.25;1.0;1.74;13839;-0.5125946490995373;;33.0;-1.7820470316258878;61249;-0.5939551477478877;;10.8;Enrolled
0.0;0.0;0.0;-1.135144011963411;0.0;6.0;9.0;3.0;1.318810060122396;108.7;0.0;-0.7229813466010591;36694;1.0;1.2092153926844607;0.0;115.0;29737;171.0;0.0;;0.5093647376937733;0.0;;0.0;0.0;6.0;1.0;0.0;-0.5988788406423085;-0.8;16731.0;52.0;;1.0;0.0;-0.8003645610918834;0.0;0.0;0.24105647884645948;0.5199775663480041;0.0;0.648498144866606;1.0;-0.17407496537466038;0.0;1.0;-3.12;91206;0.25989310171176616;1.0;21.0;0.879314983395656;95445;0.0026908264146938425;0.0;9.4;Dropout
8.0;0.0;5.0;-0.8145923168666186;0.0;4.0;3.0;3.0;-2.0357274943285386;126.0;1.0;0.3954532632965579;65785;;0.1347380435175534;0.0;139.0;39419;9500.0;0.0;;0.24974216556611886;15.0;1.0;5.0;;1.0;1.0;;0.14053255467279163;1.4;39638.0;89.0;-0.8560589949306505;1.0;1.0;8.903096363832074e-05;0.0;;-0.022061345238108394;0.1509562831239266;1.0;-0.5503107193325508;1.0;-0.7695349798407002;12.288;1.0;1.74;14509;0.5759363168126841;1.0;18.0;2.068771855120066;13228;0.675984814353954;0.0;10.8;Dropout
6.0;;5.0;0.28761068318139993;0.0;4.0;1.0;4.0;-0.2957255539874333;115.2;0.0;0.6885145981148411;34216;1.0;1.8016426043465061;0.0;126.0;18470;9670.0;0.0;6.0;-0.12777124825616512;7.0;;3.0;0.0;7.0;1.0;12.666666666666666;0.31647637718015914;;19095.0;90.0;0.3983468753297458;;0.0;0.7087335516559325;0.0;10.0;-1.1297664770563425;0.29901908063176713;;1.8184534035563233;17.0;-0.19907158797746502;13.125;1.0;1.74;32526;0.41100462617237526;;19.0;-0.25767250469905323;24015;1.11300020604651;0.0;10.8;Dropout
6.0;0.0;0.0;-1.6458644750411904;1.0;9.0;19.0;2.0;0.8010714920673201;113.3;;0.04986884400147382;66803;1.0;0.8504872032019086;0.0;;94960;9254.0;0.0;6.0;-0.9013495210163825;0.0;19.0;0.0;;7.0;1.0;;-1.1008542015399994;0.6;61267.0;7.0;1.5944865738108958;1.0;0.0;-0.8244660488127444;0.0;0.0;1.295073237384764;-0.3066977796326571;0.0;-0.03458460830358658;17.0;-0.1187622248674092;0.0;1.0;2.02;59625;0.08214322129194503;1.0;21.0;0.8541566653663792;42238;0.89520582888624;0.0;11.1;Dropout
;0.0;4.0;1.3935494894640366;1.0;5.0;1.0;1.0;-0.8451596472798208;106.7;0.0;2.407325721474793;96857;1.0;0.2119825497716119;0.0;113.0;50790;9670.0;;6.0;-0.2538313729583662;10.0;1.0;2.0;;;1.0;11.666666666666666;-0.2700928477579016;2.8;99576.0;82.0;-0.43932318167408735;;0.0;1.095413792614956;0.0;10.0;-0.5724034296639381;-0.21460798720906252;0.0;-0.7590907756728349;17.0;1.8443041732047962;10.5;1.0;-4.06;91356;-0.6788259158876885;1.0;20.0;1.4846253176907442;80973;0.07498963191282787;0.0;15.5;Dropout
8.0;1.0;7.0;-0.33063003179733347;0.0;5.0;;1.0;-0.24014889117783317;120.0;0.0;1.4279797691084526;69723;;0.25148653101781787;0.0;130.0;11004;9500.0;;8.0;0.5748756443304629;11.0;37.0;7.0;1.0;7.0;1.0;13.29;-1.0254625750431887;-0.8;73437.0;66.0;1.567017372597567;1.0;3.0;0.0728834797113227;0.0;11.0;0.9196110260373133;-0.350690547600098;3.0;-1.0129686158622515;39.0;-0.2593885144687406;13.29;1.0;-3.12;25020;0.6624565916340586;1.0;25.0;0.20833170018275968;95500;2.4834239000812164;0.0;9.4;Enrolled
5.0;0.0;5.0;0.5001736724429345;1.0;9.0;37.0;;0.5936434162432024;115.5;1.0;1.1772453328290966;80660;1.0;0.13723712896762474;0.0;120.0;31173;9147.0;0.0;5.0;0.38971494781487126;8.0;38.0;;0.0;9.0;;12.5;0.8686680157067189;1.4;93442.0;66.0;-0.7543235953336023;1.0;0.0;-0.16512256333928968;0.0;9.0;1.1595531083185424;-0.24865772995495525;0.0;0.6228867196642872;17.0;-2.125598324530646;10.5;1.0;3.51;58437;-0.374457890340829;1.0;19.0;-0.02531306491503976;26026;-0.36502040652708934;0.0;8.9;Enrolled
;1.0;4.0;-1.7814261137368408;;4.0;;;1.518269107037796;131.6;1.0;0.7642861923700136;77283;;-1.2512387855949916;0.0;148.0;61316;9085.0;0.0;;0.7887224933035469;8.0;38.0;6.0;1.0;9.0;1.0;15.5;-0.908055425577215;0.6;23373.0;40.0;-3.385512661750694;0.0;0.0;-2.0081478058002147;0.0;9.0;0.6033213805492871;0.4190093112070743;0.0;-0.27523666302767474;1.0;1.3950915373207864;15.5;1.0;2.02;20139;0.02865093375864512;;18.0;-0.24568792774209228;62243;-1.6072006316992977;0.0;11.1;Dropout
5.0;;0.0;-0.9259820257583495;0.0;4.0;19.0;1.0;-1.2939382821662444;120.0;1.0;1.7633608177300442;52884;1.0;-0.09007219580860511;0.0;135.0;54214;9147.0;0.0;5.0;1.2196718650445633;6.0;1.0;0.0;0.0;4.0;;0.0;0.2918037041313899;2.8;73049.0;;0.7438108402499215;0.0;0.0;-0.3736124420134736;0.0;5.0;-0.6919692758983038;-1.9234906855585665;0.0;1.4677072531302522;42.0;0.44925937402602345;0.0;1.0;;40572;0.1758183071507087;1.0;25.0;0.5375588822049737;96673;-1.4146992952093247;0.0;15.5;Dropout
6.0;1.0;6.0;-1.9056791456563793;1.0;9.0;;1.0;-1.36807448775486;138.4;;-1.4369692974692159;21845;1.0;0.22118648534116717;1.0;124.0;55895;9070.0;0.0;6.0;-0.15845717287825958;8.0;19.0;6.0;1.0;9.0;1.0;13.285714285714286;-1.3901558183935978;-0.3;75568.0;42.0;0.5403989430107602;1.0;;0.371592416145303;0.0;8.0;-0.34107825551218224;0.28794132653147847;1.0;-0.2105894989218028;1.0;-0.13101043455338934;12.5;1.0;0.79;33431;0.8559892254411526;1.0;;0.8746940500325806;99867;1.4740077301223429;0.0;13.9;Dropout
7.0;0.0;2.0;1.021189493801152;1.0;3.0;1.0;1.0;-0.9460301878398408;118.8;0.0;1.3702831179905761;97808;1.0;-0.41608512126652875;6.0;124.0;15614;9238.0;0.0;10.0;0.1918514853321646;16.0;1.0;6.0;0.0;1.0;1.0;11.833333333333334;-1.13343688314131;;50278.0;23.0;0.7361842834679144;1.0;0.0;1.7453450188024677;2.0;8.0;-2.6770761806813215;-0.8687305635806749;0.0;1.4146201601956725;;-0.4372153668610949;13.0;;-0.92;48507;1.92794120579788;1.0;;0.4618049060391806;80745;-0.07665291984680452;0.0;;Dropout
5.0;0.0;3.0;-0.16020473987501962;0.0;5.0;37.0;1.0;-1.5375358505081602;;1.0;-0.9912443119995229;42475;0.0;0.33767701870469485;0.0;133.1;88985;9991.0;0.0;5.0;-1.8990713631272962;;1.0;4.0;1.0;4.0;1.0;11.5;-1.1818812091706816;0.5;77105.0;18.0;0.6971048720733348;0.0;0.0;0.5678891541116129;0.0;11.0;-0.11646765636659494;-0.33885764009882186;0.0;-1.3801342060809683;39.0;-0.9469256560568857;;1.0;1.79;73845;-0.737785120469242;1.0;25.0;0.42746307581686693;80077;0.15905749805409206;0.0;12.4;Dropout
5.0;0.0;0.0;0.571304953436236;1.0;9.0;;1.0;-1.4663784554114703;95.0;0.0;-0.5643391190667296;89785;0.0;0.021307490355111102;0.0;133.1;84651;8014.0;0.0;6.0;2.2561977750354685;11.0;37.0;;0.0;9.0;4.0;0.0;-0.2895751538800803;1.4;17656.0;8.0;0.19175005442809046;0.0;0.0;1.1262162317783488;0.0;6.0;0.8027101876999836;-1.561532898503499;0.0;-1.7386196718373588;39.0;1.938048097086492;0.0;1.0;;74854;0.05257472092373833;19.0;50.0;-0.051202901207954905;34878;-0.5425238799243368;0.0;8.9;Dropout
9.0;0.0;8.0;0.06341368233007569;1.0;;37.0;1.0;-0.9726611976947006;140.0;0.0;0.561392444061668;85779;0.0;0.7736918910987685;4.0;140.0;29467;;0.0;10.0;-0.41384891019572684;25.0;19.0;5.0;1.0;4.0;2.0;12.2;0.1803816199704611;0.3;;21.0;-0.25881518316327934;;0.0;-1.2091045736219388;3.0;18.0;-0.23750507908192364;-0.3586717047866023;0.0;0.8291876204060151;43.0;0.051844888660036635;12.22222222222222;1.0;-0.92;70448;-1.4844169826529419;3.0;;-1.5929545250727766;37854;-0.45270247929918994;;16.2;Dropout
5.0;;0.0;0.4684750539123603;0.0;7.0;38.0;1.0;1.2334935482459914;133.4;0.0;1.2332201655107236;71542;1.0;0.6631123810657311;0.0;139.0;42994;;0.0;;0.6516925270120723;;;1.0;1.0;5.0;1.0;11.0;0.364755295191631;-0.8;83879.0;86.0;-0.2206883773302258;0.0;0.0;-0.12682249565295442;0.0;10.0;-0.5900802922573274;0.27788403311837084;1.0;-0.4644255955231249;17.0;-1.7377511434814747;0.0;1.0;-3.12;12472;1.481441923890553;1.0;18.0;0.8977163887565969;98524;-0.7870958609492948;;9.4;Enrolled
8.0;0.0;0.0;-0.33744186040852664;;5.0;37.0;;-0.3120768180687575;;1.0;-1.153576631681962;59309;1.0;0.16715328758484124;0.0;110.0;17855;9500.0;0.0;7.0;-0.41452723892661014;7.0;38.0;0.0;;5.0;4.0;0.0;-1.7722351317102942;2.8;;33.0;-0.46040140167095833;0.0;8.0;1.2207464423288639;0.0;8.0;-0.2977469241094995;0.4570843569682594;7.0;-0.2635508620436718;39.0;0.32774003328524176;0.0;1.0;-4.06;80666;0.04384944586802956;19.0;;-1.284625119614848;66047;0.4711508133300888;0.0;15.5;Dropout
5.0;0.0;;-0.2035455894739064;0.0;3.0;39.0;5.0;0.03137510615660677;127.8;1.0;-0.5125448776777309;34650;;-1.3672128913019983;0.0;132.0;21497;;0.0;5.0;-0.4377453640626053;0.0;39.0;0.0;0.0;3.0;1.0;0.0;-0.16863938402966697;0.6;27049.0;25.0;-0.40039076360695225;1.0;0.0;-0.8877335503999231;0.0;0.0;1.2153659703190185;-1.1863315175608131;0.0;-1.0121939693019963;1.0;1.2061717020348408;0.0;1.0;2.02;68207;-0.2996775297763126;1.0;18.0;0.6193856420858215;20301;-0.0973799175371006;0.0;11.1;Dropout
5.0;0.0;0.0;-0.09173241880924222;0.0;9.0;;1.0;-0.9554642567541786;111.4;1.0;0.09753207250131049;22324;0.0;1.7907227386811706;0.0;133.1;86178;9991.0;;;-0.23700191496421147;7.0;37.0;1.0;1.0;;1.0;11.0;-0.750572109710102;-0.3;10919.0;74.0;-1.8110347572590906;0.0;0.0;0.9652226289731026;0.0;7.0;-0.05436568889346326;0.4088386179407861;0.0;-1.0855013824413529;39.0;0.15643466835349723;0.0;1.0;0.79;15647;0.05222605974470675;1.0;27.0;0.7557366499929544;16220;0.43500537780340126;0.0;13.9;Dropout
6.0;0.0;1.0;0.40563165492722825;0.0;5.0;37.0;1.0;0.6335370750645821;118.0;1.0;-0.18636600469571402;88551;1.0;-0.14189099857114323;;119.0;20228;9254.0;0.0;6.0;-1.2451186700974364;13.0;;;1.0;4.0;1.0;10.5;0.534178492770258;1.4;34555.0;1.0;-1.2143079469326943;1.0;0.0;0.733317864600333;0.0;11.0;1.857916176408613;1.1397761089635698;0.0;0.6356671058768927;17.0;-0.9015934721953135;12.0;1.0;1.74;95205;0.10276351199484657;1.0;19.0;-1.1404321044907264;87362;0.3394383853174832;;10.8;Dropout
;0.0;0.0;0.4321184212180277;;9.0;37.0;;1.8757640278327723;107.4;;0.8540320612351875;96547;1.0;-0.08088645369513175;0.0;114.0;41508;;0.0;6.0;-2.480212646832914;12.0;38.0;3.0;0.0;5.0;1.0;12.0;-0.26763633107926194;-0.8;83910.0;42.0;-0.16342129812592304;1.0;0.0;0.27472364844982017;0.0;15.0;-0.5707335048847231;-0.4936900395528034;0.0;-0.018847294805892253;;-0.9910742860246571;0.0;1.0;-3.12;78976;-0.7318394626587192;1.0;26.0;-0.6078007906051546;21675;-0.4258787336328963;0.0;9.4;Dropout
6.0;0.0;;2.811436884007344;1.0;90.0;34.0;1.0;-0.8876298840394212;130.0;0.0;3.4359276159845202;70566;1.0;-0.3425208486993877;0.0;133.1;99408;9773.0;1.0;6.0;1.1596900696096821;11.0;34.0;1.0;1.0;90.0;1.0;16.0;-0.08083100561848665;2.6;85670.0;23.0;-2.240866980677666;0.0;0.0;-0.3287026251359748;0.0;8.0;0.21723178513126298;0.0009131150564178419;0.0;-1.0602011493986716;43.0;-0.9173189277192353;12.25;22.0;0.32;72261;1.1879702204550553;1.0;;2.1214745513897446;72947;-1.4587306253027874;;7.6;Dropout
0.0;0.0;0.0;1.6816021273796067;0.0;1.0;19.0;1.0;1.7247483710747342;129.5;;0.41932070852587977;98904;;-0.4884116560655365;0.0;140.0;39242;171.0;0.0;0.0;0.5457025570003714;0.0;19.0;0.0;1.0;1.0;1.0;0.0;-0.7449489385030598;1.4;65518.0;12.0;-2.0078398230193537;1.0;0.0;-0.9862951545724351;0.0;0.0;-0.43340192562702723;-2.0685465661757;0.0;0.790543879481739;1.0;1.5216579970469513;;1.0;1.74;54155;0.6447397289052259;1.0;20.0;-0.07948223786938155;38955;-1.5457995959993576;0.0;10.8;Dropout
6.0;0.0;4.0;-1.778758785889637;0.0;9.0;19.0;1.0;0.3644243831678454;114.3;1.0;-0.7351964381623162;29481;1.0;1.544058048000524;0.0;115.0;71820;9670.0;0.0;6.0;-0.9158548582152976;7.0;37.0;4.0;1.0;9.0;;12.6;1.7246477095904997;0.5;33159.0;72.0;-0.3342821734617308;0.0;0.0;;0.0;6.0;2.0744864137579895;-0.8970340556405135;0.0;1.1749134723991954;1.0;-0.07166405523682462;13.0;1.0;;81526;0.7841703447973206;1.0;18.0;-1.2202136754345188;25649;3.026651591695066;0.0;12.4;Dropout
5.0;;2.0;-0.14310547792725536;0.0;0.0;34.0;1.0;0.01686349928871105;106.0;1.0;-1.2965083306389955;56140;1.0;1.3860443203860797;0.0;120.0;19477;9670.0;0.0;;0.4519104555156161;7.0;34.0;3.0;0.0;0.0;1.0;11.666666666666666;-1.2835794232332018;2.6;33392.0;87.0;-0.12833091630501325;1.0;1.0;0.6318625177240305;;8.0;0.17970531130936;0.2705202171981383;0.0;-0.10883211707319049;;-1.6787244146786302;11.5;1.0;0.32;38169;-0.6800096253014871;1.0;28.0;0.8008792397130408;20276;1.47817344442331;0.0;;Dropout
6.0;1.0;5.0;-0.4058958402654971;0.0;191.0;38.0;1.0;0.4001238323252412;118.6;0.0;-0.3252539135856056;25713;1.0;0.4443934035776708;;128.0;88635;9238.0;0.0;6.0;0.8239339969889763;8.0;;5.0;1.0;;1.0;13.2;-0.39973399038889545;;;25.0;-0.3133553500311543;;0.0;0.3406161246754489;0.0;7.0;2.128076137201181;0.9554674042059295;0.0;1.003199918007952;17.0;0.3841339258444641;;1.0;3.51;75230;-0.7341137290144423;1.0;21.0;-0.772675205573181;59172;1.3401825668912142;0.0;8.9;Enrolled
5.0;0.0;0.0;1.2801304808099998;0.0;;19.0;1.0;0.39052649896701547;;;-0.9402498860287901;57986;;-0.10750015443072543;0.0;150.0;92804;9991.0;0.0;5.0;-0.6930202827230592;7.0;19.0;3.0;1.0;9.0;1.0;11.333333333333334;0.10759845327296835;;62525.0;22.0;-2.3799073313530843;0.0;0.0;-0.4128497482022511;0.0;6.0;-0.4201275549023192;-0.5992777907759603;0.0;-1.0018048910119774;39.0;0.14103678557355223;0.0;1.0;1.74;64925;-0.11355071560417118;;24.0;-1.9205240224540956;82336;-0.6746068069868952;0.0;10.8;Dropout
12.0;0.0;10.0;-0.3157479626012159;1.0;4.0;3.0;1.0;1.8571044190632442;180.4;1.0;0.4675497919754231;90212;1.0;0.6191179850137531;6.0;160.0;92145;9003.0;;12.0;0.41184795661957;17.0;3.0;6.0;1.0;2.0;1.0;12.166666666666666;-0.25136046221523034;0.5;;;1.552395223273927;0.0;0.0;0.03787162958997776;7.0;14.0;1.527579175855062;2.6693860717567706;0.0;0.5772088997676719;39.0;-0.44889546688333115;13.3;1.0;1.79;64921;0.7999578897940776;4.0;24.0;0.5197695480464669;11073;0.009509733763120209;0.0;12.4;Dropout
5.0;0.0;0.0;0.4642888774466655;1.0;;19.0;1.0;0.5202207318217247;151.5;1.0;0.4520216357842265;36281;0.0;0.07379698176937273;0.0;133.1;66965;8014.0;;;1.0068032855870497;7.0;37.0;0.0;0.0;9.0;2.0;0.0;-0.7639359827068721;0.3;;;-1.4362306678780048;0.0;;0.16471726997003286;0.0;5.0;0.11800337227349521;0.3138896402015002;0.0;0.16175021120274843;39.0;-1.020406756088811;0.0;;-0.92;81956;0.5016958024728274;19.0;45.0;-0.9166178157831285;73344;-0.8153627923831708;0.0;16.2;Dropout
0.0;1.0;0.0;-2.3370616302801195;1.0;9.0;19.0;1.0;0.541107171140971;160.0;1.0;-0.46316820452495655;47889;1.0;-0.19022291832309887;0.0;160.0;97488;171.0;0.0;0.0;-1.4383523333167447;0.0;38.0;0.0;;9.0;1.0;0.0;-1.8116835364114072;2.8;;10.0;-0.8181610704751626;1.0;0.0;0.39987568473357277;0.0;0.0;0.8366555945455971;-1.2733568757541636;0.0;-0.7915610916450994;44.0;-1.0638948997728754;0.0;1.0;-4.06;25587;-0.7776846409322652;39.0;21.0;0.3211883422224382;61580;-1.3120820951658907;0.0;15.5;Dropout
6.0;;3.0;-1.5136008113932788;0.0;;37.0;4.0;-0.4214998199625444;128.5;0.0;1.984955013783783;56454;1.0;0.3381059215063302;0.0;133.0;72295;9254.0;0.0;6.0;0.5334111836304102;14.0;37.0;2.0;1.0;8.0;1.0;;-0.6915089508917581;2.6;52368.0;;-1.261767984799521;1.0;0.0;0.7343402884719342;0.0;14.0;-1.2197109779090505;1.2871827112440355;0.0;2.053058581320267;;1.0866338154663382;;1.0;0.32;19348;0.667761066701399;1.0;18.0;-0.8126900381023642;81486;-0.5887735203757009;0.0;7.6;Dropout
6.0;0.0;6.0;2.0922931791024606;0.0;7.0;37.0;1.0;0.8390771364644041;121.2;0.0;-0.7354473192398943;51744;1.0;-0.44115774694544485;;124.0;43856;9238.0;0.0;;0.36438716921505027;;37.0;2.0;;9.0;1.0;13.0;-0.9593848415011973;2.6;70685.0;68.0;1.2990308630495095;0.0;0.0;-0.7824715258550916;;9.0;0.3484139492093068;-1.252943130980742;0.0;0.23277499175658944;;0.24751285580509758;10.833333333333334;1.0;0.32;59974;-0.9721209238266373;;19.0;0.7072041942696847;62397;1.3261849634295788;0.0;7.6;Enrolled
6.0;0.0;0.0;0.05024439820824699;0.0;1.0;3.0;1.0;-0.9568469736229859;121.4;;-0.11943106789817422;97189;1.0;0.2522642640034325;;127.0;90813;9670.0;0.0;6.0;1.8804506695672645;0.0;3.0;0.0;;1.0;;0.0;1.6792245927130354;2.8;86612.0;;0.4214201220404958;0.0;0.0;-1.4665969654870044;;0.0;-1.0691204379907002;0.3284270253978692;0.0;-0.5908202273024248;17.0;0.47864366466178415;0.0;1.0;-4.06;82655;-0.6616190848320735;1.0;18.0;0.18349832460593565;21341;0.8407453669239697;0.0;15.5;Dropout
;0.0;4.0;-0.9984600234690187;1.0;4.0;1.0;1.0;0.10900398957959404;120.7;0.0;0.6391626658898175;48376;1.0;0.20422092562163552;0.0;134.0;34587;;;6.0;0.5570352537429915;13.0;38.0;3.0;;4.0;1.0;10.666666666666666;2.264695928598053;2.8;41690.0;76.0;-0.47324312114852984;0.0;0.0;0.08428085127349749;0.0;6.0;0.25709640070502887;-0.9292410626948826;0.0;0.01962404934305713;43.0;0.24475880958012003;12.25;1.0;-4.06;32818;0.15772335763370007;1.0;19.0;-2.589208588958981;46766;-0.9700480016220215;0.0;15.5;Dropout
6.0;0.0;4.0;0.24287087122253856;0.0;2.0;3.0;3.0;2.883283555780828;122.1;1.0;0.8920548937698285;32910;1.0;0.6029360212579244;0.0;135.0;85946;;0.0;6.0;-0.41088094943324777;14.0;3.0;3.0;1.0;;1.0;12.5;-0.05079167799560296;3.7;80908.0;48.0;-0.5436558959347381;0.0;;;0.0;9.0;-1.518390053038153;-1.3574344493576964;0.0;-0.8696943863285376;43.0;0.32768870491182184;11.0;1.0;-1.7;61249;-1.1714732182752468;1.0;19.0;0.382012540704588;98833;-0.3148160501574753;0.0;12.7;Enrolled
7.0;0.0;0.0;-1.053058953452515;0.0;2.0;38.0;1.0;-2.5041899196462913;120.0;0.0;1.2775765215431991;39476;1.0;-0.6191369574756088;0.0;133.1;93765;9500.0;;7.0;-0.29518898935210347;9.0;38.0;;1.0;10.0;2.0;10.75;-1.404756540299123;0.3;68784.0;34.0;;0.0;0.0;-0.3236609949936378;;9.0;-0.09408301957142737;0.9621521895437266;0.0;-1.1568783951357542;39.0;-0.468394663428241;0.0;1.0;-0.92;96146;-0.9635285278168325;19.0;;-0.2897313284303901;84196;0.749123171936581;0.0;16.2;Dropout
;;0.0;-0.2833735418956831;0.0;4.0;37.0;1.0;0.23314699633545147;110.0;0.0;0.42849647899323895;37415;0.0;0.7101363528765408;0.0;134.0;50662;8014.0;0.0;6.0;2.0233936825385697;10.0;38.0;1.0;1.0;7.0;1.0;10.0;0.7380441057123723;-0.8;54753.0;46.0;-1.2465543012242044;1.0;0.0;-0.5091898301117628;0.0;12.0;1.095612037126704;-0.25977696344605955;0.0;-0.44941960556272476;39.0;-0.20582935448077644;0.0;1.0;-3.12;65804;1.5521215472324952;1.0;24.0;1.4167176421908052;41626;-0.5709713951873373;0.0;9.4;Dropout
6.0;0.0;5.0;-1.4526179392440148;0.0;3.0;3.0;1.0;0.27162292087889706;;1.0;1.0509127007879968;38352;1.0;-0.9063114929505052;0.0;133.1;30896;9670.0;0.0;6.0;-0.3548505084179703;11.0;1.0;;1.0;10.0;1.0;12.857142857142858;-0.9810764913178983;0.6;;26.0;0.38073940214626;0.0;0.0;0.4917481922016692;0.0;12.0;0.5475538789942053;1.7256720545602533;0.0;-0.3817124302875526;51.0;1.164911805425043;13.666666666666666;1.0;2.02;17080;1.3662659753556974;1.0;24.0;0.39520784901585143;93766;0.0795862448327303;0.0;11.1;Dropout
8.0;0.0;0.0;-0.7887212177934305;0.0;4.0;1.0;5.0;-0.22808904248720263;130.2;0.0;-0.6651081720279391;90774;1.0;-0.5725666516212387;0.0;148.0;24379;9500.0;0.0;7.0;0.5861461348536832;0.0;19.0;0.0;1.0;8.0;1.0;0.0;-0.5491710535946662;;49588.0;;-0.5486448374016687;1.0;0.0;1.982597035486309;0.0;0.0;-1.2339500495908844;-1.017933588012447;0.0;-0.8041738102065689;17.0;1.4145901678191124;0.0;1.0;1.79;89104;2.2897158812832927;1.0;19.0;0.7561578437530152;10662;0.4018474470648119;0.0;12.4;Dropout
6.0;0.0;1.0;-0.41633668945862706;;9.0;37.0;1.0;-0.20451926106743099;100.0;0.0;0.918081960350382;56148;0.0;-0.5289250591457441;;133.1;58365;8014.0;0.0;6.0;-0.23838055113140877;10.0;37.0;3.0;1.0;9.0;1.0;;-0.6288495611832894;-0.3;77447.0;20.0;0.5196391819467335;0.0;0.0;-1.944590623903561;0.0;7.0;-1.898386382837097;-1.5596407016407507;0.0;1.2511133018190026;39.0;-1.2220919877597505;12.0;1.0;0.79;97847;0.4505729041273986;19.0;38.0;-0.710540801020925;58038;0.390930551844131;;13.9;Dropout
6.0;1.0;;1.1206993143367117;0.0;;1.0;1.0;0.09140977316148323;131.7;0.0;0.9047291501563995;44595;1.0;-1.0720517723736782;0.0;145.0;70507;9254.0;0.0;;1.0812620096209595;8.0;38.0;6.0;1.0;9.0;1.0;12.166666666666666;-0.5005056602039589;1.4;16873.0;73.0;0.4857225114866528;1.0;;2.274185030318401;0.0;11.0;0.496944580460768;-0.4796654842457585;0.0;-0.7657765718507682;1.0;-0.20825883310778268;11.666666666666666;1.0;1.74;73898;0.6447643562589721;1.0;21.0;-0.7900677508179633;79652;0.25414542769028586;0.0;10.8;Dropout
11.0;0.0;4.0;0.46404600768315973;0.0;2.0;3.0;1.0;-0.25200327546453133;108.2;1.0;1.5128866747535359;22722;1.0;1.0156622833856628;4.0;120.0;63104;9119.0;0.0;10.0;1.1306700628835438;14.0;1.0;4.0;1.0;9.0;1.0;11.25;-0.35472025149075065;;87581.0;68.0;;1.0;0.0;-0.23307515911902602;4.0;11.0;1.5811987953584126;2.89050879973298;0.0;-0.9322290413448805;42.0;0.8392853589936647;12.0;1.0;0.32;64951;-0.15495763526205425;1.0;26.0;-0.02564933106056511;70655;-0.6536971737825101;0.0;7.6;Dropout
6.0;0.0;0.0;0.6385240359420935;0.0;3.0;38.0;1.0;0.2219797288210042;120.0;1.0;-1.6684359922285426;97526;1.0;-0.9690524761897973;0.0;;68563;9003.0;;6.0;-0.022667769335268304;;19.0;0.0;1.0;;1.0;0.0;-1.313501949329265;2.8;96808.0;32.0;-2.052711519188836;0.0;0.0;0.34780868217258;0.0;8.0;-0.9639460368701671;0.8339156073670567;0.0;-1.1857202394120994;44.0;1.8820797322157303;0.0;1.0;-4.06;62516;-0.35044249835492297;39.0;23.0;-0.36061612679384936;26103;-0.5509745875188153;0.0;15.5;Enrolled
;0.0;0.0;-0.025774651363980147;0.0;3.0;1.0;;-0.487610705816899;119.8;1.0;-0.9071831156010672;23788;1.0;-0.6989163374066718;;117.0;12284;9119.0;0.0;5.0;-0.40676118290816987;10.0;;;1.0;2.0;1.0;11.0;-0.7020136616597602;0.6;98516.0;52.0;-0.2468252384428593;1.0;0.0;-1.4148321576237166;0.0;10.0;2.0974040781763614;0.5538930137365675;0.0;-1.281983056749377;17.0;1.7819595813307498;0.0;1.0;2.02;66092;0.8719155144448865;1.0;19.0;1.3380090522100816;23126;-1.1336498515206253;0.0;11.1;Dropout
5.0;0.0;3.0;0.8228490983695855;0.0;3.0;1.0;2.0;2.022392818747079;117.0;1.0;0.823140969367302;41462;;1.2554077104866421;0.0;133.1;14237;9119.0;0.0;5.0;-0.4306080549201393;10.0;2.0;5.0;1.0;;1.0;11.166666666666666;1.019944247863435;;85979.0;15.0;-1.4494730493891554;1.0;0.0;0.9968715702263206;0.0;10.0;-0.006493288169000422;0.5869392101559114;0.0;1.0274516845381663;17.0;-0.7957578149464997;10.8;1.0;1.79;40241;1.3619771398082439;1.0;21.0;-0.15331905872332752;76918;-1.5613365935022723;;12.4;Enrolled
5.0;0.0;;-0.8735192693432408;0.0;3.0;1.0;3.0;-0.2520137432973516;107.8;0.0;-2.651364479881397;72939;1.0;-0.5705827018536505;0.0;;33677;9147.0;0.0;5.0;-1.7272601812410788;7.0;19.0;3.0;1.0;5.0;1.0;;-0.03355694037415523;1.4;72112.0;14.0;0.07863468589337053;1.0;0.0;0.04147253635172418;0.0;;-1.958693533674366;-0.48484344166173715;0.0;0.2581671684936005;17.0;1.2750461182058257;14.428571428571429;1.0;1.74;68024;0.786653496438543;1.0;19.0;-1.2248217499837284;99827;-0.11474874169022896;0.0;10.8;Enrolled
;0.0;0.0;-0.7327059449816715;0.0;5.0;37.0;;0.5696114076247163;116.2;1.0;0.49200617378835015;10416;1.0;-0.18814268513809665;0.0;127.0;90945;9147.0;0.0;5.0;0.10055893245897515;10.0;37.0;;1.0;7.0;1.0;;0.12531384148877067;-0.8;76706.0;15.0;-0.25657186687998734;0.0;0.0;-0.061467411188287;0.0;13.0;-1.560880356713502;2.729350273698566;1.0;0.690327544544323;17.0;0.058636302107016376;0.0;1.0;-3.12;55927;-0.8398138225664181;1.0;18.0;-0.8275809136886607;78773;0.8162596145871915;0.0;9.4;Dropout
7.0;;7.0;0.4075910714568796;0.0;9.0;37.0;1.0;-0.6690360998432168;114.4;0.0;1.0598044249313672;38468;0.0;-1.0120290009165358;8.0;121.0;55362;8014.0;0.0;12.0;0.08039625575967736;14.0;37.0;12.0;1.0;9.0;2.0;14.0;-2.2322481303512967;;93530.0;34.0;-0.5879948798798813;1.0;0.0;;2.0;12.0;0.7699491493714125;0.45808542391984697;0.0;1.0184050811282945;1.0;1.0444166388757383;13.857142857142858;1.0;0.32;81279;0.39162402213779585;;45.0;0.9650510846140046;87211;-1.3802823941539468;0.0;7.6;Enrolled
6.0;0.0;0.0;-0.2791473900271765;1.0;9.0;19.0;4.0;0.9331430304011468;111.4;0.0;-0.5763752475504399;95834;1.0;0.8329512076226846;0.0;;40171;9853.0;0.0;7.0;-0.8161319461637326;;37.0;0.0;0.0;6.0;1.0;0.0;0.9477836585238427;0.6;75713.0;;-1.2955622805094575;1.0;0.0;0.07379681384742741;;6.0;0.12956804083503448;0.36431628358529916;0.0;-0.333299760100545;18.0;0.7882786808212866;0.0;1.0;2.02;85290;-0.7701505875722215;1.0;20.0;-0.16725734426292688;91935;0.27297324412425716;0.0;11.1;Dropout
6.0;0.0;3.0;-0.013845848362830536;0.0;2.0;3.0;1.0;0.7334677873513347;108.7;0.0;-0.43019000011191194;12164;1.0;0.8467362441910651;0.0;115.0;69885;9853.0;0.0;6.0;-1.8348111270047702;10.0;37.0;;1.0;5.0;1.0;12.666666666666666;-0.6855198901631185;-0.8;34459.0;78.0;1.1867891790322294;1.0;0.0;0.8458283238165741;0.0;12.0;1.4822209657932635;0.9848629495135043;0.0;1.4722397618754028;43.0;-1.2639640425647631;10.0;;-3.12;73882;-0.3244998555075754;1.0;21.0;-0.2207117679497613;95411;0.7846312133833949;0.0;;Dropout
5.0;;2.0;-0.16413527791459528;0.0;9.0;37.0;2.0;0.41926023653217015;129.0;0.0;-1.0741373472399038;31328;;0.7389459041234467;0.0;130.0;48589;9085.0;0.0;5.0;0.20628549597983556;7.0;19.0;4.0;1.0;8.0;1.0;11.75;1.1239685543676947;2.6;24366.0;69.0;-0.4536822949281935;0.0;0.0;-0.2362786354831887;0.0;9.0;-1.198124766698186;-1.2732432236470463;0.0;-0.6268901782599082;1.0;0.5499739566271756;10.5;1.0;0.32;99603;1.6362266473328106;1.0;20.0;1.0601875692177962;81096;-1.8367337688213456;;7.6;Enrolled
8.0;0.0;0.0;1.2534504145614775;0.0;9.0;37.0;1.0;-1.02733535621852;114.3;0.0;-0.5215471197314033;17747;1.0;0.5375298281939437;0.0;110.0;22923;9500.0;0.0;7.0;0.3326230077137125;0.0;37.0;;1.0;;2.0;0.0;0.15427480419769662;1.4;;60.0;2.353350863781843;0.0;0.0;1.1741993456441506;0.0;;0.11849479816377954;-0.8793469191581964;0.0;-1.0957260257980515;39.0;1.005696591169289;;1.0;1.74;50382;-1.1995809103641266;1.0;41.0;-0.9147631888655418;80025;-0.2705811001362188;0.0;10.8;Dropout
0.0;0.0;0.0;1.3055529326788726;;7.0;1.0;1.0;-0.7524030405635209;135.6;1.0;-0.4925685019617576;72470;1.0;0.07358911101947667;0.0;130.0;56239;171.0;0.0;0.0;0.39464524001217866;0.0;38.0;0.0;1.0;8.0;1.0;0.0;-0.5620534290453252;0.6;22520.0;56.0;0.034929609456508935;1.0;0.0;1.1328951718913625;;0.0;0.0067610613883565315;-0.24551389015927633;0.0;0.3736166600518985;1.0;-0.02015525502783204;0.0;1.0;;78052;2.1686965954356427;1.0;;-2.2351762984273305;81073;1.6462102004583734;0.0;11.1;Dropout
5.0;0.0;3.0;-0.6261657605637475;0.0;4.0;;;1.6861729857461807;122.5;1.0;-0.6828412744655215;11044;1.0;-0.5243766669379845;0.0;126.0;72773;9119.0;0.0;5.0;-0.9899384601871197;12.0;19.0;3.0;;5.0;1.0;12.0;-1.6777895955511803;0.5;91928.0;58.0;;;0.0;-0.6410953827408479;0.0;10.0;-0.14301452305724197;0.9913282184334611;0.0;0.14454787794849708;1.0;-0.24631642730662087;12.0;1.0;;40841;0.549534350628782;1.0;19.0;-0.8528666463566422;39061;0.5519410177573731;0.0;12.4;Dropout
5.0;0.0;1.0;-1.7598693468907316;0.0;1.0;3.0;1.0;-0.7634737077106796;137.7;0.0;-0.7376781777844968;14264;1.0;-0.814969306666021;0.0;144.0;92080;9130.0;0.0;5.0;0.39677308543097434;9.0;1.0;0.0;0.0;3.0;1.0;0.0;2.174845957428076;1.4;94234.0;76.0;0.03921219438036423;;3.0;1.5951138587973928;1.0;10.0;-0.38260722864699254;-1.298053012738161;;0.14295975553570442;1.0;-1.5716639117730884;12.0;1.0;1.74;81113;-0.46611276589368184;1.0;23.0;0.24208908854634123;58639;-1.870457149062288;;10.8;Dropout
6.0;1.0;6.0;-0.7114969008876407;0.0;3.0;1.0;1.0;0.6409021702125045;129.8;0.0;-0.2710047848883935;52532;1.0;1.2899055267616704;0.0;135.0;43122;9773.0;0.0;6.0;-0.17858251074282644;6.0;1.0;6.0;1.0;3.0;1.0;12.666666666666666;0.803247273047384;3.7;13711.0;56.0;0.3415717298501752;0.0;0.0;0.04529496432508237;0.0;6.0;-0.36269937553848075;-0.06735441903682685;0.0;1.0153213416858464;18.0;0.6836175165509342;11.833333333333334;1.0;-1.7;34065;0.0682161214440391;1.0;18.0;-0.24951152033808952;29951;0.6583394624116107;0.0;12.7;Dropout
;0.0;3.0;-0.896960146567958;0.0;1.0;37.0;1.0;-0.9446713301813023;120.0;1.0;-0.28310431565612143;77342;0.0;0.7648042717265899;0.0;110.0;25343;9991.0;0.0;5.0;0.8644879032961217;10.0;37.0;2.0;0.0;4.0;2.0;;0.8630743996890041;;82655.0;10.0;1.0926873330614792;1.0;;0.049745250787830674;0.0;5.0;0.17464582428037445;-0.20884952036609983;0.0;0.10621096450225327;39.0;0.208748367813911;10.666666666666666;1.0;-3.12;72946;-0.6849644184819287;1.0;40.0;-1.5604296200844328;57777;-0.7477367942283288;0.0;9.4;Dropout
6.0;0.0;0.0;0.8317483407990738;0.0;99.0;34.0;4.0;1.008383235601769;125.2;0.0;1.8741318998610565;91411;1.0;-0.6933042272004243;0.0;133.1;87898;9085.0;;6.0;-0.97482097689068;0.0;34.0;0.0;1.0;99.0;;;1.8188277054526254;2.6;63139.0;;1.104226330745443;0.0;0.0;0.0989812226027311;0.0;0.0;0.3025810278382157;-1.5743858076256896;0.0;0.3130518090143498;43.0;-0.9221839147100857;0.0;1.0;0.32;11285;-0.5469140164585738;1.0;21.0;1.0160595313515508;55993;0.6913069300927593;0.0;7.6;Dropout
5.0;0.0;2.0;0.9204974767744583;;3.0;1.0;1.0;-0.6863973574973848;120.0;1.0;-0.3941851431170102;29805;1.0;0.039831768223134466;0.0;;43181;9119.0;0.0;5.0;1.1502032120913313;;38.0;3.0;1.0;5.0;1.0;10.666666666666666;0.2240870122288612;2.8;45061.0;5.0;-1.7666077121560222;0.0;;;0.0;;0.25257285010324343;-0.5089316390068872;0.0;1.3596025785247132;39.0;-0.32583999687640003;10.5;1.0;;79024;0.07329579352648175;1.0;24.0;0.16349694608444856;16162;-0.6900817666007739;0.0;15.5;Enrolled
;0.0;0.0;-1.0310741830379782;1.0;2.0;3.0;5.0;-0.9631878875400001;121.1;0.0;0.3441502161918585;61464;1.0;-0.30011509298501327;0.0;126.0;24200;9773.0;0.0;6.0;1.5099863821231867;6.0;3.0;4.0;1.0;2.0;1.0;12.75;1.352400051381753;3.7;55266.0;;0.8554973996136908;;0.0;-2.6301333566585083;0.0;5.0;1.2059875089071193;0.5422521181730343;0.0;0.26668097538965574;1.0;0.15450324912777277;0.0;1.0;-1.7;36146;-0.328920965680554;1.0;18.0;0.389014694713492;17433;-0.05303244441196505;0.0;12.7;Dropout
5.0;;0.0;-0.754504758554849;0.0;6.0;38.0;1.0;-0.7123424766969014;127.3;0.0;-0.5768829664763014;82021;0.0;-1.1282107057057502;0.0;140.0;55120;9991.0;0.0;5.0;0.11607870051691144;0.0;37.0;0.0;1.0;7.0;1.0;0.0;-0.4785752577468287;0.6;48564.0;;0.4971394185896637;0.0;0.0;-0.18550639818972076;0.0;0.0;-1.2012785122887206;-1.483269645691485;0.0;0.4942590342593519;;-0.5586357890526705;0.0;1.0;2.02;31885;-0.9329676322655271;1.0;20.0;0.41961025978337024;95567;-0.5375427685629494;0.0;11.1;Dropout
6.0;0.0;0.0;-1.479011087255105;0.0;9.0;37.0;3.0;-0.5538025966610233;111.3;0.0;-0.5895957758414572;75658;;0.1776513766213024;0.0;120.0;15382;9085.0;0.0;6.0;0.4036740100218023;0.0;38.0;;1.0;;1.0;0.0;0.7375785328332071;0.6;83403.0;89.0;;0.0;0.0;-1.3639464716624543;0.0;0.0;-1.811683534504736;1.4113345937089603;0.0;-1.4177143502803906;17.0;0.002677127509891169;0.0;1.0;;40059;-0.22141048802024532;1.0;;-1.2985242458498951;59663;0.0031577227385055856;0.0;;Dropout
5.0;0.0;4.0;0.13437852352275984;1.0;;;;0.4046733549242198;130.7;0.0;-1.7043705377326224;96993;1.0;-0.4154926642391958;0.0;131.0;99269;9085.0;0.0;5.0;0.7838925725490965;9.0;37.0;2.0;1.0;6.0;1.0;11.5;-0.630096707424706;1.4;47042.0;72.0;1.712550923475718;0.0;1.0;1.6263357022156766;0.0;;1.0169650543878639;0.4680453854324771;0.0;3.7191514806707002;;-1.749932647203449;11.0;1.0;1.74;48144;-1.3146147779691062;1.0;21.0;0.30287891642949083;12948;-0.5672801739110117;0.0;10.8;Enrolled
6.0;1.0;0.0;-0.044916427417409525;0.0;;1.0;1.0;0.06938370613778329;116.7;1.0;-1.5713662478110932;16816;1.0;-0.9525366662956856;0.0;;80162;9085.0;0.0;6.0;-1.0257020522944749;10.0;1.0;;1.0;;1.0;13.2;-0.5038587954843133;0.5;;81.0;1.752766818358935;1.0;0.0;1.5860829917212003;;8.0;-0.9435250409089915;0.34600665133140707;0.0;-1.5908423015301123;1.0;1.3494216968519552;0.0;1.0;1.79;21549;-1.271814661565109;1.0;20.0;0.9074537832020062;43292;-0.22353824155447785;0.0;12.4;Dropout
6.0;0.0;0.0;0.7891218174389276;0.0;7.0;37.0;1.0;-1.0951560799128308;120.3;0.0;-1.2069982796529997;14070;1.0;-1.479132554141762;0.0;130.0;49577;9853.0;0.0;7.0;-0.48626468279115204;7.0;37.0;0.0;;8.0;2.0;0.0;0.09700057545427611;1.4;45716.0;66.0;0.9045962698891303;0.0;0.0;0.8519383324555878;0.0;0.0;-0.3794758186151776;0.008188077950072935;;-0.5393293516144726;51.0;0.015909284966284666;0.0;1.0;3.51;60039;-1.282053791900146;1.0;35.0;1.1403102303706543;90215;-1.1756050083106775;0.0;8.9;Dropout
6.0;0.0;0.0;0.49713129455943234;1.0;9.0;37.0;1.0;-0.027947013798820246;115.7;0.0;0.18369683476007076;71747;1.0;-1.5638035002056712;0.0;116.0;59072;9773.0;0.0;6.0;0.18422452215326035;6.0;;3.0;0.0;8.0;1.0;11.333333333333334;-1.2673989099597236;;57487.0;60.0;-0.543533987728597;1.0;0.0;-0.23846743733888845;0.0;6.0;-0.6120996398827769;-1.0923219730735712;0.0;-0.5695672828022663;17.0;-1.0993535064903106;0.0;1.0;1.79;21152;1.6713246009194715;1.0;;0.7212633250129525;75513;0.4906595954139914;0.0;12.4;Dropout
6.0;0.0;6.0;0.6102029710561815;0.0;9.0;1.0;1.0;-1.1435014072910963;123.0;0.0;1.0761736552845853;43118;1.0;-0.3714261276946395;1.0;;45868;;0.0;6.0;2.026894516365921;14.0;3.0;6.0;1.0;1.0;1.0;15.538461538461538;0.3294242223746807;2.8;50533.0;54.0;-1.1924831309589323;1.0;0.0;-1.0080149366036986;0.0;9.0;-0.6335123220917724;-0.649696850375684;0.0;2.1080155188991494;1.0;-2.459708848387683;12.625;1.0;-4.06;59451;0.4056240037619178;1.0;19.0;0.5131296585920249;84120;0.17528520864392505;0.0;15.5;Graduate
6.0;0.0;4.0;-1.542002039785738;;9.0;37.0;2.0;0.6435573650009794;135.6;0.0;-1.786664526895518;76460;1.0;-0.08509497042491564;0.0;133.1;52198;9670.0;0.0;6.0;-1.1961062966152547;10.0;37.0;;;9.0;2.0;;-0.3119582098742691;0.5;55113.0;96.0;0.7544001321668039;0.0;0.0;-0.6575810012756048;0.0;9.0;-1.4582640382249243;0.36185471300712013;0.0;-0.6005993732770544;39.0;1.0291349410333923;13.75;1.0;1.79;43184;0.5958570524183764;19.0;46.0;-1.7374212647704141;66311;-1.6165321741041512;0.0;;Dropout
5.0;0.0;2.0;-0.6263260365922575;0.0;4.0;1.0;2.0;0.826902898872407;114.6;0.0;-0.549076801348817;74419;1.0;-0.8753008101623161;0.0;116.0;94151;9147.0;;;1.6377245549918655;15.0;38.0;2.0;1.0;3.0;1.0;10.75;-1.9875606327876807;-0.3;;21.0;1.3595335585507669;1.0;0.0;1.942641906426033;0.0;11.0;-0.5695275877347149;-0.6516552044780795;0.0;0.4418794378824984;17.0;0.558091552723642;10.0;1.0;0.79;63753;0.011260967478881256;1.0;19.0;-0.014934652777470477;73034;0.9929166602019271;0.0;13.9;Dropout
0.0;0.0;0.0;0.9488973047432036;0.0;7.0;19.0;1.0;-0.023947338549361843;;0.0;-1.3668907093503484;49827;1.0;0.6507394276572277;0.0;138.0;75362;;0.0;0.0;-0.1932263825994988;0.0;;0.0;0.0;7.0;;0.0;-0.45766188575892325;;45598.0;61.0;-2.0286577615465737;1.0;0.0;;0.0;0.0;0.6493311122795312;0.1887490734094527;0.0;-0.5627657915113431;1.0;0.21068571346905124;;1.0;1.74;23623;0.5062821339863407;1.0;19.0;-0.9565743494364464;32186;-0.1762879596544965;0.0;10.8;Dropout
0.0;;;-0.5385761184626445;1.0;4.0;3.0;1.0;0.2716534029927614;162.2;;-0.26427709413354983;99678;;-0.06554654178296233;0.0;159.0;69533;;0.0;0.0;-0.03443698136413295;0.0;1.0;0.0;0.0;4.0;1.0;0.0;-0.3450547031533927;0.5;83616.0;13.0;1.086294730399866;1.0;0.0;-2.3555953543860637;0.0;0.0;-0.0039314396099758234;-0.8988813192448499;0.0;-1.0400970607698323;;0.8636480012646043;0.0;1.0;1.79;97617;1.1758459412813125;1.0;18.0;1.2821678819463584;85769;0.16176239623590988;0.0;;Dropout
6.0;0.0;2.0;-1.6275658744690422;1.0;9.0;38.0;1.0;1.75212411066441;130.0;1.0;1.0757694937071505;89356;1.0;0.5768853105986501;0.0;130.0;97906;9003.0;0.0;6.0;1.2180443521824065;16.0;38.0;4.0;0.0;5.0;1.0;11.8;0.8528364648382424;0.3;99295.0;37.0;-0.25486553735201345;0.0;0.0;1.0301655084853936;0.0;15.0;0.5045071285069141;0.4514299130036546;0.0;0.5703553529856066;44.0;0.8608983962967114;12.0;1.0;-0.92;11348;0.4078194169483068;;20.0;1.13037949237705;76009;0.7645616720291858;0.0;16.2;Dropout
5.0;;;0.8079895798716566;1.0;9.0;;1.0;-0.15760299239211897;;0.0;-0.4468824016079753;42673;0.0;-0.18291079018770778;0.0;130.0;24721;9991.0;0.0;5.0;2.0214494817414748;0.0;37.0;0.0;0.0;9.0;4.0;0.0;0.28519795249377733;3.7;;100.0;-1.8090028344144273;0.0;0.0;1.5005031136178935;0.0;0.0;-0.49608199744484854;0.5260805979959042;0.0;-0.7189663531217777;1.0;0.19443807005353256;;1.0;-1.7;86973;1.6403300265258556;1.0;;-0.9505288107201934;31543;0.3282422423599839;0.0;12.7;Dropout
0.0;1.0;0.0;-0.5772649950144069;;9.0;19.0;1.0;-0.9442579500508896;100.0;0.0;-0.04751697219969663;10473;1.0;-0.7871176352071059;0.0;145.0;91743;171.0;0.0;0.0;0.42284579164075303;0.0;38.0;0.0;1.0;9.0;1.0;0.0;1.4474723670231473;;58558.0;;0.4693961552299692;0.0;0.0;1.6592156871665222;0.0;;0.9028459907819298;-1.627688655899668;0.0;0.20758990279243608;43.0;-0.254214217257817;0.0;1.0;0.79;41675;-0.03718540490946725;1.0;18.0;-0.04597818370601549;37999;1.1652031584608995;0.0;13.9;Dropout
6.0;0.0;3.0;1.0626369936268782;0.0;4.0;;6.0;0.5791952359377902;112.2;1.0;1.455228396392314;99547;1.0;0.11411757113861393;0.0;;25821;9254.0;0.0;6.0;1.1647469863827606;;19.0;5.0;1.0;;1.0;10.8;0.5201095956248266;-0.8;99049.0;1.0;0.9093866534738607;1.0;0.0;1.0383480042493285;0.0;;-0.5083618753435353;0.06730853650098516;0.0;0.62669252196931;17.0;-0.4171415986152579;10.0;1.0;-3.12;84504;0.5989125586419655;1.0;19.0;0.24850944350710708;79038;-0.293295522205411;;9.4;Enrolled
5.0;0.0;0.0;-0.01841472084031138;0.0;9.0;37.0;2.0;-1.1326537657653448;100.0;1.0;0.4579009305079092;97145;0.0;-1.2626745120183225;0.0;;33348;9991.0;0.0;4.0;-0.9203076446654892;4.0;37.0;;1.0;9.0;2.0;0.0;-0.5539610702342861;3.7;47191.0;86.0;-0.3513486574674362;1.0;0.0;1.2015196772347811;0.0;0.0;-2.108557300525894;-1.5216679278903447;;1.9067548977580906;39.0;0.4209420239051994;0.0;1.0;-1.7;63669;0.7040131328484895;1.0;51.0;0.9007912574890338;32373;1.0344293862270395;0.0;12.7;Dropout
5.0;0.0;5.0;-0.2772194429010776;0.0;9.0;19.0;;-0.21056896327294264;126.2;0.0;-0.760091855816802;90925;1.0;0.5394385206366479;0.0;122.0;68000;9085.0;0.0;5.0;-0.5294682949528937;14.0;19.0;4.0;;9.0;1.0;14.25;-0.05835936047652984;-0.8;35143.0;81.0;-1.0573546316031397;1.0;4.0;0.05293407405354185;0.0;9.0;0.31662379292629717;-1.8610409770567033;3.0;-1.2621749615700713;1.0;1.3970313748793493;13.2;1.0;-3.12;84732;-0.9320451485257982;6.0;22.0;-1.6756182498674532;70215;0.12292461780732088;0.0;9.4;Dropout
;;6.0;1.3631908911233672;;9.0;19.0;2.0;-0.5989900460835171;126.9;;0.1589152858357252;15029;1.0;-0.9371492065131337;0.0;130.0;22287;9773.0;;6.0;-1.3524476485539856;8.0;;6.0;1.0;9.0;1.0;;-0.34804803691154235;0.6;87075.0;67.0;;1.0;0.0;-2.076295623491663;0.0;6.0;0.7673847690286804;-0.5938922505123727;0.0;-0.15281519652678802;1.0;-0.10290317131597083;13.0;109.0;2.02;59951;0.042740965109547016;1.0;19.0;-2.2096223138376323;47669;0.5076334245066914;;11.1;Dropout
8.0;1.0;8.0;-1.3026556191371705;0.0;4.0;1.0;;-0.7018198332088703;;1.0;-0.8275490114022908;74737;1.0;0.9182325265334489;0.0;140.0;52034;9500.0;0.0;7.0;-0.5155880845857873;7.0;1.0;7.0;1.0;3.0;;12.718571428571428;0.48797285611316915;0.6;92695.0;79.0;-0.6686369863139018;;0.0;0.027881041500013633;0.0;11.0;-0.5592390124192269;2.7969175621793174;0.0;-0.11146939757098899;;1.4764774059167223;12.805555555555555;1.0;2.02;81399;-1.841421305735764;1.0;18.0;0.03814851084082152;35839;0.4036291727979042;0.0;11.1;Dropout
6.0;1.0;5.0;1.4342211796310893;;3.0;37.0;1.0;-0.2500875956445107;124.0;1.0;0.4204820127359998;96451;1.0;-0.3384557462419147;0.0;125.0;40241;9254.0;0.0;6.0;0.5652347921020231;7.0;37.0;6.0;1.0;3.0;1.0;;0.059822147463227435;;22514.0;51.0;1.1594723174183668;0.0;;0.621572772419417;0.0;6.0;1.199206267408414;0.7753879530249121;0.0;0.0009280943752601162;1.0;0.373152473452412;12.2;1.0;2.02;69002;-0.12987462931271052;1.0;;-2.5314168223754305;24206;1.2407303253095259;;;Dropout
5.0;0.0;0.0;-0.6393559955459227;0.0;9.0;37.0;1.0;0.8998913262140824;130.0;;0.5153401540727593;44370;;1.062533516309917;0.0;130.0;10807;9119.0;0.0;5.0;0.21214545954977865;6.0;37.0;0.0;0.0;;1.0;0.0;-0.628559633958922;;38747.0;;-1.513050325187356;0.0;0.0;-0.13527005656625035;0.0;5.0;-0.85069218770483;1.392104043657002;0.0;2.5688013229158995;7.0;0.3806909685166615;0.0;1.0;-1.7;71127;-0.2791175690205619;3.0;;0.1585724098120643;74944;0.7214123735592936;0.0;12.7;Dropout
5.0;0.0;0.0;0.16236986031600997;1.0;9.0;;1.0;1.105668788324186;112.1;1.0;-1.3671597004984526;77900;;-1.1226231885883153;0.0;133.1;26524;9147.0;;5.0;1.7271027062280433;5.0;19.0;0.0;0.0;5.0;1.0;0.0;0.00860047106251455;1.4;35880.0;87.0;0.4160050476537533;0.0;0.0;-0.18083611873961508;0.0;5.0;0.6707268128673335;0.6084165385236938;0.0;-0.17333256361385957;51.0;2.405109467323973;0.0;1.0;3.51;61430;-0.3389484590961753;19.0;;0.5922077735827421;39264;-0.44294548030984626;0.0;8.9;Dropout
6.0;0.0;3.0;0.17182019542558055;0.0;9.0;1.0;2.0;0.9262058630906704;;;0.17514941738577372;58321;1.0;-0.6777697007288204;0.0;138.0;50372;9853.0;0.0;6.0;2.0547110355810014;;1.0;5.0;1.0;;1.0;12.8;0.4611806655547585;1.4;83792.0;62.0;;1.0;0.0;-0.9641180390183223;0.0;9.0;1.7447759421571496;0.20544338430282574;0.0;-2.5205895975447494;17.0;1.6526782162184324;;1.0;1.74;33088;-0.4075139037393977;1.0;23.0;1.2360799083277731;60056;-0.6412670439998478;;10.8;Dropout
5.0;0.0;0.0;-0.42711982356249556;0.0;4.0;1.0;1.0;0.33635408912841436;112.0;1.0;-0.1175732579959197;51696;1.0;0.3809349468485706;0.0;;17587;9119.0;0.0;5.0;-0.1365044153256686;8.0;38.0;0.0;0.0;7.0;1.0;0.0;-1.006421538301779;-0.8;35099.0;35.0;0.8734160065089066;0.0;;-1.001738743272026;0.0;;0.03673098437154982;0.895391616734342;;-0.1984308619237716;39.0;1.678609244388215;;1.0;-3.12;86399;0.5119742533438816;1.0;25.0;-0.6225682512559927;33386;-0.04975414759483271;0.0;9.4;Dropout
6.0;0.0;3.0;-0.7621126900769404;0.0;5.0;38.0;1.0;-0.257716561387656;123.3;1.0;0.5446773971721118;74830;1.0;1.1704970934267551;0.0;118.0;94571;9254.0;0.0;6.0;-0.6796844101210254;10.0;38.0;4.0;1.0;5.0;1.0;10.0;0.31700876164470465;-0.8;69694.0;91.0;1.4929833932340764;1.0;0.0;1.8381485147660699;0.0;;-0.22648308602302578;-0.6395713686625158;0.0;-0.11837721280315727;18.0;-0.7976136583668579;12.0;1.0;;87018;-0.8858309686698803;1.0;26.0;0.1611816461351563;23260;-0.7601014410792472;0.0;9.4;Enrolled
9.0;0.0;5.0;-0.3698221889651394;0.0;4.0;1.0;1.0;-2.3578249953999575;106.0;1.0;0.8313470510191334;62230;1.0;1.6666089083149223;2.0;100.0;48602;9070.0;0.0;7.0;1.1600358993963054;7.0;1.0;5.0;1.0;4.0;1.0;;-1.5786830961518248;0.5;94032.0;11.0;-0.8136297116354009;0.0;0.0;1.8743463698801421;5.0;9.0;-0.10567167547406495;0.4705146167307748;0.0;-0.24104162959350006;;2.1921825021562906;11.0;1.0;1.79;75075;1.859990286189816;39.0;21.0;0.6515098396603243;11955;-1.0521922013263472;0.0;12.4;Dropout
6.0;0.0;2.0;-1.0145626837927992;0.0;5.0;37.0;1.0;0.36766099327727453;;1.0;0.477449604124605;71714;1.0;0.04136616368087278;;120.0;77263;;0.0;6.0;1.2642236397586115;8.0;37.0;0.0;1.0;9.0;;;1.105571343141608;0.3;91892.0;68.0;0.5207747718851095;1.0;0.0;-0.0026471312461035243;;8.0;1.628295386951797;1.1770978124248346;0.0;-0.7186441978495999;43.0;-0.08221679411995671;11.0;1.0;;35175;0.5674811638447057;1.0;39.0;-1.1757200084143575;94548;-2.1280524692980416;0.0;16.2;Dropout
7.0;0.0;6.0;1.96196064294803;;3.0;1.0;1.0;-2.279331724758887;133.6;1.0;-0.30319335337975234;30134;1.0;1.837745630786756;4.0;136.0;28404;9119.0;0.0;9.0;0.4412481317859137;12.0;19.0;9.0;1.0;;1.0;13.454545454545457;0.5271808107719738;0.6;89228.0;;;1.0;0.0;;2.0;9.0;0.40278257379117727;0.6994217220097766;0.0;-1.3213016361473675;51.0;-0.22749117975350636;13.875;;2.02;46660;-0.8029655728581377;1.0;20.0;0.9153477977515984;37078;-1.5492627578287104;0.0;11.1;Dropout
8.0;0.0;5.0;-0.48113097068722116;0.0;5.0;;1.0;-1.923367276473013;100.0;0.0;0.9333300208640003;35955;1.0;-0.28966454982543055;0.0;133.1;60273;9500.0;0.0;8.0;0.7055610621486665;11.0;37.0;5.0;0.0;7.0;4.0;;1.6292830356217987;-0.8;57637.0;80.0;-1.3779149504726231;0.0;4.0;-0.9808580570370188;0.0;11.0;2.1442026772186713;1.2427799650366675;4.0;2.159491039670511;39.0;-2.159248413413239;11.832;1.0;-3.12;75239;0.6472161155491511;19.0;40.0;0.2743423252276499;61850;1.9854063611115242;0.0;9.4;Dropout
;0.0;0.0;1.1589472544299428;0.0;6.0;38.0;1.0;-0.16166765578694714;96.0;0.0;-0.8730627763102515;67599;1.0;1.0987676223629725;0.0;96.0;20218;9147.0;0.0;5.0;0.5491526948711534;10.0;37.0;3.0;1.0;4.0;1.0;10.666666666666666;-1.1165964397754258;0.3;64600.0;92.0;-0.5783345815608;1.0;3.0;0.6425748499394539;0.0;9.0;0.2792513879440206;0.1826001596286622;0.0;0.31829347193789237;17.0;0.3262908245538229;0.0;1.0;-0.92;26809;0.9948529693931075;1.0;19.0;-0.6054463307058101;52014;-0.6565002496297772;;16.2;Dropout
0.0;0.0;0.0;1.027172958576314;0.0;9.0;19.0;1.0;0.2645772446304975;121.6;;-1.3205219933694994;60149;1.0;-0.9421809969593052;0.0;144.0;27567;171.0;0.0;;-0.9887566896626693;;19.0;0.0;;4.0;1.0;0.0;1.1334517288164596;;75288.0;20.0;0.409327272606196;0.0;0.0;1.7596491716141998;0.0;0.0;-0.653796659903744;1.6920806518305336;0.0;-0.19224027576583907;43.0;-1.0833539581026397;0.0;1.0;0.79;19988;0.36911749239434616;1.0;22.0;0.14138057222559625;43290;1.903460299821145;0.0;13.9;Enrolled
;0.0;3.0;0.3629297389568627;0.0;5.0;19.0;4.0;-0.4510849038292606;130.0;1.0;-3.1952866845608003;44487;;0.4202005068632542;0.0;;71576;9254.0;0.0;6.0;-1.2185715913640798;7.0;1.0;4.0;1.0;;1.0;11.0;0.9357800635681301;0.3;38766.0;26.0;1.6768678201450633;1.0;0.0;-1.5292307799446934;0.0;7.0;-0.58350693521321;-0.20823175381729211;0.0;2.127625966600811;17.0;0.40825382854699094;;1.0;-0.92;46241;-1.005806340343887;;18.0;-0.13933448517973934;84675;0.4031546011555798;;16.2;Dropout
6.0;0.0;6.0;-0.13567903406628096;0.0;2.0;3.0;1.0;1.5355311485939678;132.5;;-0.07014095173715502;85151;1.0;-2.3416930408564456;0.0;136.0;40207;9773.0;0.0;6.0;-0.050901898894545515;7.0;1.0;6.0;1.0;3.0;1.0;12.5;-0.1822320472078898;1.4;;;1.8589455898339076;;0.0;0.4638832997023938;0.0;7.0;0.06160726549294719;2.11769243000882;0.0;-0.8686576848333946;17.0;-1.1615651332376917;12.5;1.0;1.74;59254;2.2372870018620667;;19.0;0.7800739502478649;91976;-0.04975802163610495;0.0;10.8;Graduate
;0.0;4.0;0.19378184708038068;1.0;9.0;;;0.46210165751850674;101.0;0.0;-0.8215464394934352;40729;1.0;-1.1215910116531238;0.0;101.0;98434;9085.0;0.0;6.0;-0.20091544521264754;9.0;37.0;5.0;1.0;4.0;1.0;13.333333333333334;-0.3766433530549067;0.5;52128.0;91.0;-0.35489132907558835;1.0;;0.5390222426450403;0.0;17.0;-2.041322615969686;0.5736074223941534;0.0;0.6024084101916778;1.0;1.797699837794804;11.4;1.0;;90429;0.6394744155177209;1.0;22.0;-0.3604600901469326;26242;-1.5006051168212338;0.0;12.4;Enrolled
6.0;;0.0;0.572169767254166;1.0;5.0;12.0;1.0;-0.24940790679525762;106.5;0.0;0.3977544760753508;52756;1.0;0.46667679808076484;0.0;110.0;99696;9670.0;0.0;6.0;0.2769438068457563;6.0;3.0;0.0;0.0;8.0;;0.0;-1.0851460564900364;1.4;82052.0;63.0;0.30553445859282974;1.0;0.0;0.5276065148892575;0.0;9.0;-0.47498983672062767;-0.3839462558267528;0.0;-1.2490613850883783;;0.5515739628767288;0.0;1.0;1.74;38691;-1.2475795641449765;3.0;20.0;0.22709049337885945;12791;0.004668895576048859;0.0;;Dropout
6.0;0.0;0.0;0.10046846059654882;0.0;;3.0;;1.3863099451817955;;1.0;-1.9712273940443676;38444;1.0;-1.3124388522005235;0.0;110.0;21855;9085.0;0.0;6.0;-0.13122482734604224;19.0;5.0;0.0;1.0;2.0;1.0;0.0;-1.345809697722493;-0.3;61402.0;10.0;0.9430054652904929;0.0;;1.6428176678484692;0.0;6.0;-0.45279783404976814;-1.1791301841294788;0.0;0.7507584630260073;44.0;2.2798715757495764;0.0;1.0;0.79;29460;0.20911508912272142;39.0;23.0;-0.6209316181533127;39464;1.8921837669682295;0.0;13.9;Dropout
6.0;0.0;6.0;-1.5667489906436347;0.0;9.0;37.0;1.0;1.5651133475640908;150.0;1.0;-0.6471785508995;60961;1.0;0.42694961078918464;;140.0;69314;9003.0;0.0;6.0;-1.703264700880888;12.0;37.0;5.0;1.0;8.0;4.0;12.0;-0.7512343194730294;0.6;50084.0;63.0;0.7653826884756264;0.0;0.0;2.0360182121711525;0.0;10.0;0.23978975541886646;-0.8079910330705616;0.0;-1.134495292617693;39.0;-1.0230240314925128;12.333333333333334;1.0;2.02;73400;-0.2203175014938264;1.0;28.0;-0.9378428386917326;19275;1.5576367440167387;;11.1;Enrolled
8.0;0.0;4.0;-1.8183113162501066;0.0;9.0;37.0;;0.5125586934746691;160.0;;0.47026990586448525;60611;1.0;0.9064581208123634;4.0;160.0;80450;9003.0;0.0;9.0;-2.112193250748729;18.0;37.0;6.0;0.0;7.0;;;-1.2557756424029562;2.8;58607.0;;-0.1694567435728138;1.0;0.0;-0.23348367787266236;;21.0;1.9418182204014498;-0.9593616662565649;;0.4704630560934891;;1.5491792447079755;11.0;1.0;-4.06;88753;0.006427248778486952;39.0;;0.17153279190984858;12643;0.2742386526975789;0.0;;Dropout
7.0;0.0;0.0;1.5089882238117724;0.0;9.0;19.0;2.0;-0.7752576597574965;;;-1.0298361463489805;39477;1.0;-0.5013201927182781;0.0;133.1;34865;;;2.0;0.7374304163690243;2.0;19.0;2.0;1.0;9.0;1.0;12.5;1.595722483590618;0.5;;64.0;0.07610503795522071;1.0;0.0;0.6731736721563578;0.0;0.0;0.05481648840917931;-0.08871920638118194;0.0;1.9532357789016481;1.0;-1.8027124170328268;0.0;1.0;1.79;86974;-1.1937164868787256;;21.0;-0.8967676670185695;82450;-1.1486683659050159;0.0;12.4;Dropout
6.0;0.0;5.0;-2.63471390321547;1.0;1.0;19.0;1.0;-0.5502704310217322;100.0;;0.409256748612862;79628;1.0;-0.968952955674198;0.0;151.0;85721;9670.0;0.0;6.0;-0.6627904683534325;12.0;19.0;5.0;1.0;1.0;1.0;12.2;-1.5020519232689415;-0.3;33033.0;12.0;-0.1101809216954883;0.0;0.0;0.08423370572605937;0.0;8.0;-1.9226590871263654;-1.2739583357131983;0.0;0.09344959438660917;43.0;0.20807547647429409;14.6;1.0;;66925;0.054326499719752126;1.0;20.0;0.8005802914488231;16759;-0.9571653452491523;;13.9;Enrolled
6.0;0.0;1.0;0.19568515362685168;0.0;9.0;37.0;1.0;-1.446738712993337;114.6;1.0;-0.5570225950680406;24409;1.0;-0.4741866158547388;0.0;124.0;76418;9254.0;0.0;6.0;-0.23212440532931392;;;2.0;1.0;8.0;1.0;12.0;0.14889547810609455;2.6;82057.0;4.0;;1.0;;-0.6321152929396958;0.0;12.0;-0.9139076498769614;1.292758448693921;0.0;-2.1925814643386885;1.0;-0.631623119941951;;1.0;0.32;11397;-0.8312527617665606;1.0;19.0;0.5922325321771237;16334;-0.8525918433924603;0.0;7.6;Dropout
5.0;0.0;4.0;-0.23497801449341696;1.0;0.0;34.0;2.0;-0.04241687980051322;114.6;0.0;-0.03280830977999759;79306;1.0;-0.9658123191841855;0.0;123.0;39218;9670.0;0.0;5.0;-0.5579746497377989;8.0;37.0;3.0;0.0;0.0;1.0;12.0;0.4357051268851052;;21743.0;;-0.34141042682608186;1.0;0.0;0.27081415688101457;0.0;6.0;0.2622878618709137;0.11072287440432846;;0.03577148065465651;17.0;-0.44795653525035717;10.75;1.0;0.32;68756;-0.34953944720247626;;;-0.7651144563438871;42049;1.2781549273627004;0.0;;Dropout
5.0;0.0;3.0;0.1608011458540994;0.0;9.0;37.0;2.0;-1.0500414414445323;;0.0;0.5951580064168556;15938;1.0;-0.10121355801591768;0.0;100.0;18222;9670.0;;5.0;-0.9130491022651758;8.0;37.0;5.0;1.0;9.0;2.0;11.4;0.3574992319479522;;71437.0;32.0;-0.119658490011692;0.0;0.0;0.671499528500248;0.0;;0.09299475967869714;0.07014967885769471;0.0;0.4804520197799127;39.0;-0.5164964179088289;12.333333333333334;1.0;-3.12;20288;0.3874439872982207;1.0;35.0;0.21378043187318224;61115;1.6317204361087592;0.0;9.4;Enrolled
7.0;0.0;0.0;-1.1399667412340375;1.0;9.0;38.0;1.0;-0.32907476919651824;;1.0;0.952797023115313;32559;1.0;0.10209062488808177;;100.0;49894;;1.0;7.0;-0.9398518487633353;18.0;37.0;;0.0;8.0;1.0;11.25;0.4452886103989797;0.3;91686.0;;-0.4058140815748588;0.0;0.0;0.21692868541698562;0.0;7.0;1.6244555223125838;-1.1653868291639466;;0.900983980792572;39.0;-0.914716185351329;0.0;41.0;-0.92;80870;-0.47663263666620753;1.0;35.0;-0.7696999003340166;54993;0.1958928349675855;;16.2;Dropout
8.0;1.0;8.0;0.35067748793412307;0.0;3.0;37.0;1.0;0.2606003030551612;;0.0;0.09249241132060718;46544;1.0;-0.30601012309680875;0.0;123.0;43352;9500.0;0.0;8.0;1.0198363734685407;8.0;37.0;8.0;1.0;3.0;1.0;13.105;0.9464003174496751;-0.8;71525.0;86.0;-1.1354176604013404;1.0;0.0;-0.8811812094861174;0.0;8.0;0.9600772983713738;-0.7690377035905946;0.0;1.4735914934830547;;-1.2596883066506925;13.105;1.0;-3.12;93295;-0.2904217803307468;1.0;21.0;-1.604312805801676;77115;-0.30308043552315356;0.0;9.4;Graduate
8.0;0.0;7.0;0.20601643417507304;0.0;4.0;1.0;1.0;-1.9837086420039391;131.4;0.0;-0.8140102948787449;48117;1.0;1.6743592401868217;0.0;145.0;57516;;0.0;;-0.23915031851215263;7.0;;7.0;1.0;;1.0;13.44285714285714;-0.44592216243667043;-0.3;67675.0;52.0;0.8625802830476876;0.0;0.0;;;8.0;0.9301154737777166;-2.2203673450786794;0.0;1.524570642908565;17.0;-0.44242680693146963;13.771428571428572;1.0;0.79;64967;0.8202316556367192;1.0;19.0;-0.5972251674470368;77342;1.5487104966609837;0.0;13.9;Dropout
13.0;0.0;8.0;2.761011747279755;0.0;4.0;37.0;;-1.263741268521237;100.0;0.0;-0.45803886237965;66858;;-0.7194038196869753;6.0;133.1;30621;9853.0;0.0;12.0;0.6347642959326398;18.0;37.0;11.0;1.0;7.0;2.0;13.0;0.0875506456902121;3.7;74565.0;45.0;0.5162577339117376;;0.0;-0.4559074201746574;4.0;22.0;-0.21713309215251053;1.6178051404774607;;-0.13093983802673698;;0.11602839728687098;11.875;;-1.7;31534;-0.8885971327967058;1.0;34.0;-0.05031682927271039;11492;-0.9785735408649548;0.0;12.7;Dropout
0.0;0.0;0.0;0.12998004651734632;0.0;4.0;1.0;1.0;-0.5068480548353258;127.1;;0.6369553630869581;94464;1.0;1.3914331792553123;0.0;132.0;38061;171.0;0.0;0.0;0.7690849056507968;0.0;37.0;;0.0;9.0;1.0;0.0;-0.29356151296573024;2.6;23058.0;6.0;1.8765937431686301;0.0;0.0;-0.8424439549307043;0.0;0.0;1.099121036550878;-1.4177166437598636;0.0;-0.6594385477689149;17.0;1.1636943566260185;0.0;1.0;0.32;36878;-0.6484209097799453;1.0;21.0;0.5214087249135335;78685;0.05182332760036592;;;Dropout
5.0;0.0;;1.3482351068281389;0.0;9.0;19.0;1.0;-0.052527368723172436;133.0;1.0;-1.0212535834826066;78400;1.0;-1.0412392363121137;0.0;148.0;90639;9119.0;0.0;5.0;0.31656414600726424;12.0;38.0;5.0;;7.0;1.0;13.285714285714286;1.3025255912501814;0.5;22329.0;53.0;0.36951802026930075;0.0;0.0;0.31353958160566875;0.0;16.0;-0.8959231261972913;-1.3419037430658496;;-1.1185105406460238;;0.29535039662105395;14.8;1.0;1.79;75770;-1.254589483474124;1.0;18.0;0.14947993047033897;13844;0.4629659995461305;0.0;12.4;Dropout
4.0;0.0;0.0;-1.4986856754480429;1.0;9.0;37.0;;-0.49389079973810796;120.4;0.0;-0.1780665966402057;58989;0.0;0.07277756994154895;0.0;140.0;85809;8014.0;0.0;5.0;0.8020434760763433;;37.0;;0.0;10.0;2.0;0.0;2.0998659234748756;-0.8;99084.0;45.0;-0.4169601487059409;0.0;0.0;0.4181120962930776;;4.0;0.9682943092937359;1.413173392072045;0.0;-0.5399497460119977;18.0;1.1665402012943862;0.0;1.0;-3.12;78395;-0.8228634247626638;1.0;39.0;0.9076746150282285;92257;-0.8628006071763994;0.0;9.4;Dropout
;0.0;4.0;1.0200953180453802;0.0;9.0;37.0;2.0;-0.2705179313863771;;0.0;-0.38588409836147486;17564;1.0;1.1831054085480694;;138.0;76162;9085.0;0.0;5.0;0.014309186619549868;;;3.0;1.0;7.0;1.0;;-1.1939337601613753;-0.8;48409.0;69.0;-0.6264353800270451;1.0;1.0;0.9795176008871962;0.0;;-0.2824189031573673;0.38756465881973906;3.0;0.4765305156047582;17.0;-1.4781768719571002;11.75;1.0;-3.12;83128;0.12912422948015756;1.0;19.0;-0.9811661714165741;37530;-0.6359142213913074;0.0;9.4;Enrolled
5.0;0.0;;0.2262733029568457;0.0;4.0;1.0;;-0.7061871961255575;120.0;1.0;-0.1033617833189646;99298;1.0;1.131357152253318;0.0;133.1;41746;9130.0;0.0;5.0;1.3638153884891353;11.0;19.0;1.0;1.0;;1.0;18.0;-2.0311008426043244;1.4;47014.0;9.0;0.047366067349529736;1.0;2.0;-0.8576223481606312;0.0;10.0;-1.4479934059605262;0.12073678746008046;2.0;-1.3486478142291687;39.0;-0.43296940570874193;13.333333333333334;1.0;1.74;19150;0.6394638685059264;1.0;29.0;-0.3766983879121598;91700;-0.713737579187603;0.0;10.8;Dropout
4.0;0.0;0.0;0.269738684028085;0.0;9.0;1.0;1.0;-1.4493998418086262;130.0;;-1.0092825292493772;38663;1.0;-0.4202578977002351;0.0;133.1;54774;9003.0;0.0;3.0;0.8234164029758364;4.0;37.0;0.0;1.0;8.0;1.0;0.0;0.5691315690190213;0.3;;55.0;0.5528751633755955;0.0;0.0;-0.5774786862287933;0.0;;0.5932367006148741;0.3402684753920533;0.0;-0.9268602654284844;;0.7110049191364247;0.0;1.0;;76648;-0.8061671530227877;1.0;29.0;1.6443667017663253;99929;1.4167268559880857;0.0;16.2;Dropout
5.0;0.0;;0.2835685434603794;0.0;4.0;19.0;2.0;-0.5347507773916986;127.6;1.0;-1.8519443522121117;65806;1.0;0.555069720071345;0.0;129.0;36358;9147.0;0.0;5.0;0.9564431925657512;8.0;19.0;5.0;1.0;9.0;1.0;11.6;1.0703728842357088;1.4;75966.0;76.0;;1.0;0.0;1.5545694519312379;;;1.3975436186143861;0.9539003732611667;0.0;0.5622990880945653;;0.34319075579135827;11.0;1.0;1.74;96436;0.6098122805781236;1.0;19.0;-1.9310800529508247;19134;1.9143672770570879;0.0;10.8;Dropout
6.0;0.0;1.0;1.7063381713096388;;90.0;37.0;1.0;-0.21316852493030483;100.0;1.0;0.5207426159596433;82710;1.0;0.4211790836642261;0.0;;46701;9254.0;0.0;6.0;-0.93851767178087;13.0;37.0;3.0;1.0;;1.0;10.0;1.956977313248455;2.6;13061.0;;;0.0;0.0;-0.1644958640729202;;15.0;-0.4066018713159627;0.09987531674364122;;-0.6464871219713128;39.0;-0.8611751146591777;10.0;1.0;0.32;12889;0.10521529218537783;19.0;;-0.45195430592599445;44285;0.11479253023656089;0.0;7.6;Dropout
5.0;0.0;;0.25510446572257234;0.0;9.0;37.0;1.0;-0.31039010360624836;;0.0;0.9641314234886486;72954;1.0;-0.5399391785927399;;140.0;56545;9147.0;0.0;5.0;0.2632437869049264;0.0;37.0;0.0;1.0;9.0;2.0;0.0;0.7378903512166558;;25904.0;99.0;-0.739010312558114;0.0;0.0;0.03013102925163394;0.0;0.0;1.5627617502434605;-1.5435347440178262;0.0;0.36998623360719085;7.0;0.934068892165902;0.0;1.0;;48797;-1.3826026750814762;3.0;23.0;-1.0714939477626486;20084;-0.2682185870427874;0.0;7.6;Dropout
7.0;;6.0;-0.7841220491857707;0.0;9.0;37.0;2.0;0.11179591879645313;131.0;0.0;-1.7921749574981565;20102;1.0;0.6159499371480742;0.0;122.0;87271;9500.0;0.0;7.0;-1.8350231302025264;7.0;37.0;6.0;1.0;9.0;1.0;12.516666666666666;1.3957809586872068;2.6;30205.0;;0.018025015811886702;1.0;1.0;-0.17510372139564934;0.0;7.0;-1.6559409143215462;0.7331898723755534;;-0.8143101958053717;17.0;-0.5312731819524812;12.516666666666666;1.0;0.32;76187;0.17456036753569826;1.0;18.0;-0.19539840425407898;97161;-0.5998410749932962;0.0;7.6;Dropout
6.0;0.0;1.0;-0.6159380392714457;0.0;4.0;19.0;1.0;0.41889457047519724;;0.0;0.3689261609262163;33374;1.0;1.8624921720523726;1.0;150.0;81631;9085.0;;6.0;1.401022939883155;11.0;19.0;5.0;1.0;10.0;1.0;13.0;1.6600607328763102;-0.3;93947.0;30.0;0.7402836598194346;0.0;0.0;1.1330308187216436;1.0;12.0;-1.196793236776362;0.4223438766432864;0.0;0.28779830310251087;39.0;-0.7773635613937209;12.0;1.0;0.79;57624;1.1943572273624976;1.0;24.0;-0.4344474874361166;54710;0.001746313450329094;0.0;13.9;Dropout
5.0;0.0;1.0;0.8171274938647061;0.0;9.0;37.0;2.0;0.6817262268966698;135.9;1.0;1.0831829148451766;99394;1.0;0.47170066506263064;0.0;;27588;;0.0;5.0;-0.6233268130365852;8.0;;;1.0;;1.0;10.0;1.464777771630867;;95507.0;64.0;-1.4858237617116898;1.0;0.0;1.1718086807150292;0.0;7.0;-0.14672604175213805;1.1715533474537865;;-0.7718769921897619;16.0;0.48694776049680805;11.0;1.0;0.32;96540;-1.8921351467975909;1.0;20.0;0.602155438090083;85377;-0.5502217514367896;0.0;7.6;Dropout
6.0;;3.0;0.44745545822012905;0.0;2.0;3.0;1.0;-0.6335508355113907;;0.0;0.5959110467623232;79111;1.0;0.5663563790706708;;;95087;;0.0;6.0;-0.48470199686700755;15.0;1.0;6.0;1.0;3.0;1.0;11.333333333333334;0.8811605101631488;-0.8;17128.0;84.0;0.2650834506216692;0.0;0.0;1.113208100588848;0.0;9.0;-0.37076388592769405;-1.2490988634754852;0.0;-1.9019763921186892;17.0;0.0061693653342358;12.666666666666666;1.0;-3.12;70861;2.005205483251406;;19.0;0.25552065940950486;63052;-0.09703024235522073;0.0;9.4;Graduate
7.0;;;-1.5304736620270185;0.0;9.0;37.0;1.0;-1.575796803919785;162.5;1.0;-0.4166701786760665;66941;0.0;0.6721549782007075;4.0;133.1;16728;8014.0;;9.0;-1.367363064264467;9.0;;9.0;1.0;7.0;;14.333333333333334;-1.2822095629435222;1.4;22551.0;62.0;0.22111953025768813;0.0;0.0;0.026567611357547892;2.0;7.0;-0.6671333860592241;-0.729341897585672;0.0;0.9559568716241071;39.0;-0.52291233502861;13.857142857142858;1.0;3.51;43191;-0.6105182458144561;1.0;54.0;-1.3056175719102803;86295;0.4132328230039233;0.0;8.9;Graduate
6.0;0.0;5.0;0.5146418238593052;0.0;;3.0;1.0;1.271596365728607;121.6;;-0.9434963697507577;50142;;-1.4609766073551405;0.0;;14306;9853.0;0.0;6.0;-0.036271654493873144;9.0;1.0;5.0;1.0;5.0;1.0;12.333333333333334;-0.008361855838356781;2.8;96022.0;81.0;-0.45157649529398675;0.0;0.0;-0.8724359774890017;0.0;10.0;0.13367771881822318;0.3920888847141844;0.0;-0.6958944918246353;1.0;-0.556868525247105;10.6;1.0;-4.06;65988;-1.6491056179268466;1.0;18.0;-0.5881620731790873;63809;-0.40531294279036817;0.0;15.5;Enrolled
6.0;0.0;2.0;-1.0823423568066892;0.0;4.0;1.0;4.0;0.3854459156110882;116.1;1.0;0.08097807934998928;94600;;0.46022467320628885;0.0;122.0;86658;9254.0;0.0;6.0;-0.2682522122632316;7.0;1.0;5.0;;2.0;1.0;;0.3000386190591678;2.6;67090.0;80.0;-0.5869222192511079;1.0;0.0;1.9252130777592544;0.0;12.0;-0.5285904578303546;-0.9445115665419324;0.0;-0.24863020709866004;17.0;-1.0697967998066982;12.0;;0.32;73922;0.13842356797652583;1.0;19.0;-0.00011704912568639759;14363;-0.1895880626140975;0.0;7.6;Enrolled
6.0;1.0;6.0;0.438258019764092;0.0;9.0;1.0;2.0;-0.9546623511739386;111.9;1.0;0.24778505884688073;75420;1.0;-1.0167595748385274;0.0;114.0;35502;9853.0;0.0;6.0;1.82269766633683;6.0;19.0;6.0;1.0;9.0;1.0;12.0;-0.09980963319362054;2.6;75440.0;99.0;-0.7363237413779529;1.0;0.0;0.8563089769555172;0.0;;-0.3589746638027341;-2.352842502905765;0.0;-0.6911420983083457;17.0;-0.39574824605886477;12.5;1.0;0.32;80342;0.831087034775884;1.0;20.0;0.7393808840390141;53764;-0.18545448507230478;0.0;7.6;Enrolled
5.0;0.0;0.0;-0.8055540385185906;0.0;4.0;;2.0;0.27770505649242144;116.3;1.0;0.09580751115589878;75724;1.0;-0.5898869406977998;;133.1;87083;9147.0;0.0;5.0;0.859235386966303;5.0;19.0;0.0;0.0;10.0;1.0;0.0;-0.03810595784881155;1.4;61081.0;18.0;0.140806303365332;0.0;0.0;-0.45665898139238964;0.0;9.0;0.278425070350371;0.1973305787368691;0.0;0.5444777702483956;39.0;1.1000094354874357;0.0;1.0;1.74;34881;-0.28043342898083934;19.0;32.0;2.4329562846799266;68933;-0.3175634347261389;0.0;10.8;Dropout
5.0;0.0;0.0;-0.2814817346743938;0.0;;37.0;1.0;1.0679947332681239;;;-0.18013463011756567;92465;0.0;2.161941781188503;0.0;133.1;16203;9991.0;;;-0.5146511130489596;5.0;37.0;0.0;1.0;9.0;1.0;0.0;1.5672280636879041;0.6;30451.0;80.0;1.1268186627477805;0.0;0.0;;0.0;5.0;-0.6675368824713616;0.8950076331002342;0.0;0.3331689114586238;39.0;0.24455046298816424;0.0;1.0;2.02;92444;0.3115992685970485;1.0;35.0;0.7027957889554171;98306;-0.441447877016211;;11.1;Dropout
6.0;0.0;3.0;-0.5448084577894607;0.0;7.0;19.0;1.0;1.7291765252393914;132.1;;-1.0826517241227573;96748;1.0;-0.25326160965881;;124.0;31876;9070.0;0.0;6.0;-1.6662329521125243;10.0;19.0;2.0;1.0;9.0;1.0;10.5;-0.7568316836883636;2.6;75733.0;33.0;1.197784489490969;1.0;0.0;-0.5356089152590949;0.0;6.0;-0.10601816131897332;-0.12893182094156955;0.0;0.542093483002689;1.0;0.9585940807773453;11.0;1.0;0.32;99769;2.119736788624562;1.0;19.0;-1.0124999205494856;84955;0.762196602936806;0.0;;Enrolled
5.0;0.0;1.0;1.5189129832353838;0.0;4.0;19.0;2.0;0.250610276157731;100.0;1.0;0.4226882913088517;87354;1.0;-0.7401741042942273;0.0;143.0;84269;9147.0;0.0;5.0;-2.283670512244;8.0;5.0;3.0;1.0;1.0;1.0;10.666666666666666;0.7990523628666528;-0.8;26281.0;80.0;-1.1239803472184755;1.0;0.0;1.4107034031886563;;;-0.6455390463595895;0.5481351272544526;1.0;-0.5495430355684529;39.0;0.5160685376747014;14.0;1.0;-3.12;29408;0.20565389931804964;1.0;24.0;-0.09384525539919665;55805;-1.7707360289764424;0.0;9.4;Dropout
;0.0;0.0;0.4018477503100204;;4.0;;2.0;1.0596706373498608;128.0;0.0;0.47085449441352384;69879;;1.1525825789013922;;;27575;9238.0;0.0;6.0;-1.0262532799485333;11.0;11.0;0.0;1.0;3.0;1.0;0.0;0.3164416248792309;-0.8;12622.0;73.0;;1.0;0.0;1.4782845893844914;0.0;0.0;-1.2056204167600297;0.4033675143178838;0.0;-0.04972834927295644;17.0;-0.6122462069718194;0.0;1.0;;28750;2.9824875847078562;1.0;19.0;0.18097619503380905;82530;1.5742798590012634;0.0;9.4;Dropout
6.0;0.0;4.0;1.2611130023073303;0.0;;38.0;;-1.2096020723147243;140.2;0.0;0.20082212546167189;30582;;-0.9476770028423769;;158.0;56731;9853.0;0.0;6.0;-1.3312165476206856;9.0;37.0;5.0;1.0;;1.0;11.0;-0.8575323892383291;1.4;;30.0;-2.193509802317951;1.0;0.0;-0.9214827716810559;0.0;9.0;0.7637021746737039;0.010495357596030005;0.0;0.41703229673206904;17.0;-1.649141274784243;11.25;1.0;1.74;44622;1.2646305789604582;1.0;18.0;-0.5193908703435212;94177;0.1355294632029971;0.0;10.8;Dropout
;0.0;5.0;2.895212563462882;1.0;2.0;3.0;1.0;-0.03590275159667653;131.8;;0.11099364507125732;34126;1.0;-0.44741914418967715;0.0;143.0;74916;9130.0;0.0;6.0;0.3486134189176889;9.0;3.0;5.0;0.0;2.0;1.0;12.4;-1.0766014982535788;1.4;44187.0;42.0;0.10918431102117114;;0.0;0.5817583030209609;;12.0;1.7077944408420136;0.13596315669708497;0.0;1.5452039725323667;;-0.9268543647037955;14.166666666666666;1.0;3.51;37500;0.05153531908078961;1.0;;0.47025780593454375;88832;0.6100175759865148;0.0;8.9;Enrolled
6.0;0.0;0.0;0.046805341929940215;0.0;5.0;38.0;1.0;-0.3350126492563195;;0.0;1.6792494877461053;23865;1.0;1.2490521679861668;0.0;;41395;9003.0;0.0;6.0;-0.14494702596077724;7.0;37.0;0.0;1.0;6.0;1.0;0.0;-1.7013150734801645;0.5;13593.0;76.0;0.59764792013114;0.0;0.0;0.7821907039613288;0.0;6.0;1.0645719950739163;1.3491381119962318;0.0;0.30653127173886574;7.0;-0.6712358110975197;0.0;1.0;;26777;0.291537254086121;3.0;32.0;-2.2713770884004867;98936;0.7250777831488756;0.0;12.4;Dropout
5.0;0.0;0.0;1.5019901863012233;0.0;;34.0;1.0;0.34256985170420967;130.0;1.0;-0.6243787845733961;82023;1.0;0.04276756530795937;0.0;130.0;22904;;0.0;5.0;0.01732627604876538;5.0;34.0;0.0;1.0;90.0;1.0;0.0;0.48557702994877266;1.4;49097.0;71.0;1.5709611855539878;0.0;;2.614909199586332;0.0;6.0;0.33171608186131646;-0.9642505763936298;0.0;-1.0033496551933312;;-0.7485828702916597;0.0;1.0;1.74;25111;-0.31943469936604146;3.0;26.0;0.5531496213279995;42337;-0.7080591600305712;0.0;10.8;Dropout
6.0;1.0;6.0;-0.6994556655927968;;9.0;37.0;1.0;1.6111939354362215;;0.0;1.2814350974566557;40109;1.0;-1.5615970451265293;0.0;150.0;84992;9070.0;0.0;6.0;-0.9489219084819344;7.0;37.0;5.0;;6.0;1.0;13.4;-0.06324481340103867;2.8;20285.0;98.0;-1.786457387324491;0.0;0.0;-0.7423011176338571;0.0;6.0;-0.6415284427359669;0.773044812290992;0.0;0.26789390057952633;1.0;0.9810199268597204;12.833333333333334;1.0;;73889;0.24957795587465767;1.0;19.0;-0.4763874224304726;49961;-0.9143585561792417;0.0;15.5;Graduate
5.0;0.0;;1.2548781099293775;0.0;3.0;19.0;1.0;0.24988939427925833;100.0;0.0;-0.7340244692218376;30346;0.0;0.543989614322619;0.0;120.0;65974;9991.0;0.0;5.0;0.15203239474032787;9.0;37.0;0.0;1.0;9.0;;0.0;-0.8257774299767748;-0.3;;60.0;-1.0880599219806246;0.0;0.0;1.432543276993829;0.0;10.0;-0.28691872418274067;-1.1808777586515176;0.0;-0.16499776602492386;43.0;0.9705884668497021;11.0;1.0;0.79;95964;0.5615578295268243;1.0;34.0;-0.10970523169552479;11289;-1.032269284653827;0.0;13.9;Dropout
5.0;0.0;0.0;-0.8075088474292291;0.0;0.0;34.0;1.0;-0.9376907392668767;134.0;1.0;1.1089505729564282;75331;1.0;-0.3964658820465088;0.0;140.8;92084;;0.0;5.0;-1.4204064808402816;0.0;34.0;0.0;1.0;0.0;1.0;0.0;-1.8761051244360556;2.6;70556.0;11.0;0.1441368018756278;0.0;0.0;0.017346018033554168;0.0;0.0;1.0570212604673288;-0.7947802126652233;0.0;-1.9987339612135007;7.0;2.211879640276645;0.0;1.0;0.32;18614;-0.4041499448259403;1.0;24.0;1.4657229390265;22038;-0.24706802982858847;0.0;7.6;Dropout
5.0;0.0;5.0;-0.018415131539620374;0.0;1.0;19.0;1.0;-1.2634385798838812;130.0;0.0;1.2333675500805437;60849;1.0;1.539851486530245;0.0;120.0;73110;9085.0;0.0;5.0;-0.08829990904194783;8.0;19.0;5.0;;4.0;2.0;15.333333333333334;0.43271090184889094;-0.8;40430.0;;-1.618388366474624;0.0;0.0;-1.2413641835805693;0.0;6.0;-2.2814867670234147;1.195917314726449;2.0;-1.8451568100492446;39.0;-0.7637211711923855;15.4;1.0;-3.12;61427;-1.3799713232809765;1.0;29.0;-1.261517175608922;83489;0.6992046915510288;0.0;9.4;Dropout
5.0;1.0;4.0;0.5368776568350904;0.0;9.0;37.0;1.0;1.6457800627539385;138.1;;-0.29305120340188257;32133;0.0;-0.6061869476341336;0.0;120.0;76992;9991.0;0.0;5.0;0.8302471629608877;8.0;37.0;5.0;1.0;9.0;5.0;13.0;-0.1737272936003161;0.3;16962.0;73.0;0.1722121508513046;0.0;2.0;-0.11998716983428719;0.0;11.0;-0.3632602243938508;-1.2098313952475115;0.0;-0.06648961752297544;39.0;1.597448306064415;13.333333333333334;1.0;-0.92;35181;1.3212786812378963;1.0;37.0;0.2727192786038304;39332;-0.5837620252208241;0.0;16.2;Dropout
5.0;1.0;4.0;0.6942312300572769;1.0;9.0;37.0;1.0;0.5137934123852327;142.8;0.0;1.6609630540608336;43573;1.0;1.0512259737259262;0.0;;65977;9147.0;0.0;5.0;-0.36543278198875334;5.0;37.0;5.0;0.0;6.0;1.0;12.8;-0.7136934718506799;0.6;90124.0;;0.6230025450704657;1.0;0.0;0.0024647610997071065;0.0;5.0;0.7341159197442665;-0.24159124774404647;0.0;0.01779893276963813;17.0;1.5912672056641302;12.0;1.0;2.02;32228;0.9734822936710565;;19.0;0.7939215790064472;49499;0.6079316401783048;0.0;11.1;Enrolled
7.0;0.0;3.0;-1.2725516421260878;0.0;5.0;1.0;1.0;0.44808134697505675;108.6;1.0;0.46903588674608915;53291;1.0;1.775698032365714;2.0;120.0;70301;9119.0;0.0;7.0;0.4436438240682888;;1.0;5.0;0.0;7.0;1.0;12.0;-0.9640399246508281;;58711.0;;-1.281287723953059;0.0;0.0;-1.058890193115289;;7.0;-1.1382803821845036;2.361347105527309;0.0;-0.2947497402339099;42.0;-0.23226375803886393;11.0;;-4.06;61488;-1.4170889179886805;1.0;34.0;0.17033645828630078;42268;-2.367921218861199;0.0;15.5;Dropout
5.0;0.0;4.0;-0.8670219238577941;;3.0;2.0;1.0;-0.3437313885581705;124.7;1.0;-0.8772724411405676;81918;1.0;-0.8509432238115706;0.0;;48423;9670.0;;;-1.976864778570544;;2.0;3.0;1.0;3.0;1.0;11.0;-0.23857516342326593;2.6;12080.0;19.0;0.13258537004847162;1.0;0.0;0.31217361885152944;;5.0;0.42338828424553665;1.0255506603109674;0.0;0.8841817862435671;1.0;0.47355539694023474;12.75;1.0;0.32;22105;0.1709910769250503;1.0;21.0;-1.6141923055201761;93400;-0.38556720197524963;0.0;7.6;Dropout
5.0;0.0;3.0;0.6114500787708956;;5.0;3.0;2.0;0.26786178466784333;119.1;0.0;-0.374156594389209;10600;1.0;-0.1932130207581928;0.0;;93403;9147.0;;5.0;-2.0570847969129726;9.0;3.0;3.0;0.0;7.0;1.0;;0.4699964857392591;1.4;61664.0;31.0;-1.212210935015052;1.0;0.0;0.9578092554985818;0.0;9.0;0.37698927076568955;-0.737171962937461;0.0;-0.9351457691710426;18.0;1.2407332491412106;10.571428571428571;1.0;1.74;17482;1.0270726649257955;1.0;20.0;1.350396627301327;89948;1.1671373676115624;;10.8;Dropout
;;;-0.36771656321310003;1.0;9.0;37.0;1.0;-0.9869599061268101;121.0;0.0;1.1327623061066514;78353;;0.3886252741444505;2.0;133.1;83455;8014.0;;8.0;0.327258735596416;12.0;37.0;4.0;0.0;8.0;1.0;12.0;-0.32998298442134943;;;44.0;1.3754258689383037;0.0;2.0;0.23820065406201246;2.0;9.0;-1.454332430262492;-0.5658252500269186;2.0;-1.3861951227318925;39.0;-0.05892462266226093;12.0;1.0;3.51;88731;0.9237285988845035;1.0;44.0;-0.21135405040635602;76546;-0.17097128903293554;;8.9;Dropout
6.0;;1.0;-1.3973485088613788;0.0;;4.0;;0.38719835570365185;;0.0;0.9230647018766497;17092;1.0;-0.8573457525541744;0.0;140.0;31814;9085.0;0.0;6.0;1.0470190432620197;11.0;38.0;4.0;1.0;5.0;1.0;12.75;-1.1885263272964757;0.5;11608.0;88.0;0.20664609246019208;1.0;0.0;-0.5418440893798766;0.0;19.0;0.08697811014293372;-0.17011612818354802;0.0;-0.825692295722023;44.0;-0.1363917772146426;11.0;;1.79;50146;-0.6939701846262885;39.0;21.0;-0.5275408500780284;96551;-0.8291436361661667;0.0;12.4;Enrolled
6.0;0.0;6.0;-0.07097673450738928;0.0;5.0;1.0;6.0;-1.1748701365740277;122.0;0.0;-1.0580404013792908;87749;;0.27029494670783055;0.0;136.0;93697;9853.0;;6.0;-0.23823397349612635;;19.0;6.0;1.0;5.0;1.0;12.666666666666666;-0.058124955035487945;;80801.0;;-0.6400640289670326;0.0;0.0;-0.148472068406966;0.0;6.0;-0.6174452680015198;1.3119442310391418;0.0;-0.6097760624662398;1.0;-0.6273374211174519;12.0;1.0;0.32;15639;0.9821167503311375;1.0;18.0;-0.3104828821929197;59202;-0.656843222137597;0.0;;Graduate
6.0;0.0;2.0;-0.11897150612377119;0.0;4.0;;1.0;-0.3592884450277593;111.3;1.0;-0.13925731219049714;20610;;-0.2249202875059923;1.0;138.7;31059;9119.0;0.0;6.0;2.1452084222595666;7.0;12.0;3.0;1.0;3.0;1.0;12.0;1.045547467252617;-0.3;43944.0;91.0;-1.2381413802999877;0.0;0.0;-0.0045433567934511625;2.0;7.0;0.4160986758835331;-1.0016471429923817;0.0;-0.05815324485273307;39.0;-2.3600385186630297;11.0;1.0;0.79;88892;0.015097261886100012;1.0;27.0;-0.38214639100558345;25268;-3.028022563068214;0.0;13.9;Dropout
6.0;0.0;5.0;0.17691498130890296;0.0;9.0;;2.0;-0.6428931486594057;112.1;0.0;0.20352298277651182;32225;;-0.2450675715933652;0.0;118.0;73513;9853.0;0.0;6.0;-1.4433980107454605;11.0;37.0;4.0;1.0;9.0;1.0;11.25;0.040267591244210886;2.6;;96.0;0.3891496935302486;1.0;0.0;0.21732162748104863;0.0;10.0;0.6697886858912635;-1.062168941868303;0.0;-0.7976401227997799;17.0;0.07047161648847906;10.2;1.0;0.32;67893;0.388677148900106;1.0;23.0;-1.1901796727497762;67120;-1.0118019704119208;0.0;7.6;Dropout
0.0;0.0;0.0;0.5292413209472995;0.0;2.0;3.0;1.0;-3.257367642666575;121.7;0.0;-0.5076045890756089;43224;1.0;0.0489383927081116;0.0;136.0;92876;;;;-0.6799838084387615;0.0;37.0;0.0;1.0;8.0;1.0;0.0;0.06842354229428835;-0.8;12567.0;75.0;1.3579355021024158;1.0;0.0;1.1098307622400312;0.0;0.0;0.3989389337731508;0.7133530568794273;0.0;-2.141726321770312;1.0;-0.7098693274534263;0.0;1.0;;76456;-0.9194918848286839;;18.0;0.16495058607731836;11806;1.0572413725125822;0.0;9.4;Enrolled
6.0;0.0;0.0;0.46565135908335403;0.0;8.0;37.0;1.0;-0.34676862653340684;;0.0;2.357799723374719;99779;0.0;0.07126471557856422;0.0;133.1;47705;8014.0;0.0;6.0;0.1400916980509004;0.0;37.0;0.0;1.0;10.0;2.0;0.0;-0.3256689567781744;-0.8;91624.0;89.0;-0.7715039092018586;1.0;0.0;0.27193975338608933;0.0;0.0;0.07259232424309639;-1.6811369672776995;0.0;-2.5693053802671324;39.0;-1.0753486236168277;0.0;1.0;-3.12;64910;-4.257009288247994;9.0;37.0;-0.5972330079140008;47780;-0.5826027668962316;0.0;9.4;Dropout
;0.0;9.0;-0.7681730945085932;0.0;175.0;19.0;1.0;-0.8988664244629286;132.4;0.0;0.23366374340532553;45834;;0.16388076907604027;6.0;130.0;26645;9147.0;0.0;11.0;0.46437484716863936;20.0;;9.0;1.0;152.0;2.0;12.22222222222222;-0.8896638105646044;1.4;97018.0;35.0;-0.43964466607191177;0.0;0.0;-1.4026966286297105;3.0;16.0;0.28887127242257243;-0.9110771526510753;0.0;0.12315915874903947;;0.42219165014431453;11.6;1.0;3.51;52646;-0.7773285141714626;42.0;30.0;0.6708882721498295;84758;-0.4645443620012255;0.0;;Enrolled
6.0;0.0;0.0;-0.4108284687128243;;9.0;37.0;1.0;-0.21038988389078375;123.2;0.0;-0.061812190903049326;82482;;-0.5988263454567843;0.0;127.0;99612;9773.0;0.0;6.0;-0.5839027005248212;;37.0;1.0;;8.0;1.0;11.0;-0.9228974163537158;-0.8;59489.0;;-0.75214070070819;1.0;0.0;-0.5623210719886914;0.0;12.0;-1.1760650889160043;-0.08508898157561343;0.0;-1.129021536721046;1.0;-1.451312240821098;0.0;1.0;-3.12;79460;0.5365771013598014;;18.0;0.5175954936151803;26219;-2.331812187036408;0.0;9.4;Enrolled
;0.0;3.0;0.927788693287827;0.0;0.0;34.0;1.0;0.0017228004818540896;138.6;1.0;1.19085104425809;33078;1.0;-0.5551717243497534;0.0;138.6;81435;9254.0;0.0;6.0;-1.0592649994288519;10.0;34.0;;;;;;-1.6618540667519153;2.6;29378.0;34.0;1.5554925710521463;1.0;;0.16602105089663668;0.0;11.0;-0.030751783863223487;-0.03382021197826835;;-2.005354661372025;;0.8060798912806176;11.666666666666666;;0.32;41029;-0.20543229171832253;6.0;20.0;1.62566941176381;60277;-1.6308377931125622;0.0;;Dropout
5.0;0.0;0.0;-0.5431848670430475;0.0;;37.0;1.0;1.7679319429815843;117.9;0.0;-0.36521353483883495;44802;1.0;-0.11858758882483045;;;50446;9147.0;0.0;;0.6202628652353935;1.0;37.0;0.0;1.0;9.0;2.0;0.0;1.1812258363871515;1.4;;29.0;-1.9086404689675804;0.0;0.0;1.1241244849541139;0.0;0.0;-0.7964832467220053;-1.3646198968979242;1.0;0.624941300679053;39.0;0.4835993152605212;0.0;1.0;1.74;71365;0.6501908890002116;1.0;;-0.21163314337268058;79956;1.1900491785997527;0.0;10.8;Dropout
5.0;0.0;0.0;-0.3950920586590615;0.0;90.0;;1.0;0.3047089971575089;121.7;1.0;1.007427610617323;56543;0.0;-0.04475764123579518;0.0;133.1;99202;9991.0;0.0;;0.13324065597104803;5.0;38.0;0.0;;90.0;2.0;0.0;0.46245417604784933;2.6;72073.0;8.0;1.2855932228002254;1.0;0.0;1.2978464415365516;0.0;5.0;1.0315387534870497;0.35374039913398014;0.0;1.5451810351485515;39.0;-0.40019321169725186;0.0;1.0;0.32;89417;1.1061496481152924;19.0;45.0;-0.8032497510448164;77604;0.617294080661561;0.0;7.6;Dropout
6.0;0.0;6.0;-1.504269080256179;;9.0;19.0;1.0;0.33411263298353794;170.0;1.0;-1.6677323955829848;21489;1.0;-0.43884933994661673;2.0;170.0;20463;9254.0;0.0;8.0;-0.3446210222082244;14.0;2.0;8.0;0.0;3.0;1.0;15.125;0.08248683925289688;0.6;81412.0;92.0;-0.37719808844712627;0.0;0.0;1.7746853415874553;1.0;12.0;0.6832381559814402;0.5537650279326458;0.0;-0.09445853876958991;44.0;-0.06331025284445918;13.666666666666666;1.0;2.02;85281;-0.3305206589480768;39.0;26.0;-1.4697423351527148;63270;-1.2974390314394313;0.0;11.1;Enrolled
6.0;0.0;5.0;-0.028680470101235818;0.0;5.0;19.0;4.0;0.49561383521924485;127.4;;-0.45365404624556616;12706;1.0;0.3239396420860183;0.0;134.0;57448;9853.0;0.0;6.0;0.4988145583812929;7.0;1.0;5.0;1.0;9.0;1.0;12.2;0.29558276677738937;1.4;70638.0;93.0;-0.07161511986624255;1.0;0.0;0.13061439757930482;0.0;7.0;0.6804013501198701;-0.6624893260377074;0.0;0.26844013141836437;1.0;-1.1902210941542422;12.2;;1.74;59909;-0.42894891219097825;;18.0;2.193343386074813;39850;-0.6305723915732202;0.0;10.8;Enrolled
;0.0;0.0;0.34527046476055406;0.0;;3.0;;0.8718085122411259;105.0;1.0;1.0490704183772468;41447;1.0;-1.8147617486751968;0.0;133.1;26432;9085.0;0.0;6.0;-0.13634784988823664;15.0;1.0;3.0;;9.0;1.0;11.25;0.3395293962248911;0.5;54402.0;69.0;-0.34063464971717816;1.0;0.0;0.7633091755024936;0.0;9.0;1.7134915557639816;1.6607573113664507;0.0;0.27691589708350783;1.0;0.750338603365376;0.0;1.0;1.79;13422;-2.186856492242892;1.0;;0.6621079965161335;31781;-0.029172342998783154;0.0;12.4;Enrolled
5.0;0.0;5.0;-1.9754932184469425;;9.0;38.0;1.0;0.45427945385451823;120.0;0.0;1.570197720589671;80759;0.0;-0.7304662589089517;0.0;130.0;26642;9991.0;0.0;5.0;-0.13974218319652795;12.0;38.0;;1.0;9.0;1.0;10.6;-0.7345462902549224;-0.8;79500.0;95.0;;0.0;0.0;-1.4544615344029694;0.0;10.0;-0.329977464800349;0.3396060683477311;0.0;-2.3131501439964897;39.0;0.18736424105126542;11.0;;;11383;-1.5476736689047896;1.0;27.0;-0.6924199211797911;24266;-1.196127732156756;0.0;9.4;Dropout
5.0;0.0;1.0;-1.0702503815931115;1.0;4.0;19.0;5.0;0.28171302442411916;118.1;1.0;-0.7732957130059931;19556;1.0;-0.27992782620285456;0.0;130.0;41314;9119.0;0.0;5.0;-0.1765769311516916;11.0;1.0;;0.0;;1.0;10.0;-0.32526232929330307;1.4;;42.0;-0.7297987549397732;1.0;0.0;0.42988157316148295;0.0;14.0;-0.54900735221085;-1.0048589731708821;0.0;0.888652607194921;17.0;0.2618499545895443;;1.0;3.51;48725;-1.3399295731224037;1.0;26.0;1.693155089267136;76298;-2.004143883513601;0.0;;Dropout
;1.0;;-1.4217277354933775;0.0;7.0;37.0;3.0;0.7112469185631435;122.0;;-0.8898216362186484;83653;1.0;-0.856115187030605;0.0;129.0;61673;;0.0;6.0;-0.8210577534987169;9.0;38.0;6.0;1.0;7.0;1.0;10.833333333333334;-0.4742086773826163;2.6;40179.0;78.0;1.0583831365876797;1.0;0.0;-1.0752641014608617;0.0;8.0;-0.353602716257443;1.6207805462828389;0.0;1.2398817684438883;1.0;0.5018903796731302;11.0;1.0;0.32;69658;0.5566391982741611;1.0;18.0;1.3561623838860322;33819;-0.15921038743943566;0.0;7.6;Enrolled
;0.0;4.0;0.7883522370337428;0.0;3.0;19.0;1.0;-2.426634420831104;132.9;1.0;0.567446430370459;65382;0.0;1.6291980148088911;0.0;120.0;25400;9991.0;0.0;5.0;-0.9227434819800298;11.0;37.0;4.0;1.0;9.0;2.0;10.75;2.5114240168750044;-0.3;79909.0;10.0;1.0989970427941047;0.0;0.0;-0.06253919575474984;0.0;11.0;-1.6022364078382039;-0.5233243852670172;0.0;1.8367991795933583;39.0;-0.642415413891724;11.333333333333334;1.0;0.79;17286;-0.3205304570523282;1.0;32.0;-1.3512775024551373;68487;0.5726085621732409;0.0;13.9;Dropout
5.0;0.0;3.0;-1.9123512734467163;0.0;0.0;34.0;4.0;2.089051583278826;118.9;1.0;-0.6230338949177128;34673;1.0;0.01886184672495171;;129.0;56826;9119.0;0.0;5.0;-0.5257023196333621;9.0;;3.0;1.0;5.0;1.0;11.666666666666666;1.020202041456085;2.6;26595.0;100.0;;1.0;;3.0298383888721423;0.0;;-1.5235831208460078;0.17887346432260792;0.0;-0.43761981069553063;17.0;-1.519058274920934;11.333333333333334;1.0;0.32;46968;-0.5342345145319092;1.0;18.0;-0.7534748750839719;14363;0.591857319729954;0.0;7.6;Dropout
6.0;0.0;0.0;-0.07868459711268497;0.0;9.0;37.0;5.0;1.5897298447133985;124.8;1.0;-0.26857791775539397;20162;1.0;0.1767696782259033;0.0;122.0;80045;9070.0;0.0;6.0;0.03207097300419535;0.0;37.0;0.0;0.0;9.0;;0.0;0.16788228482539208;1.4;83823.0;94.0;0.6674669655340387;1.0;0.0;0.3035542361904297;;0.0;0.6211030089681117;-0.4867812231994301;;-1.1351205140823268;1.0;0.9573183749126308;0.0;1.0;1.74;46469;-0.6487457133924884;1.0;19.0;-0.13232484516036994;36257;0.8752373855421463;0.0;10.8;Dropout
6.0;0.0;0.0;0.7178621549455493;0.0;4.0;38.0;1.0;0.21713575185929004;131.7;0.0;0.8764050247371578;59558;1.0;-0.48323070796546075;0.0;131.0;23208;9254.0;0.0;6.0;-1.8712735061590444;0.0;37.0;0.0;0.0;9.0;1.0;0.0;1.3659842751296847;3.7;;23.0;-0.3564938602331199;;0.0;-0.8638132191803288;;0.0;-1.3951401309238278;0.6241530995377397;0.0;1.358557520061708;17.0;0.6887184136124077;0.0;1.0;-1.7;51292;-0.7789809937992423;1.0;18.0;-1.070085096001962;44725;-1.5535572617798237;0.0;12.7;Dropout
0.0;0.0;0.0;0.18782164911935137;;4.0;1.0;1.0;-1.4130064504087665;119.4;1.0;-0.544102181614012;48745;1.0;-0.015778920372960952;0.0;132.0;11269;171.0;0.0;0.0;0.9447447015343373;0.0;1.0;0.0;1.0;;1.0;0.0;1.2396882445084165;1.4;77243.0;92.0;0.05163349006142644;1.0;0.0;0.4077890059579054;0.0;0.0;-1.074912565010059;-0.48152828780396206;0.0;0.4989103925272523;1.0;-0.5353588032709344;0.0;1.0;1.74;60473;0.9234609644381288;;20.0;-0.09657946291085408;79558;0.05790190982693886;0.0;10.8;Dropout
6.0;;0.0;-0.4399586634389518;0.0;9.0;19.0;2.0;1.2103504324929446;126.0;0.0;-1.9654257515356857;19783;1.0;-1.215253464302734;0.0;140.0;77220;9254.0;0.0;6.0;0.018441257477795216;0.0;19.0;0.0;1.0;9.0;1.0;0.0;-1.3805243075650036;1.4;72489.0;;1.5251508973509413;1.0;0.0;-0.5170751865893547;0.0;12.0;-0.10171987710496015;-0.42085631454370215;0.0;0.8746637074596071;43.0;0.4091101991300401;0.0;1.0;1.74;35123;0.09334659707331451;1.0;19.0;0.711961946439788;18930;-0.26845136422912164;0.0;10.8;Dropout
6.0;0.0;;0.3464683867756703;0.0;5.0;1.0;6.0;-0.693876499064711;119.0;0.0;-1.3010844356058813;70080;1.0;-0.16981703609507345;0.0;126.0;46529;9773.0;0.0;6.0;-1.0650895712542021;0.0;19.0;0.0;1.0;5.0;1.0;0.0;-0.22285328107495792;0.5;18636.0;9.0;-0.674034167948312;1.0;0.0;-0.9607441131575513;0.0;0.0;-0.41222760273766684;-0.15997764201790937;0.0;-0.6470763584311255;;1.25797343871795;;1.0;1.79;63439;0.9913270291483107;;18.0;-1.3732608583222934;52330;-0.08722068549719247;0.0;;Dropout
5.0;;0.0;1.0369733004978061;0.0;4.0;;1.0;0.5338410165749355;131.2;1.0;0.009955585720280876;85339;;-0.9370084285957558;0.0;140.0;27112;9130.0;0.0;5.0;1.616595172135364;9.0;19.0;;1.0;4.0;1.0;0.0;-0.016324396808585634;2.6;77976.0;;0.926549439829587;0.0;0.0;2.1031395333905007;0.0;6.0;0.885652357796067;-0.5019502550100186;0.0;0.2715624167258087;1.0;1.1387008030839398;0.0;1.0;0.32;50739;-2.19338618764096;1.0;26.0;0.29300054797393704;51738;-0.2117816336341373;0.0;7.6;Dropout
6.0;0.0;;-0.10761161055418907;1.0;5.0;19.0;2.0;-1.2829056017854663;113.2;;-1.8634231484728845;50775;1.0;-0.2774035847561625;0.0;;89037;;;6.0;0.04179232896190782;10.0;19.0;6.0;1.0;5.0;1.0;12.166666666666666;0.6115279489820665;0.3;80549.0;51.0;0.4571251789523028;1.0;0.0;1.0668120262667529;0.0;8.0;0.06046130500149494;1.071814588451308;0.0;-1.0533999194178278;17.0;-0.5645588364319957;;1.0;-0.92;93228;0.5327334862193163;1.0;;1.1684979754327052;38936;-0.6604481806075158;0.0;16.2;Dropout
5.0;0.0;3.0;-2.2389372329339685;0.0;2.0;3.0;5.0;2.2264068989731225;134.7;1.0;-0.2971604172973206;50629;1.0;-2.559916566302497;;134.0;48443;9147.0;0.0;5.0;-1.335148828920547;10.0;2.0;4.0;;2.0;1.0;;-0.22399274529243318;2.6;14402.0;;-0.19402813945088113;0.0;0.0;0.34553662499574495;0.0;10.0;-0.7984686791721995;-1.2577932761239219;0.0;-0.005239820706521647;1.0;-1.4887610454342513;;1.0;0.32;39212;-0.4837928890854314;1.0;22.0;0.40022023927052225;81929;-3.017790454215605;;7.6;Enrolled
5.0;0.0;0.0;1.1477327921456575;0.0;7.0;19.0;1.0;-1.4422167621086202;104.1;;-1.392096516243992;89347;1.0;-1.1280032084435256;0.0;103.0;20596;9238.0;0.0;6.0;1.5717209138534616;6.0;37.0;;;9.0;1.0;0.0;-0.09853111508787596;1.4;30331.0;4.0;0.367403567528824;0.0;0.0;-0.39182329024754126;;5.0;0.9716330097430793;-0.03714767628825436;0.0;-0.3478876771237595;17.0;-1.3172151395967535;0.0;1.0;3.51;92954;-0.28147289114659385;1.0;20.0;-0.07561635478009153;98230;1.1618290205706736;0.0;8.9;Dropout
6.0;0.0;4.0;0.4002646550603094;0.0;;;2.0;0.06898607031650121;;1.0;1.6399390068655983;44865;1.0;1.4639264045143334;0.0;124.0;37800;;0.0;6.0;1.3548681631190385;11.0;1.0;3.0;1.0;4.0;1.0;13.666666666666666;-0.46134882729133975;-0.8;77738.0;73.0;0.24841192331688916;;0.0;-0.3107894829721992;0.0;13.0;0.7287913848387821;0.08946506923102418;0.0;2.34355394346269;17.0;-0.3117260129551111;10.25;1.0;-3.12;96592;1.352826202409593;1.0;20.0;-0.6681017595762561;14286;0.32999016547508886;0.0;9.4;Enrolled
6.0;1.0;0.0;-0.03307636500909545;0.0;9.0;19.0;1.0;-2.122187214511493;;1.0;2.1651425947656726;31689;1.0;0.8303977491075424;0.0;133.0;61846;9254.0;;6.0;-0.9087810089069499;6.0;1.0;0.0;1.0;9.0;1.0;;1.0489351625851082;1.4;42482.0;54.0;-1.1583533121046916;0.0;0.0;;0.0;;-1.4109834375738992;-0.1246342819272349;0.0;0.5486297102228435;17.0;1.4623171332871585;0.0;1.0;;37880;-0.3898498423907603;1.0;20.0;0.8308418720993512;93912;-1.4842897875365075;0.0;;Dropout
6.0;0.0;1.0;-1.980371848235987;0.0;4.0;3.0;1.0;-0.04122245219632214;141.7;0.0;-1.0581971023420684;86241;1.0;1.3190393359152313;0.0;140.0;36200;9085.0;0.0;;-0.32298011809581906;13.0;3.0;3.0;1.0;2.0;1.0;10.5;-1.4433404427280552;0.5;20118.0;56.0;-0.6067238436196867;;;0.30657753766456786;0.0;19.0;0.2522666446600327;0.9682986234000286;0.0;-2.1520063178577127;39.0;-0.7284454121413682;12.0;1.0;1.79;46669;0.4918964840416902;1.0;27.0;-1.1769201120480355;90703;0.47313165299275506;0.0;12.4;Dropout
10.0;0.0;7.0;-0.29830860316704866;1.0;4.0;1.0;1.0;-0.4252852051382757;128.5;1.0;0.256758680037918;57149;0.0;1.3877212696709238;2.0;120.0;94045;8014.0;0.0;8.0;-0.4575869162633108;13.0;;4.0;0.0;4.0;1.0;10.5;-0.42735477156733853;0.5;86904.0;2.0;-1.0452523849590778;0.0;0.0;-3.0828051429488132;5.0;16.0;-0.7150767895851483;-1.5039479941699165;0.0;-0.001555425618620257;;-0.5963278530093554;10.428571428571429;1.0;1.79;72915;-1.0179454338200378;1.0;;0.24279181109512263;85813;-0.44730480700146996;;12.4;Dropout
;0.0;3.0;-0.875477230056716;0.0;9.0;37.0;1.0;1.1371833939059661;140.0;1.0;-0.9604037319968523;94397;1.0;0.6729874241644773;0.0;140.0;66463;9003.0;0.0;6.0;-1.8894687431026647;12.0;37.0;3.0;1.0;4.0;;11.5;-1.8436759943961023;;;4.0;-0.2766187714886933;0.0;0.0;2.420938515658837;0.0;12.0;-0.7414377928001679;0.567917243554962;0.0;0.3681709875598373;44.0;-0.6169110981183182;13.666666666666666;1.0;1.79;51268;0.036110156221710585;39.0;20.0;0.025515733053315382;21083;-0.41897231641773003;0.0;12.4;Dropout
4.0;;;-1.216279262964473;;1.0;3.0;2.0;-0.42537943159186536;130.0;0.0;-0.30931560205451125;92185;1.0;-0.452868685379135;0.0;130.0;16443;9085.0;;5.0;0.32468750589406287;9.0;3.0;1.0;0.0;1.0;1.0;12.0;-1.029639443148255;1.4;45476.0;98.0;1.3450352960682166;0.0;4.0;;0.0;10.0;1.8695146613125098;-1.2449522480086155;1.0;-0.47396030210732526;7.0;-0.5317307962886673;0.0;1.0;1.74;74142;-1.5912467426429304;3.0;28.0;1.1256110262097088;44910;-0.7684146014890327;;10.8;Dropout
6.0;0.0;2.0;-0.13644943070021817;0.0;2.0;3.0;1.0;1.13862358284633;110.0;1.0;1.8034693279558056;82981;1.0;-1.0372509462656228;0.0;110.0;41234;9130.0;0.0;6.0;0.8451454054153468;15.0;4.0;4.0;1.0;2.0;1.0;10.75;0.3171774663719027;-0.3;59986.0;;0.5810278016264446;1.0;0.0;;0.0;12.0;0.124271388451788;-0.5087765195334119;0.0;-1.1027591834342336;44.0;-0.011226844086627264;10.5;1.0;0.79;33320;-0.05731102236315014;39.0;20.0;-0.5827487610688902;69037;0.5369304726522647;0.0;13.9;Dropout
5.0;0.0;0.0;-0.5359668854976357;0.0;0.0;34.0;1.0;-1.0241205675886709;147.0;0.0;-0.4666885477264853;41787;1.0;1.1467446054496968;0.0;133.1;41474;9670.0;0.0;5.0;0.6568888131048776;6.0;38.0;2.0;1.0;4.0;1.0;;0.3361542899606471;-0.8;45976.0;19.0;;0.0;0.0;1.0866948134347965;0.0;5.0;-0.2175384885139468;-1.3476901458414752;0.0;0.660516076359069;1.0;-1.2800501745517556;0.0;1.0;-3.12;96142;0.3854085388217769;1.0;;-0.4977358118931173;28375;-0.7998235715161989;0.0;9.4;Dropout
5.0;0.0;;-0.4700988026449659;0.0;5.0;37.0;1.0;-0.28196160304474394;111.9;1.0;-0.2860374622371136;74593;0.0;0.06456797438739051;0.0;;23134;9991.0;;;0.03275380021457846;5.0;37.0;0.0;1.0;5.0;2.0;0.0;-0.3131916920406554;2.6;21434.0;44.0;-0.2733676870793202;1.0;0.0;0.46540282731158683;0.0;;0.0849512252956204;-0.33209117526989923;0.0;-0.9613874102561363;39.0;1.0843599563269513;0.0;1.0;0.32;72832;1.1063744618850997;19.0;41.0;-1.2418648706314233;31647;-1.0968346860906002;;;Dropout
5.0;0.0;0.0;0.7396263665961038;1.0;5.0;19.0;1.0;-0.26191209792050607;121.7;0.0;-0.9425292672276969;52543;0.0;2.4940228163819067;0.0;133.1;13389;9991.0;0.0;5.0;0.9421590602876091;7.0;39.0;0.0;0.0;3.0;2.0;0.0;1.1239851461377777;0.3;60559.0;75.0;0.23362486091930423;;0.0;;0.0;7.0;0.8742402628292937;-0.5782112759799829;0.0;0.5754437187770781;39.0;-0.1448210780096468;0.0;1.0;-0.92;17553;-0.8178938584166412;19.0;31.0;0.43728427460040903;60682;1.1317448106059955;;16.2;Dropout
;0.0;8.0;0.2555721401193487;0.0;;19.0;1.0;0.4955882556329172;122.5;0.0;1.1461893776648633;78784;1.0;-0.36509797601075417;11.0;120.0;20092;9853.0;;;-1.1353458413499715;11.0;38.0;11.0;0.0;9.0;1.0;11.727272727272728;1.3540428872992891;2.8;96758.0;84.0;0.7440884803062111;0.0;0.0;-0.4237234673649248;8.0;8.0;-0.701604475953444;1.6382717974740262;0.0;-1.0458771277499732;2.0;2.479134574725335;12.0;1.0;-4.06;31883;-0.528964058859165;;28.0;-0.42381584303224873;86041;-0.178881409766725;0.0;;Dropout
6.0;0.0;;-0.4955148231164466;0.0;4.0;38.0;5.0;0.3683744264070565;;1.0;-3.2632667025240267;93955;1.0;1.97289585478048;;139.0;71396;9773.0;0.0;6.0;1.8182815919130166;6.0;1.0;6.0;1.0;;1.0;13.0;-0.06922733527997318;2.6;95649.0;8.0;-0.6507670379180182;;0.0;-1.2297953239663866;0.0;12.0;-0.5308499694410018;0.24136640275113433;0.0;-0.5339013102523176;;-1.173570998550015;0.0;1.0;0.32;65543;-0.6441215770132318;1.0;18.0;-0.8620739772698514;24649;-0.1474863899922079;0.0;7.6;Dropout
6.0;0.0;6.0;-0.6223812208497901;0.0;9.0;;1.0;0.7222251549233616;121.0;0.0;-0.442797321531621;75929;0.0;-0.15679179069575525;0.0;140.0;32343;8014.0;0.0;6.0;-0.7720821066316832;8.0;37.0;;1.0;;;12.666666666666666;0.2504328563942105;1.4;67420.0;56.0;-1.2374318237642294;0.0;0.0;;0.0;6.0;0.6566714581463277;0.439786020145902;0.0;0.9561500807241777;39.0;1.5898661718249083;11.833333333333334;1.0;;36371;-0.25401021704565135;1.0;;-0.7668162666772819;10931;0.6924641202766653;0.0;10.8;Graduate
;0.0;0.0;-0.4548585704596525;0.0;0.0;34.0;1.0;0.2668306032897393;163.0;0.0;-0.04588609413545871;54937;1.0;1.3360485972587004;0.0;164.0;47574;9130.0;0.0;6.0;-0.6610076491734261;0.0;1.0;0.0;1.0;0.0;1.0;;-0.45254444222339946;2.6;24632.0;45.0;-0.056342903774416295;0.0;0.0;1.43161465227459;0.0;0.0;-1.516389290490369;-1.1075035674330105;0.0;0.48917411431567326;1.0;1.3913453979864867;0.0;1.0;0.32;46653;-0.963906243010109;1.0;18.0;0.5371054964629087;99634;-0.6675867008461763;0.0;7.6;Dropout
0.0;0.0;0.0;-0.24744423010100727;0.0;175.0;37.0;1.0;0.6613148266131155;133.3;0.0;-0.6610773298509144;99333;;1.6966917372324548;0.0;147.0;22842;171.0;0.0;0.0;-0.5752157624080152;0.0;38.0;;0.0;193.0;1.0;0.0;0.6268877214515259;0.3;30150.0;66.0;;0.0;0.0;-0.6478025583831176;0.0;0.0;0.9907718409092912;0.7400771128429109;;0.03142116029636186;39.0;-0.41168400884564893;0.0;1.0;-0.92;68189;-2.1572183797743083;1.0;32.0;-1.1029604997230638;47924;-0.4681531726468855;0.0;16.2;Dropout
0.0;1.0;0.0;0.5840501843758454;0.0;5.0;1.0;1.0;-0.8978639286931384;146.3;0.0;0.8635455077311673;87780;1.0;-1.0229499281807124;0.0;140.0;95257;171.0;1.0;0.0;-0.6481467148564317;0.0;;0.0;1.0;7.0;1.0;0.0;-1.194060480024647;3.7;38389.0;27.0;0.23484648663319696;1.0;0.0;-0.7280239948197764;;0.0;-1.6051797348235601;1.638225980376139;0.0;-0.029903850160969185;17.0;-0.3950606135118676;0.0;41.0;-1.7;41259;-1.042712261710434;1.0;18.0;-1.014165964979683;16856;0.3057152697228355;0.0;12.7;Dropout
5.0;;4.0;-1.0425601296264988;0.0;90.0;;1.0;0.38879866688123427;;1.0;1.2020272839704742;32032;1.0;-0.48499807829086855;0.0;120.0;98784;9670.0;0.0;;-0.19272405647228807;10.0;11.0;3.0;1.0;4.0;1.0;11.666666666666666;1.7958348093792744;2.6;14580.0;10.0;-0.8846774805415694;1.0;0.0;1.2210192603799375;0.0;8.0;-0.24576680857540925;0.8699091685662161;0.0;0.09055317307974718;39.0;-0.9212978161298966;11.25;1.0;0.32;91370;-0.04896201563706858;1.0;29.0;0.8963614255173831;96570;-1.5413776024637658;0.0;7.6;Dropout
6.0;0.0;4.0;1.4584392175056002;0.0;4.0;19.0;1.0;1.6082059274456812;131.7;0.0;-1.412039512879515;94640;1.0;-1.0329792256985308;;;72215;9773.0;0.0;6.0;-0.23144481705556852;7.0;38.0;6.0;1.0;;1.0;12.666666666666666;1.1399852627282254;2.6;;19.0;1.754618803480312;1.0;0.0;-0.4572452051410914;0.0;;-1.5988328731673391;-1.3120125750186744;0.0;-0.7915417048611971;1.0;-0.9098214252395551;12.25;1.0;0.32;65573;-0.1481007453983979;1.0;18.0;-0.16612057582947226;34600;0.22109904676821454;0.0;7.6;Enrolled
7.0;1.0;0.0;0.5847719911276382;0.0;9.0;37.0;1.0;-1.6799927673875972;130.0;0.0;2.0934866537708046;53170;1.0;-1.2299444882582236;0.0;130.0;39845;9556.0;0.0;7.0;0.12963998463591486;9.0;37.0;1.0;1.0;9.0;1.0;9.8;-1.198926353941103;3.7;79751.0;49.0;-0.09881553989352235;1.0;0.0;-0.410559913834402;0.0;7.0;-1.056251661934343;-0.46414185279141373;0.0;-1.5166972610948128;7.0;-0.0006059497748582492;0.0;1.0;-1.7;47756;0.5521194227676057;2.0;36.0;0.9554450859843071;20160;-0.7557114591813673;0.0;12.7;Dropout
5.0;0.0;3.0;-2.7379279908739647;0.0;1.0;3.0;1.0;0.4890079549689279;131.4;1.0;-1.4232588243535156;33048;1.0;0.66706685052495;0.0;137.0;64174;9147.0;0.0;5.0;-0.8186971393412404;13.0;38.0;;0.0;9.0;1.0;10.0;-0.7890184755006823;2.8;48616.0;20.0;0.1937102734020166;0.0;0.0;-0.3731442729462419;0.0;7.0;1.2976668586049531;0.10849011109484802;0.0;0.5691729932328272;17.0;0.02069598424636107;11.333333333333334;1.0;-4.06;35158;0.8421939971568744;1.0;19.0;-0.35935581530916555;70163;0.8554725924551485;0.0;15.5;Dropout
6.0;0.0;6.0;0.08534923442854314;;4.0;1.0;4.0;0.6767797779381175;139.7;1.0;1.2886306816758417;36539;1.0;-0.19662837024902155;0.0;;44735;9773.0;0.0;6.0;0.16660435602016524;10.0;;5.0;1.0;5.0;1.0;11.6;0.4212487640448262;-0.8;85717.0;25.0;-0.6619674017221667;;0.0;-0.06498098099047911;0.0;6.0;1.0444578738347208;-0.5771631758144851;0.0;1.5301000439033854;17.0;-1.6023552669411647;12.0;1.0;-3.12;36609;-0.4495519974062408;1.0;18.0;-0.0011258993966320049;78457;0.5466633268499089;0.0;9.4;Dropout
8.0;1.0;6.0;1.0407366433757963;;9.0;1.0;2.0;1.4611863774716831;125.1;0.0;0.1498276985356943;80724;1.0;0.05236632319013622;0.0;;91928;9500.0;0.0;7.0;-1.0904272938877675;9.0;38.0;6.0;1.0;;1.0;12.816666666666668;-0.3382511036836211;0.6;15549.0;8.0;1.1065079983645454;1.0;0.0;-1.5736380959020388;0.0;11.0;1.1513222997781045;2.5329908532608028;0.0;0.6042329288603249;1.0;2.2935053233258635;12.875;1.0;;13227;-1.5857393105107;1.0;18.0;0.15629927193621673;21391;0.41454835697503;0.0;11.1;Enrolled
6.0;0.0;;0.3887059081608008;0.0;9.0;37.0;1.0;0.7260469332902094;129.9;0.0;-0.5037010971138146;44670;1.0;0.55623913497328;0.0;132.0;64454;9238.0;;6.0;0.7324747199858609;7.0;37.0;5.0;1.0;7.0;1.0;;0.5445995487216492;1.4;18156.0;1.0;0.5718468925510739;1.0;0.0;-0.5393401125416265;0.0;6.0;-1.4489882835384054;-0.4822764307618817;0.0;0.2541724155957768;1.0;-0.25951685716306216;12.666666666666666;1.0;1.74;17753;0.40321931053225785;;20.0;1.3872862671468236;75394;-1.606958648554557;0.0;10.8;Enrolled
6.0;;1.0;-0.4123409597181621;0.0;9.0;38.0;1.0;0.10031594215870858;125.9;0.0;-0.40936692967583616;68837;1.0;-1.8573868337149146;0.0;142.0;21669;9254.0;0.0;6.0;0.7200700827037145;0.0;38.0;0.0;1.0;;;0.0;-0.35939634701610634;1.4;72079.0;99.0;0.31466342916056833;0.0;0.0;0.23036801913972194;0.0;11.0;-1.051056158201663;-0.043351350721190444;0.0;-1.2085240770798997;43.0;0.06561227721718836;10.0;1.0;1.74;80000;-0.009809091653638871;1.0;19.0;1.3058728262102701;44007;-0.10339539517381979;0.0;10.8;Dropout
5.0;0.0;2.0;-0.06109177964495029;1.0;4.0;38.0;;0.43007319551003853;127.2;1.0;-0.03351279066031383;50030;;1.2867660039570548;0.0;123.0;18701;9085.0;;5.0;-0.00578691043936403;7.0;;3.0;0.0;;1.0;11.333333333333334;1.5248117581200582;2.6;33168.0;95.0;-1.1516548233119837;0.0;0.0;0.2232379361748293;0.0;8.0;0.33987256883113187;-0.6002279875092618;0.0;0.8771742708931943;1.0;-0.626237433413442;11.5;1.0;0.32;79175;-0.258442860940471;1.0;20.0;1.1532370381923354;38725;-1.1772665604142774;0.0;7.6;Dropout
6.0;0.0;;0.1783199481710177;;90.0;;1.0;-0.7350378345613403;116.0;0.0;0.20841786186378186;98803;0.0;-0.34909416333991755;0.0;133.1;80509;8014.0;0.0;;-0.649697121352712;13.0;34.0;4.0;0.0;90.0;2.0;11.25;0.008306992701303577;1.4;;67.0;1.0940302266182664;0.0;1.0;1.1579930525795872;0.0;12.0;0.7153174901793481;0.23168371384510666;0.0;0.4813943874533876;39.0;-0.2670095390918342;0.0;1.0;1.74;17811;1.2204250437782804;;51.0;-0.6288188699353919;70012;-0.03686390297702623;0.0;10.8;Dropout
7.0;0.0;4.0;0.7695882546233157;0.0;9.0;37.0;1.0;-0.3879680723577459;100.0;;-0.9201543513715253;22284;1.0;0.5324013062378574;0.0;120.0;75495;9500.0;0.0;7.0;0.31113331265100924;;;;1.0;9.0;1.0;11.333333333333334;2.4205551310087463;0.3;;16.0;0.7569029729769516;0.0;0.0;1.8393922221948047;0.0;16.0;-0.7995136850986247;1.3823500160221647;;0.7601465008328266;39.0;-0.35787811124420843;12.6;1.0;-0.92;59722;0.45054796700316324;1.0;34.0;-0.9868295693832174;15440;-2.315279676889739;0.0;16.2;Enrolled
6.0;0.0;;-1.4150948481237002;0.0;1.0;3.0;1.0;-1.3357028397019948;;1.0;-0.23393995767839035;62700;1.0;0.620712839228547;0.0;120.0;75681;9003.0;0.0;;-0.887647162594006;12.0;;0.0;;2.0;1.0;0.0;0.60267529711283;;92186.0;94.0;1.014933397539199;0.0;0.0;1.512483446664403;0.0;10.0;-0.5789213825439219;0.11485545277709149;0.0;1.0338910106512036;43.0;-0.0029304258252604446;;1.0;-0.92;39537;0.12289933087278894;1.0;;0.7607914630609068;25124;-1.5408322683752427;0.0;16.2;Dropout
;0.0;2.0;-0.6050183532365482;0.0;5.0;1.0;1.0;1.4870295143442231;;0.0;-0.7706728229275946;42013;;1.3707965607638406;0.0;135.0;39982;9147.0;0.0;5.0;0.03454023133646275;10.0;19.0;;1.0;5.0;1.0;10.75;-1.3494043382481336;;;84.0;0.037029357690153225;1.0;0.0;0.9146523840739345;;13.0;-1.1313476460586354;-0.21901325478235495;;1.586006967043655;1.0;-0.014589910428114545;10.0;1.0;-3.12;72779;0.1638841903756143;1.0;18.0;1.376759702300817;84977;1.1890336088401876;0.0;9.4;Dropout
5.0;0.0;0.0;1.6385781280674787;0.0;0.0;34.0;1.0;0.450157318950846;128.2;0.0;-1.2150495270738728;81349;1.0;-0.10485738778303354;0.0;133.1;70591;9085.0;0.0;5.0;-0.1518152825544264;5.0;34.0;0.0;1.0;0.0;;0.0;2.0864965834732474;2.6;78631.0;57.0;-0.07486116385663526;0.0;0.0;-0.1487345907672074;0.0;5.0;1.658245290581541;-1.0739104462458848;0.0;-1.1147218506459458;39.0;0.8048663485410703;0.0;1.0;0.32;63542;0.8497061524331356;1.0;25.0;1.1628187321187369;98704;0.3690531760065605;0.0;7.6;Dropout
6.0;0.0;4.0;0.0329472232809357;1.0;9.0;37.0;1.0;-0.9161124603246138;113.9;;-0.8173117024578972;94865;1.0;-2.1236374590429308;0.0;123.0;34403;9670.0;0.0;6.0;2.629908433664263;7.0;;4.0;0.0;9.0;1.0;11.25;1.098678954870516;1.4;40825.0;53.0;-0.18209288174713076;1.0;0.0;-0.62306906995688;;9.0;-0.47495579905351665;1.2088363683673755;;-1.2889769338889;;0.22721993709877608;10.857142857142858;1.0;1.74;81959;-0.6895529323113454;1.0;18.0;0.013049257333420017;91438;-0.35381584747966704;0.0;10.8;Dropout
;;8.0;1.5279021368780794;0.0;2.0;3.0;1.0;0.2713569626625843;;;-1.1499746326954394;41112;1.0;0.057127613453560856;7.0;140.0;67426;9085.0;0.0;12.0;-1.2270525159847638;18.0;38.0;8.0;1.0;9.0;1.0;12.25;0.3801476250809798;0.5;85518.0;100.0;2.2789979443108566;1.0;;0.017878432508401983;4.0;27.0;0.031292303612764895;-0.14369393808048683;0.0;0.14815405057191233;44.0;0.7042830203995033;12.2;1.0;1.79;66135;-0.880219392664407;39.0;21.0;0.7278085448741498;80494;-0.9087433226862226;0.0;12.4;Enrolled
6.0;1.0;5.0;2.98559303778425;;4.0;19.0;1.0;1.1593477099943326;123.0;0.0;-0.4201549127505187;91693;1.0;0.20070685816160114;0.0;133.1;39572;;0.0;6.0;-2.667309956727729;;19.0;;0.0;;1.0;10.833333333333334;0.6466334561984278;-0.3;48200.0;35.0;-0.5424462679222075;0.0;;0.585578769772898;0.0;7.0;0.0836446022226273;-0.18669628467303534;0.0;-0.922518168884214;39.0;-0.009810821805434359;11.0;1.0;0.79;27990;-0.2341349984162031;1.0;28.0;0.7453876530851291;21504;-1.084253917587093;;;Dropout
5.0;0.0;0.0;-0.49203480680806;0.0;9.0;37.0;1.0;0.9927923254543841;133.2;1.0;0.43247490546841544;64574;0.0;-1.0342608591401172;0.0;120.0;21193;9991.0;;5.0;-0.6375804431057422;5.0;37.0;0.0;1.0;;2.0;;-1.1890467646171878;2.6;23651.0;72.0;-1.1862448434234132;;0.0;0.8219377982456677;0.0;5.0;1.1056204534738094;-2.3389371806488324;0.0;-1.0957041804473793;39.0;0.23125255510589088;0.0;1.0;0.32;69963;-1.1779358234280355;1.0;32.0;0.1489427913794047;37795;0.20015575508852576;0.0;7.6;Dropout
8.0;0.0;5.0;-1.197281141360671;0.0;3.0;19.0;1.0;-0.9276386131664013;117.5;;0.12071035417796232;14959;;0.14749065443293866;0.0;124.0;84890;;0.0;8.0;-1.7155316191435894;10.0;37.0;5.0;1.0;8.0;1.0;12.858;-1.804376110336264;-0.8;55476.0;62.0;-0.3732561659118605;1.0;3.0;0.6230857335158502;0.0;10.0;-0.9524665646324091;-0.12721660087012307;3.0;1.2200957510777495;1.0;-0.2413056826832715;;;-3.12;85134;-0.04541896216556875;1.0;19.0;0.19237362473699957;86303;-0.343632309592346;0.0;9.4;Enrolled
5.0;;0.0;-0.26553071077993395;1.0;4.0;1.0;1.0;-3.133838815879548;;1.0;1.9743447766606508;80071;0.0;-0.3610184347262918;0.0;133.1;83263;8014.0;0.0;6.0;-0.7266948609489335;6.0;1.0;0.0;0.0;4.0;1.0;;-0.041749707501356106;1.4;36323.0;18.0;-0.53312699547704;0.0;0.0;-0.12117547137605256;0.0;5.0;1.1682608342261538;-0.40110497736566353;;-1.00906259510908;39.0;1.0031117343376488;0.0;1.0;3.51;99504;0.096951246178967;38.0;29.0;0.09819533680280466;74179;1.5466471833172766;0.0;8.9;Dropout
6.0;0.0;0.0;1.0989927176487315;0.0;0.0;38.0;1.0;0.3953860848963799;151.0;0.0;-2.210453013719917;59628;1.0;-1.3427539492825105;0.0;151.0;80527;9773.0;1.0;6.0;-1.2976041376391683;12.0;37.0;;1.0;5.0;1.0;0.0;1.3787703391491681;-0.8;;92.0;1.2598468364725863;1.0;;0.7868622398422616;0.0;0.0;-1.2787207156216913;-1.8260044103730286;1.0;-0.011067133201980106;;0.32262242951592457;0.0;22.0;;73329;-0.06880177015227598;1.0;18.0;-0.7880965332789023;84989;-0.18476372001034996;0.0;9.4;Dropout
8.0;;7.0;1.2388958717762868;0.0;3.0;;3.0;-0.8868696318382332;126.1;0.0;0.4693409662141885;97021;1.0;0.6714848950092839;0.0;131.0;67163;9500.0;0.0;7.0;-0.9045006625342721;8.0;3.0;7.0;1.0;;1.0;;0.39570884326860606;2.8;;65.0;-1.3559923986163935;1.0;0.0;;0.0;11.0;1.1657202577777237;0.9896114302111616;0.0;-1.6314257294979615;1.0;-0.15807485451290068;12.820000000000002;1.0;;46124;-0.3614176840779897;1.0;18.0;-0.6860524375559527;46970;0.05872049224453354;0.0;15.5;Enrolled
6.0;0.0;4.0;2.2719774851568464;0.0;4.0;38.0;1.0;0.6223275059805008;122.3;0.0;0.00642023852435217;51305;1.0;-0.5637251508977961;0.0;140.0;67507;9853.0;;6.0;-1.0649096590107445;9.0;19.0;4.0;1.0;10.0;1.0;13.0;1.7091714974091443;3.7;44925.0;97.0;-0.5612908480327181;1.0;;0.8801603840675414;0.0;9.0;-1.7152995851047468;-0.535242419226939;0.0;0.06303906250812634;17.0;-0.18791013455132072;12.25;1.0;-1.7;55816;1.6530104189253758;;19.0;-0.7014903615096384;61931;-1.3885034680553712;0.0;12.7;Dropout
6.0;;4.0;-0.03680551931627386;1.0;2.0;3.0;1.0;0.9502703883362412;154.9;1.0;0.8156703423719669;32665;1.0;-0.4063792147370691;0.0;130.0;79431;9003.0;0.0;6.0;0.9629514830972898;8.0;1.0;5.0;0.0;;1.0;16.166666666666668;1.3212207831921898;1.4;10882.0;62.0;0.19052316423886367;0.0;0.0;-0.03201305516339899;0.0;10.0;-0.10455565186810466;1.89556887770998;0.0;1.1828175562629524;39.0;-0.10923934124699704;16.0;1.0;3.51;22374;0.9406611403426589;1.0;;-1.599236776782504;76315;-0.36069922517713965;0.0;;Dropout
6.0;0.0;6.0;0.48805651555248797;0.0;3.0;39.0;1.0;1.1136331111633824;128.7;;0.7164652043104087;25551;1.0;-0.46257884728708454;0.0;;60715;9254.0;0.0;6.0;-0.04852947734505568;8.0;3.0;6.0;1.0;3.0;1.0;11.666666666666666;0.020608706785452846;;16284.0;49.0;1.2682928546347998;1.0;0.0;;0.0;10.0;1.6254372217028938;1.4144415396890595;0.0;1.2130932656456406;;0.03044392367703176;;1.0;;67323;-0.09713983776609775;;20.0;0.14285992734841;80517;0.17699140506798605;0.0;13.9;Dropout
5.0;0.0;3.0;-0.7117696509545471;0.0;1.0;1.0;1.0;1.7447404859785316;130.0;1.0;-0.16499175013517703;17100;1.0;1.2354785974641467;0.0;130.0;88847;9130.0;0.0;5.0;1.0754528031418928;12.0;1.0;1.0;;1.0;1.0;13.0;1.1837569213272254;-0.8;63059.0;;0.7131323065971444;1.0;0.0;-0.8575674293881075;0.0;7.0;0.6972561082456549;-0.7199036107504369;2.0;1.044992191386581;43.0;-0.05636110121892039;14.0;1.0;-3.12;22415;0.09302793991470293;1.0;;-0.040573372837559296;75316;-0.37278571121318677;0.0;9.4;Enrolled
6.0;0.0;2.0;-2.506984949377617;0.0;134.0;;1.0;1.2363569180773035;130.0;1.0;0.17265128485675557;73495;;-0.0409161617733923;2.0;136.0;78963;9254.0;0.0;6.0;0.04048148417039614;13.0;2.0;4.0;1.0;112.0;;11.5;1.5225953858547296;2.6;10545.0;10.0;1.6190173506155494;1.0;0.0;-0.6812176235921815;2.0;12.0;0.4212422886412489;1.369313652270939;0.0;-0.07837196893157541;42.0;-0.5588416552113599;12.5;1.0;0.32;33421;1.3763444154095885;1.0;22.0;0.7619641356837025;13553;-0.4856285335742323;0.0;;Dropout
14.0;0.0;13.0;-0.03965269764842436;0.0;0.0;;1.0;1.7495488287840217;131.8;0.0;-0.7440692129184846;97866;1.0;0.0790998205458215;;133.1;58817;9147.0;0.0;15.0;0.9285899229642176;17.0;34.0;14.0;1.0;0.0;;11.357142857142858;-0.08018197108287686;2.6;79494.0;59.0;0.3457929007878231;0.0;0.0;0.2570751986749299;13.0;15.0;-1.0484151416241725;1.6105421944792349;0.0;1.111504518907733;1.0;0.764900555268261;12.846153846153848;1.0;0.32;55921;-0.5845543485109517;1.0;24.0;1.2607172829791122;28226;0.32690962561532305;0.0;7.6;Dropout
6.0;0.0;4.0;-1.1537542537397085;0.0;4.0;1.0;2.0;1.379060343235331;122.7;0.0;0.6136799793544542;68222;1.0;-0.440636154386397;0.0;130.0;62829;9254.0;0.0;6.0;-0.3021451034372762;10.0;38.0;4.0;1.0;9.0;1.0;11.75;-0.2137755605448221;2.6;97766.0;19.0;-0.20361948007803102;1.0;0.0;0.5198037535556334;0.0;13.0;-0.7348012441683575;-0.55903555552189;0.0;0.43008124723464225;1.0;0.8280759925481701;10.0;1.0;0.32;53062;-0.9655981955363109;;18.0;1.3242943648465293;54655;1.5148232815609894;0.0;7.6;Dropout
5.0;0.0;5.0;0.6433572032596702;0.0;7.0;37.0;1.0;1.466217574022167;133.9;;-1.878876052122701;64237;0.0;0.4628668222549053;0.0;;96118;;0.0;5.0;1.5945520305423257;;37.0;5.0;1.0;7.0;1.0;;0.14045048733324203;1.4;26536.0;11.0;0.8555565281721951;0.0;0.0;-1.41453231794403;;6.0;1.3443958210311588;-1.032660109450773;0.0;-0.4389463000152934;39.0;1.7838568379007467;13.666666666666666;1.0;1.74;44536;0.22689724730558464;1.0;30.0;1.4184654583097516;72910;0.14496937030782736;0.0;10.8;Dropout
7.0;;6.0;-1.881393320539162;0.0;9.0;38.0;1.0;-0.04086813929777262;114.5;0.0;0.7768264386493173;12542;1.0;1.3493180484506717;0.0;;55430;9500.0;0.0;7.0;0.4709681787827312;11.0;19.0;6.0;1.0;10.0;1.0;12.1;-2.4119078277253156;;14932.0;41.0;;0.0;0.0;-0.5039951083635509;0.0;7.0;0.47233949125698094;-2.1553546790284246;0.0;0.3817015195278768;43.0;-0.6036297106447612;12.616666666666667;1.0;-0.92;68253;0.413905698467481;1.0;23.0;-0.7570810272890078;97028;1.1441862834731378;0.0;;Enrolled
5.0;1.0;0.0;-0.7393328907175372;0.0;;1.0;2.0;-1.2893264312323773;113.4;1.0;-0.02317344423611007;11552;1.0;0.6478608174865064;0.0;120.0;19828;9147.0;0.0;5.0;-0.7798211209665434;5.0;37.0;;1.0;;1.0;0.0;0.2804319015758431;0.6;28944.0;8.0;-1.7098850242442907;1.0;0.0;0.24328546530539388;0.0;5.0;0.8902492470005642;0.38044159908973274;0.0;0.8856735138556571;1.0;0.6664387251521058;0.0;1.0;2.02;92183;0.48850556805326384;1.0;19.0;-1.4319592779871635;37089;0.6216023775187822;0.0;11.1;Dropout
;;;0.26767920364045866;1.0;9.0;37.0;1.0;2.4822702544824122;110.0;0.0;-0.4870620378310888;54920;;0.6868669613348561;0.0;133.1;85897;9003.0;0.0;6.0;0.619149601908667;17.0;37.0;5.0;0.0;7.0;5.0;13.0;0.7204379830848138;-0.3;13912.0;34.0;;0.0;0.0;-0.8996799100976025;0.0;11.0;0.07379381248074093;-0.9733258724932714;0.0;-1.3277178911753982;39.0;-1.9091373162826824;11.75;1.0;0.79;93056;0.8277773451180905;1.0;28.0;0.9307435780654327;79768;1.0843533746678506;0.0;13.9;Dropout
5.0;0.0;5.0;0.37236216741312317;0.0;9.0;19.0;1.0;0.06295293521602019;136.8;0.0;-0.2325331994467262;56798;1.0;0.6062302058843455;0.0;135.0;10363;9085.0;0.0;5.0;0.027098395908505466;11.0;38.0;5.0;1.0;5.0;1.0;14.0;0.14451109141550142;-0.8;;94.0;0.2105668259738844;1.0;0.0;0.43390415305960467;0.0;7.0;-0.2817314840134854;0.4104929275231255;;-1.0604172016282292;1.0;0.8290430650218876;11.6;;-3.12;55983;-0.7325773495423836;1.0;;1.3821334382009005;69773;-0.6097199233466377;;9.4;Enrolled
0.0;0.0;0.0;-0.047439247476067675;0.0;9.0;37.0;4.0;1.2287080639742345;127.8;0.0;-0.1591962345883808;48308;1.0;-1.3802426433111632;;139.0;32230;171.0;0.0;0.0;-0.20250768212911482;0.0;38.0;0.0;1.0;9.0;;0.0;0.3446744203613738;1.4;90095.0;14.0;0.9640038114444975;1.0;0.0;;0.0;0.0;0.7666616304754316;-0.5678509846584185;;-0.14361258179779005;1.0;-1.456582115007185;0.0;1.0;;59652;-1.408449682671205;1.0;19.0;1.5559924472104256;34131;-0.20692749498440183;0.0;10.8;Dropout
6.0;0.0;4.0;1.867345167931109;0.0;;19.0;1.0;-0.550274831024222;135.4;0.0;1.2973037604805013;94242;1.0;-0.8761188316991384;0.0;140.0;39694;9003.0;0.0;6.0;0.09602128384811984;10.0;19.0;5.0;1.0;6.0;1.0;11.8;-0.04347637559950335;0.5;;87.0;-0.8523724380144719;1.0;0.0;-0.7234202716692567;0.0;13.0;0.2593530344559697;-0.77973159105529;0.0;-1.2217581248342775;39.0;-0.9843311035722854;11.25;1.0;1.79;50675;-0.5845673580369569;1.0;24.0;0.48499620969237567;25586;-0.20277357076466468;0.0;12.4;Enrolled
;;3.0;1.569463635809116;0.0;0.0;34.0;1.0;0.9639224425456392;118.9;0.0;3.2334936632485123;39701;1.0;-0.20498739359912627;0.0;133.1;12326;9853.0;0.0;6.0;0.7512497341153255;12.0;;3.0;1.0;0.0;1.0;11.333333333333334;-1.9970218899543064;2.6;97842.0;37.0;;1.0;0.0;0.05320543244889753;0.0;10.0;-0.16996000108804354;-0.5614912376986894;0.0;-1.2360294195615307;;0.3322253290158185;11.333333333333334;1.0;;90731;0.5818412626718295;1.0;21.0;-1.996703947603627;66117;0.5462772365639759;0.0;7.6;Dropout
6.0;1.0;4.0;-0.6843274930659206;0.0;9.0;37.0;;-2.4449633250399656;133.5;0.0;1.2198708241503822;98597;1.0;-0.7258640424932256;0.0;138.0;29489;9238.0;0.0;6.0;-2.1175125836644315;8.0;;3.0;1.0;;3.0;10.2;1.6625947609033647;3.7;83050.0;99.0;0.6703588772128999;1.0;0.0;0.3922803295791006;0.0;13.0;-1.4140070565414014;-1.2998169194682276;0.0;-0.42058707172787446;17.0;-0.6214990354223122;12.25;1.0;-1.7;87611;-0.9218966804693111;1.0;21.0;0.3656094634335926;39536;0.7924128222118642;0.0;12.7;Enrolled
5.0;0.0;0.0;1.609409667786361;0.0;1.0;;1.0;-0.410443391000954;;1.0;-0.5653257858897562;33715;0.0;-1.064537024755998;0.0;100.0;25843;9991.0;0.0;5.0;-0.3509404477272536;5.0;19.0;0.0;0.0;1.0;1.0;0.0;-0.3678288474017184;1.4;86007.0;54.0;;0.0;;-0.8485289142699277;0.0;;0.9539082973195758;-0.5619532803775938;0.0;0.9919890295413409;43.0;-0.7583535100029103;0.0;;;14887;-1.9338350464862688;;40.0;0.55544086790941;29129;0.12505619111189117;;10.8;Dropout
7.0;1.0;0.0;1.762201448790181;1.0;7.0;;1.0;-0.09841108339228836;99.5;0.0;0.6297818242852791;39313;1.0;-1.872175740870574;0.0;133.1;59824;9556.0;0.0;7.0;0.6826707145975639;13.0;;1.0;0.0;7.0;;;-0.6177701275301731;1.4;63294.0;51.0;0.20734791679207704;1.0;0.0;-0.24261237981404754;;12.0;0.44002631163938394;-0.7366126689041331;0.0;0.9731509811406687;39.0;-0.4848160224983458;0.0;1.0;3.51;81648;0.14426944786343035;19.0;37.0;1.2520750212585894;29675;0.8767065773758641;0.0;;Dropout
8.0;1.0;7.0;-0.12390237404233932;0.0;4.0;1.0;4.0;0.4626087683051862;121.3;1.0;0.6733291660574839;36933;1.0;-1.346529213134141;;137.0;89239;9500.0;0.0;8.0;0.24822726502305298;8.0;19.0;7.0;1.0;3.0;1.0;15.07;1.3579827784518277;1.4;22559.0;;0.3469278939366937;1.0;0.0;;0.0;8.0;-0.6062620491478531;-0.014155638354808184;0.0;0.32108017395457106;17.0;0.7296259919185254;15.07;1.0;;12695;-0.5670839824261295;1.0;18.0;1.429628693983234;29991;-0.5633314769813729;0.0;10.8;Graduate
6.0;0.0;4.0;0.045403122852158084;0.0;7.0;19.0;1.0;1.072024676601108;;;-0.9251607224472203;80371;1.0;-0.25652555734260035;0.0;107.0;35226;9238.0;0.0;6.0;-1.1263809894012873;13.0;37.0;3.0;1.0;7.0;1.0;11.2;0.9787004684612145;0.3;79189.0;32.0;-0.8567321698297906;1.0;0.0;-0.7620901833167675;;;1.179252734128051;0.10425808618534001;0.0;0.1802809896696239;1.0;-0.9328903964177435;12.0;1.0;-0.92;74248;-1.7270893908433222;1.0;;0.9096334033853346;18217;0.885377552899125;0.0;16.2;Enrolled
5.0;0.0;0.0;-0.0507215531265994;0.0;;34.0;1.0;-1.0941429216303153;140.0;1.0;-1.2607992972206816;39794;0.0;-0.06942636681888449;0.0;140.0;45181;9991.0;0.0;5.0;-2.367762370508882;;34.0;0.0;0.0;99.0;2.0;0.0;0.27306585597577754;2.6;67557.0;60.0;-0.38501455138481744;1.0;0.0;-1.6577568404239018;0.0;;0.2438124990666245;-1.0711750877388804;0.0;2.0874784284157815;7.0;-0.0541548642225358;0.0;1.0;0.32;40481;0.07445133415658964;3.0;33.0;-0.5872788982958552;27040;1.0158094421858677;0.0;7.6;Dropout
6.0;0.0;;-0.6449993881573639;1.0;9.0;37.0;1.0;0.6599681889202039;;0.0;-0.06328092891678859;51282;1.0;-0.7930537761305755;0.0;123.0;71931;9003.0;0.0;6.0;1.7009266667958205;6.0;37.0;0.0;0.0;;;0.0;0.769369723099595;0.6;96585.0;;0.331122347445175;0.0;0.0;-1.5365738456897544;0.0;;0.2633988390950769;1.100805190609944;0.0;-0.5393509724646938;39.0;-0.3786562845393365;0.0;1.0;2.02;57461;-0.3862727111762711;1.0;48.0;-1.0291173145526582;97814;0.6774963459246635;0.0;11.1;Dropout
5.0;0.0;0.0;-0.5456676795894708;0.0;;19.0;;1.2266669766367415;;1.0;0.8077076027014347;20034;1.0;0.07892521268322598;0.0;148.0;70682;;0.0;5.0;-0.18708204937629416;6.0;1.0;4.0;1.0;5.0;1.0;13.75;-1.1549883356904824;0.5;72722.0;51.0;-0.4251339160822378;1.0;;-0.4180508640569697;0.0;5.0;0.8838955762448353;-0.15956863379156172;0.0;0.24107413498309788;1.0;0.8198907713290137;0.0;1.0;1.79;80458;1.6759827214733976;1.0;19.0;0.5339611518163068;27098;0.134169783481213;0.0;12.4;Dropout
8.0;0.0;8.0;1.3193225723965953;0.0;90.0;35.0;1.0;2.3459115827542574;140.0;0.0;-1.6118082676014285;45820;0.0;-0.4338336409083763;10.0;130.0;95078;8014.0;0.0;15.0;1.5140495087490409;22.0;35.0;12.0;0.0;90.0;2.0;13.333333333333334;-0.08089437401954816;1.4;59098.0;86.0;-1.469418874521655;0.0;0.0;-1.3184182763051384;8.0;8.0;0.6687066203052989;1.502439349957333;0.0;-0.5889879558737513;7.0;0.8479217540828429;12.875;1.0;1.74;31120;0.08884367409890792;3.0;59.0;-0.7924151104255653;46793;0.7133233324049665;0.0;10.8;Dropout
5.0;0.0;0.0;0.43737614315034784;0.0;0.0;19.0;4.0;0.7066279838375339;128.7;1.0;-0.7208978676544061;27997;;1.0905735873738482;0.0;;57028;9147.0;0.0;5.0;0.7949627498227136;8.0;1.0;2.0;1.0;4.0;1.0;10.5;1.2947841094572494;2.6;79448.0;21.0;0.2948887645389004;;0.0;-0.3477218951762459;;10.0;0.293674479130845;0.24108230098607372;0.0;-1.2874213363278968;17.0;-1.8352817974361126;;1.0;0.32;21962;0.5860846148970307;1.0;22.0;1.4751371068423706;54935;-0.8940044652384896;0.0;7.6;Dropout
5.0;0.0;0.0;-0.5541895470618681;1.0;6.0;1.0;1.0;-0.459505981481222;143.6;1.0;0.5726517089904064;78236;1.0;-0.16162576402483733;0.0;139.0;79232;9147.0;0.0;5.0;-0.7936135565568602;9.0;38.0;0.0;1.0;;1.0;;-0.6771418191301696;2.6;69048.0;86.0;0.8360341739272907;1.0;0.0;1.664942851172679;0.0;5.0;-0.18858505354499697;0.06910403885386154;0.0;1.184881064793476;17.0;1.0451094187643148;0.0;1.0;0.32;61072;-0.01722979003169727;1.0;18.0;-1.7045589373519214;73189;0.19836226436020854;0.0;7.6;Enrolled
6.0;0.0;5.0;-0.9259960723554513;1.0;4.0;38.0;1.0;-1.271764657108261;140.0;0.0;0.041723613270580134;83153;1.0;0.6963308814017153;1.0;140.0;86086;9085.0;;6.0;-2.5014337890836615;13.0;37.0;4.0;0.0;10.0;1.0;13.0;-0.9983333049937513;0.3;20159.0;1.0;1.0685346289237954;0.0;0.0;-1.3785983876886816;1.0;11.0;1.9836641542345292;-0.49097810052633667;0.0;-0.3052054327824676;44.0;-0.6107559064588114;12.0;;-0.92;85418;-0.5975300497724231;;;0.5668866123946673;37881;0.30051047682512244;0.0;16.2;Dropout
5.0;0.0;5.0;-0.7581103986134754;1.0;9.0;19.0;2.0;1.8292022978652303;;;1.4162736205989954;34296;1.0;0.20321376229469254;0.0;124.0;47822;9670.0;0.0;5.0;-0.4621494241944494;5.0;1.0;4.0;1.0;4.0;1.0;12.0;0.07860395283669008;-0.8;65024.0;14.0;0.5323105635385098;1.0;0.0;-0.2826048514777008;0.0;6.0;-0.7338008208640142;0.6148393920709179;0.0;0.6948219697199349;1.0;0.2362921985966739;;1.0;-3.12;20418;-0.4876135478765502;1.0;20.0;0.3195349747424888;84412;-1.329515663151485;0.0;9.4;Dropout
5.0;0.0;3.0;-0.16385522203491606;0.0;9.0;19.0;1.0;0.7373419355929418;115.6;1.0;-1.4113674540763435;98929;1.0;-1.402071039244055;0.0;124.0;85296;9147.0;0.0;5.0;-0.03724236650221855;9.0;19.0;3.0;0.0;3.0;1.0;12.0;0.10205701109779418;-0.8;45167.0;51.0;0.8183072508566308;1.0;0.0;2.1323045542713843;0.0;7.0;0.74597183899408;0.033566751161682014;;-0.24612898982219297;;-0.9389087403832965;11.0;;-3.12;44883;1.080958721709788;1.0;20.0;-0.2067666675311628;80015;0.4745842529395207;0.0;9.4;Dropout
10.0;0.0;6.0;0.9131698873072588;;9.0;;1.0;-0.021975631580239508;120.0;1.0;2.3521649334494557;48373;0.0;-0.09065817573717544;6.0;120.0;98694;9991.0;0.0;10.0;0.4506600215776027;10.0;37.0;7.0;1.0;9.0;1.0;11.714285714285714;0.6475720998400183;1.4;24646.0;82.0;0.9875090698999317;;0.0;0.4081300829757099;4.0;10.0;-0.08385916637232689;0.8584657091229847;0.0;1.246637164531694;43.0;0.37113460270978327;;1.0;1.74;58312;0.7477889501177114;1.0;34.0;-0.9251162743047414;55761;-1.2488187256818153;0.0;10.8;Dropout
;1.0;3.0;-0.8600811694237297;0.0;9.0;;3.0;-1.6198182942218182;132.0;0.0;-1.5379924435695795;85132;1.0;-1.2356240993286836;0.0;126.0;20755;9085.0;0.0;;-1.1108786066458753;8.0;1.0;3.0;1.0;9.0;1.0;15.0;-1.3781524372396443;-0.8;34848.0;23.0;0.07965581738493001;1.0;0.0;-0.3677232874755995;0.0;9.0;0.45471362746317107;1.6046623975584597;2.0;-0.9972366680214746;1.0;2.551348953621102;11.666666666666666;1.0;-3.12;30463;-1.4886289465782725;1.0;18.0;-2.0617763024430626;90469;-0.42791829790943103;;9.4;Dropout
;;0.0;0.9017025681365862;0.0;9.0;19.0;1.0;-0.9311839508980528;128.2;0.0;-2.0291637188282605;32187;1.0;-0.10812083821692123;0.0;140.0;79405;9853.0;0.0;;0.1780065830526892;0.0;1.0;0.0;0.0;4.0;1.0;0.0;-2.5493767704006305;3.7;85120.0;81.0;-2.118916682331886;;0.0;-0.15688263451923834;0.0;0.0;1.233423318370273;-0.726852868180137;0.0;1.1639127128378917;39.0;0.12716556128503306;0.0;;-1.7;86628;-1.2486061896016452;1.0;30.0;-0.5314286860726836;41348;0.03976095927629845;0.0;12.7;Dropout
7.0;0.0;0.0;0.196956748321297;;7.0;37.0;1.0;0.6313202887739365;119.7;1.0;-0.05891277949730691;87308;1.0;-0.7451308172306892;;123.0;66090;9500.0;0.0;7.0;0.17764190757982173;8.0;37.0;;1.0;7.0;1.0;0.0;0.9212319274388695;-0.3;68905.0;74.0;1.1597812166750472;0.0;0.0;0.4293625083932779;0.0;7.0;-0.31157842696879184;0.6134635783379208;1.0;0.894205369657445;1.0;-0.45984771764635685;0.0;1.0;0.79;63858;-1.1930758925458764;1.0;20.0;-0.5138831812339866;53882;-0.7307363846328065;0.0;13.9;Dropout
8.0;0.0;0.0;0.14284194253197507;0.0;4.0;1.0;1.0;0.3538330241259001;145.0;0.0;-1.1344589282460094;22837;1.0;0.3819630334848083;0.0;145.0;82978;9500.0;0.0;7.0;0.9859531662616283;7.0;1.0;6.0;1.0;10.0;1.0;13.861666666666666;-1.0829819732047492;0.5;15229.0;97.0;-0.8933182918426733;0.0;1.0;1.6957719306274401;0.0;16.0;0.6018363421336642;0.5851161764154439;;-1.79463751485493;1.0;-0.23216123467554106;0.0;1.0;1.79;56350;1.0600997442730051;1.0;18.0;1.1117366588484558;63845;0.08255403862031813;;12.4;Dropout
6.0;0.0;1.0;1.0257961481459206;0.0;;;2.0;-1.9463315589664538;;1.0;-0.03875566404487908;42556;1.0;-1.3423543374662013;0.0;120.0;59430;;;6.0;-0.3068070135976479;8.0;;3.0;1.0;8.0;1.0;12.0;-0.6099903611811885;2.8;40923.0;52.0;-1.1308768821444017;0.0;0.0;-0.5308536074772426;0.0;9.0;0.26555728050977273;0.4581119082588428;0.0;-0.516857925706897;1.0;-1.4690299572380199;11.0;1.0;-4.06;22491;-1.7313739606179412;;21.0;-0.7828556382801258;27218;0.06655699043621993;0.0;15.5;Dropout
5.0;0.0;3.0;0.8433587179397891;0.0;4.0;38.0;1.0;0.6326125565018283;130.0;;-0.07372687895466667;44136;1.0;0.014701825279437203;0.0;;28427;9147.0;;5.0;0.44275939628455846;;37.0;3.0;;7.0;2.0;10.666666666666666;-2.183235481953956;;71701.0;79.0;-1.1034074533161857;1.0;0.0;;0.0;15.0;-0.6413014942783173;-0.43319917969450067;2.0;1.0208286424105755;39.0;1.4489632861644581;10.666666666666666;1.0;-3.12;16162;0.7864879091783632;1.0;39.0;0.4527706135637918;17371;-0.8201816393588409;0.0;9.4;Dropout
8.0;0.0;5.0;-1.4045178925715587;0.0;5.0;1.0;1.0;-1.56843644821996;126.0;1.0;-0.19577421210743123;26762;1.0;0.5724155825631939;2.0;133.1;48597;9500.0;0.0;7.0;0.28843694914343077;10.0;1.0;;1.0;5.0;4.0;11.9;1.0229126820255576;-0.3;55793.0;96.0;2.484577932085967;1.0;0.0;-1.3788087327802274;1.0;;1.258098998719208;-0.41296639541527236;0.0;1.6373276245206254;42.0;0.3128831075966104;11.0;1.0;0.79;24899;0.39835736960423607;19.0;29.0;-1.2922398034417952;99818;0.5679744588243308;0.0;13.9;Dropout
;0.0;0.0;-1.0840136458084366;0.0;8.0;19.0;1.0;1.35400906860226;100.0;0.0;-0.8424110321967792;96329;0.0;0.9075955693089953;;120.0;71820;8014.0;0.0;;0.8755866731176111;11.0;37.0;1.0;1.0;7.0;1.0;10.0;0.35033822407253107;-0.8;79849.0;6.0;0.4405476863443143;1.0;6.0;0.10309603250980404;;;0.7111877956738906;-0.5838821702990105;0.0;0.7154963186399974;39.0;-1.0488979062978467;0.0;;;12818;0.1468130867345109;1.0;24.0;0.480248194083588;14361;-0.7641565033062317;0.0;9.4;Dropout
6.0;0.0;6.0;-0.22951649867539514;0.0;4.0;19.0;2.0;0.2085559149049571;140.9;0.0;0.43265615257969103;36441;1.0;-0.7641677578842229;0.0;136.0;90689;;0.0;6.0;-0.8199104270178882;6.0;38.0;6.0;1.0;7.0;1.0;14.333333333333334;0.31019454405094826;-0.8;66378.0;78.0;-1.041616408272716;1.0;0.0;-1.4056873698179129;0.0;6.0;-0.4345499315116685;-0.6037170610190663;0.0;-0.39655808805843296;17.0;-1.016318290128753;13.5;1.0;-3.12;58123;-0.47299413021175146;1.0;19.0;-2.237700352184668;14232;2.2879743747346946;0.0;9.4;Graduate
6.0;0.0;6.0;0.355972823031185;0.0;3.0;;1.0;-0.4634214487492999;138.0;0.0;-0.3173371147671696;47698;1.0;0.017750972207175114;0.0;133.1;16357;9130.0;0.0;6.0;-3.070855988088598;11.0;1.0;6.0;1.0;9.0;1.0;13.333333333333334;0.3034550841895363;0.3;13340.0;81.0;-0.6834164324484056;1.0;0.0;-0.4637826248217946;0.0;10.0;1.1035937772380797;-0.8401244659524569;0.0;-0.9683394466011713;1.0;0.015282379148826237;;1.0;;87443;1.188616945055597;1.0;20.0;2.095296177930695;19136;-0.10947882333060471;0.0;16.2;Enrolled
5.0;0.0;0.0;1.364575655223326;1.0;90.0;;1.0;0.9901543391106727;120.0;1.0;1.1036648707547636;11502;1.0;0.18414697291157353;0.0;133.1;26891;9130.0;0.0;5.0;-0.23686301052294362;5.0;1.0;0.0;0.0;1.0;1.0;;-2.0601621540314854;3.7;87922.0;79.0;-0.0007249757923322261;1.0;5.0;-0.9086834411103524;0.0;5.0;-0.8314196500730329;-0.1044972857515644;1.0;0.5666544792980043;39.0;0.9319953933384871;0.0;1.0;;78223;0.11346812995905266;1.0;41.0;-0.14106752679785203;59467;-1.1712941449900325;0.0;;Dropout
5.0;0.0;0.0;0.06506752586240412;0.0;4.0;19.0;1.0;0.3534992884457847;120.0;1.0;-0.18037225252830674;71489;1.0;1.547126279542768;0.0;133.1;31177;9773.0;0.0;4.0;-0.2309662091167659;8.0;6.0;0.0;1.0;3.0;1.0;0.0;-0.9851659884079055;-0.8;61337.0;;0.5424037777063394;;0.0;1.0741235102341058;0.0;;-0.02893426288513256;-0.7578183539779042;0.0;-0.42602104144152503;42.0;-1.1509899087369713;;;-3.12;30185;-1.444208810863745;1.0;27.0;-2.7945007243990085;34145;-0.984341766213772;0.0;9.4;Dropout
5.0;0.0;4.0;1.70369629872484;0.0;4.0;37.0;5.0;1.3249276085050186;122.9;1.0;-0.9646474228665894;26158;1.0;-1.481330060750137;0.0;126.0;63225;9119.0;;5.0;-1.1575188638821257;10.0;;;1.0;4.0;2.0;13.2;-0.45172711044619557;2.6;;94.0;;1.0;2.0;-0.5083963873668058;0.0;7.0;-0.4292238345561155;0.4356436938460455;0.0;-0.38356115658808043;17.0;1.1134093418671713;;1.0;0.32;27651;-1.2113225716252298;1.0;21.0;-0.7177494755598762;29768;1.1475804646983012;0.0;;Enrolled
6.0;0.0;3.0;-0.7066755138859157;1.0;9.0;1.0;1.0;0.08047561338956731;142.7;0.0;-1.6877105518433855;35656;1.0;-0.9111025450710489;0.0;150.0;11479;9254.0;0.0;6.0;-1.508060709637813;9.0;1.0;4.0;;10.0;1.0;;-0.7487427711363346;2.6;29828.0;46.0;-0.92860644102785;0.0;0.0;0.39693032800561595;0.0;12.0;0.7513119890199909;0.05695408949354456;0.0;-0.2241569524846145;17.0;-0.09163355195690347;11.333333333333334;1.0;0.32;57312;-1.6447577725929852;;18.0;-0.8756622330858662;87432;-0.409151649718454;0.0;7.6;Dropout
;0.0;4.0;-0.5375786542794382;0.0;6.0;38.0;1.0;0.13881936640571377;140.0;0.0;-0.17210943144837143;92537;1.0;2.80446249273608;0.0;140.0;95710;9003.0;0.0;;-0.5747009551584255;18.0;38.0;3.0;;3.0;1.0;11.666666666666666;-0.2715115496462052;2.8;72409.0;35.0;0.31714654367826023;0.0;0.0;-1.604092001688563;0.0;14.0;-0.4796833555331328;0.1691225778872879;0.0;0.8817571203633842;44.0;-0.9302433850070968;11.5;1.0;-4.06;79975;1.2003341995299794;39.0;19.0;-0.6558181318663012;94388;-1.3637638078299683;0.0;15.5;Enrolled
7.0;0.0;3.0;-0.30568250452696094;0.0;9.0;19.0;2.0;-0.2852504325979089;107.0;;-1.2692045713626225;87881;1.0;-0.27309728395597477;0.0;133.1;73470;9853.0;0.0;7.0;-0.11487723791158005;;1.0;6.0;1.0;3.0;1.0;11.666666666666666;0.24619970267879507;0.3;12641.0;15.0;-0.6111878096242952;;0.0;0.13150695445284558;0.0;10.0;0.758483116961044;-0.27348912374257844;0.0;1.80644507709121;17.0;-0.4676904265729778;;1.0;-0.92;79910;1.424255057632078;1.0;20.0;-0.36464139579884286;88835;0.8537127471277668;0.0;16.2;Enrolled
5.0;0.0;4.0;-0.8172275256330216;;9.0;;1.0;0.2629671427671633;113.7;0.0;-1.349961854004778;20327;0.0;-1.8909938099032746;1.0;134.0;91473;9991.0;;5.0;0.09542788731785279;5.0;37.0;;1.0;9.0;2.0;10.2;1.006438316255191;-0.8;24075.0;57.0;1.0469150207141664;0.0;0.0;-1.2031603058607487;0.0;9.0;0.5944601425890348;0.06889829363373781;0.0;1.0268793331768156;43.0;1.7485538771297098;11.25;;-3.12;56963;1.0862765134458998;1.0;32.0;-0.6626171533255922;39246;-0.41557388777808274;0.0;9.4;Enrolled
6.0;0.0;0.0;1.159404481948041;;9.0;19.0;1.0;1.6979508797892537;120.7;0.0;0.527457309146987;66240;1.0;-0.582550143348166;0.0;127.0;11885;9773.0;0.0;6.0;-2.2853055362966956;6.0;;5.0;1.0;;1.0;13.2;-1.4802040270407004;2.8;89456.0;66.0;0.056296602284767794;1.0;;-0.4256484999298592;0.0;7.0;-0.37524914741317256;-0.24732247820085748;0.0;0.009551426053599474;1.0;-1.3882133365453373;0.0;1.0;-4.06;32788;-0.14313322604902137;1.0;20.0;-0.8164120770682125;17677;0.6534195111193511;0.0;15.5;Dropout
6.0;0.0;0.0;-2.769830911675961;0.0;0.0;34.0;1.0;-0.5027641700610439;102.5;0.0;-1.7776700611633918;77260;1.0;-2.768873221464362;;140.0;34710;9773.0;0.0;6.0;-1.7535399818052029;8.0;;4.0;1.0;0.0;1.0;;-0.008835386798477098;2.6;90001.0;86.0;-0.7593340978220104;0.0;0.0;2.211202574256224;0.0;12.0;1.8297175914563026;0.7795430797679663;0.0;-0.8991941087758154;39.0;-0.7318929559461467;0.0;1.0;0.32;53483;-1.4263787222934246;1.0;26.0;-1.1586829519988435;96222;0.935566025656127;0.0;;Dropout
8.0;;0.0;-0.5035689313836249;0.0;;1.0;4.0;0.6479551493306358;126.7;0.0;1.4121933783329124;95539;1.0;0.24092071245615312;0.0;137.0;50425;;0.0;7.0;1.1295555205972423;0.0;19.0;0.0;1.0;7.0;1.0;;0.7115436789237772;2.8;95880.0;;;1.0;0.0;0.9321743772408836;;0.0;-0.7452346497234653;-0.44238927928209215;;0.6676106136324863;;0.9525835846349205;;;-4.06;76369;-1.0540113125272748;1.0;18.0;0.8217894239330871;59115;0.2744635388085446;0.0;15.5;Dropout
5.0;0.0;5.0;1.1482072801984968;0.0;;37.0;1.0;-0.880443583007951;137.0;0.0;0.15971638439554017;31678;1.0;0.8097847602782187;0.0;131.0;79358;9085.0;;5.0;-0.18960814352919822;5.0;37.0;5.0;1.0;90.0;1.0;14.0;-0.9240831699718196;2.6;28406.0;31.0;0.3832449697850237;0.0;0.0;-0.1284125828313069;0.0;6.0;-1.4090140860567608;0.37552446873604833;0.0;1.6654428485460302;1.0;0.2164570434536348;15.4;1.0;0.32;89169;-0.9888732017440667;1.0;18.0;1.2011356152362465;97551;2.395907395685333;0.0;7.6;Graduate
5.0;0.0;2.0;-0.31231848106919646;0.0;2.0;3.0;5.0;-2.066732117678449;150.2;0.0;-0.04384263102496118;39335;1.0;-0.9116623761687532;0.0;160.0;68397;9130.0;0.0;5.0;-0.002433635073523612;;;;1.0;9.0;1.0;;-0.19283277376787883;;90282.0;87.0;-0.47486569950251006;1.0;;3.1989419097831964;;7.0;0.8560991366686891;-1.3063709437498046;0.0;1.0035383197894865;1.0;-0.7912408182580523;12.5;1.0;-1.7;16776;-0.04569301394219609;1.0;19.0;-0.25457382323628786;25060;-1.7247424929332238;0.0;12.7;Dropout
8.0;;;1.0728864703125014;0.0;4.0;1.0;1.0;0.20745874037010945;120.5;0.0;-1.034765940550586;31320;1.0;-0.47072392225150683;0.0;121.0;47614;;0.0;8.0;-1.3332566296654016;;1.0;7.0;1.0;3.0;1.0;12.91;0.4665521154873495;1.4;14786.0;23.0;0.7300920542218385;1.0;0.0;;0.0;8.0;-2.1494079407874596;0.7120748319385211;0.0;0.20773105255013607;17.0;0.9647932363648231;12.91;;1.74;79679;1.387442731629602;1.0;21.0;-0.017636650032275488;94866;-0.8179500752718084;0.0;10.8;Graduate
5.0;0.0;2.0;2.1976841449961455;;9.0;37.0;1.0;0.370405423469423;127.7;0.0;0.764372296342938;58422;1.0;0.9236541553689125;0.0;140.0;37449;9147.0;0.0;5.0;-0.0044036676660210395;8.0;37.0;3.0;1.0;9.0;2.0;11.0;0.011208859479515595;2.6;46056.0;30.0;0.6291171103139702;1.0;0.0;;0.0;9.0;1.4918168263306393;-0.5592608900002738;0.0;-0.48901358558357566;39.0;1.0122957331691809;11.5;1.0;0.32;77374;1.383517976572821;1.0;31.0;-1.1263308601925779;37869;-0.2559500046039573;0.0;7.6;Dropout
6.0;0.0;;0.08038464703575723;0.0;4.0;1.0;2.0;-0.11005126944248407;135.0;0.0;-0.0029049335973952714;64286;1.0;-1.7502154648460704;0.0;143.0;39759;9254.0;0.0;6.0;-0.37567098099223445;0.0;19.0;0.0;;6.0;1.0;0.0;0.6741977605660634;0.6;49353.0;98.0;1.2018221984095074;0.0;0.0;-1.5326744568471145;0.0;0.0;0.1017538765263665;-0.912271397808984;0.0;0.3451722938679508;17.0;0.3313906685180812;0.0;1.0;2.02;29201;-0.48833616791253404;;20.0;0.07102069833642496;81344;2.2611735286081216;0.0;11.1;Dropout
6.0;0.0;5.0;1.1689342689947424;0.0;9.0;19.0;;-1.4959849707722361;140.8;1.0;-0.686096642740802;27193;1.0;-1.3215712121995455;0.0;160.0;43054;;0.0;6.0;-0.6185321511129627;8.0;38.0;6.0;;;1.0;12.666666666666666;0.09469814704959638;2.6;81322.0;32.0;0.710138532156177;1.0;;-0.2439227576479475;0.0;10.0;-1.426985074805238;-1.1387996335557053;0.0;1.154576598907667;1.0;-0.6123965875835142;12.2;1.0;;15759;-2.2365584478859493;1.0;23.0;0.22996376215381956;19909;1.7980024701022121;0.0;7.6;Enrolled
6.0;0.0;0.0;2.4191375236912687;0.0;2.0;;5.0;0.3043010746416213;122.8;1.0;0.19982469665158892;12041;;-0.22811518171563971;0.0;127.0;72058;9670.0;0.0;;-1.4618341703354631;6.0;4.0;3.0;1.0;2.0;1.0;12.333333333333334;-0.3118625396642448;1.4;71616.0;17.0;-0.21394688040223295;0.0;0.0;-1.3477897501805605;;9.0;-0.9484645024773715;-1.2179214465962858;0.0;0.2323089057207486;17.0;-0.45830461983435805;;;1.74;37800;-1.16699058757636;;20.0;-0.21939860971382405;76708;1.2886908673939161;0.0;10.8;Dropout
6.0;0.0;5.0;0.4020907072104692;0.0;4.0;2.0;1.0;0.26631363413944587;127.8;1.0;-1.6827854554393802;22229;1.0;-0.7523348374668184;0.0;132.0;88133;9130.0;0.0;6.0;-0.8684871313317467;9.0;1.0;6.0;;1.0;1.0;12.0;-1.1727097548638747;0.6;42317.0;29.0;-1.6905298427304682;0.0;0.0;0.2572759150908748;;10.0;-1.6340886755150135;-0.4814713321251872;0.0;-0.10343277594819718;17.0;0.28467606529839856;12.166666666666666;1.0;2.02;34942;1.1886009005703337;1.0;18.0;0.3960749777694483;52607;-0.7941239407459102;0.0;11.1;Dropout
5.0;0.0;0.0;-0.04806318738830325;0.0;0.0;34.0;;-0.8887806310925734;108.0;0.0;-1.6353271315491387;28782;1.0;-0.2938668974735878;0.0;;52881;9670.0;0.0;5.0;1.972017468022275;6.0;34.0;1.0;1.0;0.0;1.0;;0.2471685564136635;2.6;23442.0;79.0;0.18664659484670534;;0.0;0.05597025357875674;0.0;;0.38288295270354256;1.498627694740107;0.0;-0.6872446400353684;39.0;-1.3119290612133796;0.0;1.0;;20198;0.23162871272810104;1.0;25.0;0.3087087820510249;95748;-0.6775147397704298;0.0;7.6;Dropout
5.0;0.0;;0.9024653174250619;0.0;9.0;19.0;1.0;-1.35349157147302;130.9;1.0;-1.1201860853010783;62681;0.0;-1.2637503194065218;;148.0;91126;9991.0;0.0;5.0;-0.3494705830363547;5.0;37.0;0.0;0.0;5.0;2.0;0.0;0.09997277749237025;0.5;42872.0;94.0;0.3418042250996756;0.0;0.0;-0.3076647991835818;0.0;6.0;-1.326914170992258;-0.6433228568458644;0.0;2.58942660660388;39.0;1.3277848811331123;0.0;1.0;1.79;33103;-0.3556462122823209;1.0;28.0;-1.0541393890905797;23297;-0.8285600351404542;;12.4;Dropout
6.0;0.0;1.0;1.184216753372284;0.0;7.0;;1.0;-0.2523879277059673;132.1;0.0;0.3495272676097139;28033;1.0;0.2143134859215077;0.0;;36996;9238.0;0.0;6.0;0.7896196190639758;10.0;37.0;2.0;1.0;5.0;1.0;10.5;-0.9928320278055999;-0.8;36942.0;86.0;0.051196941854722254;1.0;;1.0920570251263066;0.0;11.0;0.5020890306959483;-2.2091711824013527;0.0;-0.8909313823742216;17.0;1.7002090886758383;13.0;1.0;-3.12;27603;-0.42536560834954285;1.0;19.0;1.193047513728957;30130;-0.7834268880407628;0.0;9.4;Dropout
6.0;1.0;0.0;-0.03881529387363945;1.0;4.0;19.0;1.0;0.6529292467777684;104.1;0.0;-0.003258321806131569;82306;1.0;-0.1492330851799887;0.0;109.0;87282;9085.0;0.0;6.0;-0.19639779878733077;16.0;19.0;2.0;;9.0;;13.0;0.5820558248452637;2.8;;12.0;-3.0108744022552627;1.0;0.0;-0.5670989730027903;0.0;8.0;-0.30482415145357433;0.3654662865553487;0.0;-0.9833573722607913;17.0;-0.23595484984027074;0.0;1.0;;90226;-0.7508509731166786;1.0;21.0;-0.20764625982957532;67258;1.4927046072759744;0.0;15.5;Dropout
6.0;0.0;6.0;-0.48384365856075945;0.0;9.0;3.0;5.0;0.4166547317919907;121.3;0.0;1.0489792655557526;67799;1.0;0.5491904942330328;0.0;123.0;10081;;0.0;6.0;-0.31211602714839903;6.0;1.0;6.0;;3.0;1.0;11.166666666666666;1.26792350634002;0.5;17205.0;;0.6788299583540499;1.0;0.0;0.32685174780732407;;9.0;-0.47536414021209417;-1.1142565425626332;0.0;0.16409743180842784;1.0;0.3561044924308068;11.5;1.0;1.79;17728;-1.2037733498998382;1.0;20.0;1.6755716019169853;82890;-0.24376712339584375;0.0;12.4;Enrolled
5.0;0.0;3.0;1.7173953182963313;0.0;141.0;1.0;3.0;-0.8808369978340781;121.7;1.0;-0.9199898521685768;27981;1.0;0.20039950048029245;0.0;135.0;77493;;0.0;5.0;-0.6360026343977543;7.0;19.0;;;193.0;1.0;11.8;-0.6600930679640102;1.4;47010.0;39.0;-0.9120502580288725;1.0;;0.8205549402713387;0.0;9.0;0.5093459668615934;0.8148075788976629;0.0;-0.20192764367482416;17.0;1.1858020428493259;12.0;1.0;3.51;58102;2.0720634139637366;1.0;18.0;0.420420589419226;89945;-0.11149816464394238;0.0;8.9;Enrolled
5.0;0.0;3.0;-0.27061445772212034;0.0;90.0;34.0;1.0;0.13692508502200743;131.0;1.0;0.5746678404813418;99145;;0.2066900724960235;0.0;;95457;9147.0;0.0;5.0;1.345631994269975;11.0;34.0;3.0;1.0;90.0;1.0;13.666666666666666;-0.727632144277959;-0.8;65637.0;;0.685722811544252;0.0;0.0;-1.4832212088961831;;10.0;0.6235113296280919;-0.4210767588270655;0.0;1.023295960449515;18.0;1.9555608385676886;11.333333333333334;1.0;;39379;1.718483243097777;;22.0;1.9709331303718327;20213;0.7743867869234314;0.0;9.4;Dropout
5.0;0.0;0.0;1.193728770482258;0.0;9.0;1.0;1.0;0.887126405475567;154.5;0.0;-0.11387055239528114;73261;;-1.4463073545301137;0.0;140.0;34977;9991.0;0.0;;0.37307189623110804;;37.0;0.0;1.0;;1.0;0.0;-0.7641485569213184;0.3;68173.0;43.0;1.7006847251592145;;;-0.7484143416743837;;;1.1458028720454552;-0.2740080175939509;0.0;1.057112112211438;39.0;1.5569813354906985;0.0;1.0;-0.92;85875;-0.8218662759746158;1.0;26.0;1.1752691693064463;10625;-1.6635279740339746;0.0;16.2;Dropout
6.0;0.0;0.0;0.2628672732028384;0.0;0.0;37.0;1.0;-1.1726657092668147;128.2;0.0;-0.9430451947409286;88300;0.0;0.49259155164487217;0.0;113.0;71351;8014.0;0.0;6.0;-0.7896091052196401;6.0;37.0;0.0;0.0;6.0;1.0;0.0;-1.6786615521872594;-0.8;73740.0;64.0;-0.2527975809572515;0.0;0.0;0.05386096731583391;0.0;12.0;-0.6337783362306186;1.197310853855259;6.0;-1.2142962697100588;43.0;-1.7355375133587927;0.0;1.0;-3.12;52702;-1.7538716759368522;1.0;41.0;0.2271896281408618;42568;0.05264582126913909;0.0;9.4;Dropout
8.0;0.0;0.0;1.8269651576585;0.0;1.0;5.0;1.0;0.06315536804319397;183.5;0.0;0.38530767071291894;70439;1.0;-0.3308664018044421;0.0;180.0;16720;9556.0;1.0;7.0;-0.39411001642771426;8.0;3.0;4.0;1.0;1.0;1.0;;2.0044816868750948;0.3;35762.0;79.0;0.4384840324821151;1.0;0.0;0.6301534194283186;0.0;;-0.02980946266093038;0.617729510768392;0.0;-0.7555640600102442;1.0;-0.31555368832751896;;103.0;-0.92;62404;0.16901834495488696;1.0;18.0;-0.7231068666196236;18777;-1.0968717286729208;0.0;16.2;Dropout
6.0;;;-0.8490459226554354;0.0;9.0;38.0;1.0;1.339640980170873;137.8;0.0;-0.06601185824523254;69423;1.0;-0.1665983076496178;0.0;157.0;86618;9238.0;0.0;6.0;1.0759070112790377;6.0;37.0;;1.0;5.0;1.0;13.833333333333334;-0.44888538051576915;;;86.0;;0.0;0.0;1.4212377659215332;0.0;7.0;-0.6353271325314106;-1.2463770503396547;0.0;-0.8754117793489951;;0.500688251483219;0.0;1.0;;45637;-0.14746812595435196;1.0;18.0;-0.7015674747694953;46164;-0.29441492055831847;;15.5;Dropout
6.0;0.0;1.0;-0.8509804020326048;0.0;3.0;5.0;;-1.2749321552938981;140.0;1.0;-0.6291191941453987;53428;1.0;1.0482643763908097;3.0;140.0;53982;9119.0;0.0;;-2.8385384124566087;12.0;41.0;3.0;1.0;2.0;1.0;14.0;-0.8584541774142377;0.5;18863.0;80.0;0.5255835798534022;0.0;0.0;-0.21587979872792037;1.0;12.0;0.16298747554679444;-1.099258588456099;0.0;0.7845273453834963;44.0;-0.4942172969019316;14.0;1.0;1.79;82620;0.62814231103336;39.0;23.0;0.5330342849825213;52907;-0.5864206939592126;0.0;;Enrolled
5.0;0.0;0.0;0.8544864018300032;0.0;9.0;37.0;1.0;1.155526291049509;100.0;1.0;0.04199908714409162;69045;1.0;-0.7194355565168952;;133.1;48225;9119.0;0.0;5.0;0.310502220215464;0.0;37.0;0.0;1.0;9.0;2.0;0.0;-1.1267750469893425;0.3;49998.0;37.0;;0.0;0.0;-0.3164710426498841;0.0;;-0.7782896852701315;-1.7835299402656404;0.0;0.4283396798250418;39.0;1.7827667450403646;0.0;1.0;-0.92;70108;0.8546068960015675;19.0;36.0;0.14312608379091765;99578;-0.637980746031257;0.0;16.2;Dropout
6.0;1.0;6.0;-1.1303393065773035;;9.0;19.0;2.0;1.619187452322385;127.2;0.0;-0.129530385937392;79021;1.0;1.3511843284590006;1.0;137.0;93194;9070.0;;6.0;0.5376014754894227;9.0;38.0;5.0;;9.0;1.0;13.4;-0.3879674663939809;-0.3;98383.0;61.0;-0.5169803111681415;1.0;0.0;-0.8725960302136638;0.0;;-0.4240967305005177;2.6032209625213896;1.0;-0.37149219550487383;1.0;1.6293751728026327;12.375;1.0;;59620;-1.170025631498784;1.0;20.0;-0.5890262359910857;13005;0.2255818067063648;0.0;13.9;Graduate
6.0;0.0;2.0;0.11662846248958911;0.0;2.0;3.0;2.0;-0.2222055251708865;124.3;1.0;-0.1536880685175025;98767;1.0;1.4444752993730932;0.0;140.0;93299;9254.0;0.0;6.0;-0.7497464255742916;9.0;3.0;;;2.0;1.0;11.2;-0.6952093666633166;-0.8;86292.0;29.0;-0.9049422178170959;;0.0;0.3299840921770333;0.0;14.0;-0.41900050977106246;-0.8627072851042499;0.0;0.2163994324924687;17.0;-0.8159301412587299;10.0;1.0;-3.12;45677;1.2802179861001273;1.0;18.0;0.8330599476100415;38887;0.2212134023925114;0.0;9.4;Dropout
7.0;0.0;5.0;1.548409232959876;0.0;191.0;37.0;1.0;-0.34300861901628066;163.7;0.0;-0.41259314991079943;63450;1.0;0.752784437364372;0.0;130.0;30103;9500.0;;7.0;0.15459430706745944;11.0;37.0;;1.0;183.0;2.0;13.34;1.438073186760554;0.5;66031.0;23.0;1.5904657201577244;0.0;0.0;-0.2971175736980916;0.0;9.0;0.293360944027211;1.169812984727281;0.0;-1.126261289745028;39.0;-0.16240001990572364;10.84;1.0;1.79;50491;-0.3531620683824602;1.0;35.0;0.03877133035603234;40469;-0.21982058923398506;;;Enrolled
6.0;0.0;0.0;-1.7848321389336013;0.0;;34.0;6.0;1.0330944190195595;129.3;1.0;-1.3049485388936377;77834;1.0;-0.9806208107674219;0.0;131.0;96369;9773.0;0.0;6.0;0.5023098649645258;0.0;34.0;;;0.0;1.0;;-1.2487378160638052;2.6;47726.0;81.0;0.438552984723112;0.0;0.0;-0.27403226282571846;0.0;0.0;0.002954967234578276;-0.5322745656338058;0.0;-0.7425527800739156;17.0;-0.749554136189637;0.0;1.0;0.32;32747;0.6079098601199859;1.0;18.0;0.8390098153007263;59925;0.37068434299115627;;7.6;Dropout
15.0;0.0;10.0;0.4021392786085712;0.0;7.0;;1.0;-0.1861303750295191;105.2;1.0;0.07476541589487229;95184;1.0;-2.1862932456269317;11.0;108.0;28859;9070.0;0.0;17.0;-1.231146494559163;18.0;38.0;13.0;1.0;;1.0;11.538461538461538;-1.5385342312883374;3.7;;83.0;0.8305149186102933;;;-0.09388850588850835;10.0;15.0;0.5063016057687203;-1.0798555472417941;0.0;-1.3000204652691967;43.0;-0.19512844410616964;12.4;1.0;-1.7;69217;-0.2614655360124208;1.0;25.0;-0.9754700667015576;38834;-0.8686145408535492;0.0;12.7;Dropout
10.0;0.0;8.0;1.211745389324271;1.0;9.0;38.0;1.0;-2.353126700695092;130.0;1.0;-0.8027143737214145;64937;1.0;1.078834914259941;7.0;130.0;83095;9003.0;0.0;12.0;0.8419352030912789;16.0;38.0;11.0;1.0;9.0;1.0;12.545454545454543;0.5517840822874117;1.4;49758.0;;0.39906290282233386;1.0;0.0;0.5516280620903391;5.0;12.0;-0.10699658214591841;0.02156077607666119;;0.1454896468335524;53.0;-0.2254323493333833;11.625;1.0;;36557;0.9224901710446697;42.0;20.0;0.9994716680081683;67013;0.6815858690394274;;8.9;Enrolled
5.0;1.0;0.0;-0.025907665053483124;0.0;9.0;37.0;1.0;-0.09879459468957948;140.0;0.0;-1.0203288676440678;78732;0.0;0.11138506133107968;0.0;;80167;8014.0;0.0;6.0;0.2973401200414749;6.0;37.0;0.0;1.0;7.0;4.0;0.0;-0.10720649630930866;1.4;78703.0;7.0;0.9757681140494742;0.0;0.0;-0.563730553179261;0.0;5.0;-0.5797526668094674;-0.32666418864343505;0.0;0.14169434259591693;39.0;0.9542579147468584;0.0;1.0;3.51;35780;-2.3622947224310478;1.0;43.0;0.5009955693472801;86420;-0.20619902215760583;;8.9;Dropout
6.0;0.0;5.0;-0.9270928303658144;0.0;2.0;4.0;1.0;0.47040396819456276;;0.0;-0.24069984410260706;26998;1.0;-0.7451974708214624;0.0;130.0;55347;;0.0;6.0;-0.15297367391610808;8.0;1.0;6.0;0.0;;1.0;15.428571428571429;-0.22294483627911554;0.6;61958.0;16.0;-0.8959672822607817;0.0;0.0;-0.7721580889089049;0.0;7.0;0.19128289725747308;0.8018746827636657;0.0;-0.9843674997339046;39.0;-0.8884646637338346;14.5;;2.02;51985;0.7383334433317807;;26.0;1.1975696644619034;71004;-0.4836635621378971;0.0;11.1;Enrolled
6.0;0.0;4.0;-0.26260800809400964;1.0;9.0;37.0;1.0;0.740083853582468;140.0;1.0;0.7340265441721783;89792;;1.1735623437556026;0.0;110.0;63278;9773.0;0.0;6.0;0.10492838852220761;16.0;;2.0;0.0;10.0;2.0;10.0;0.559636246304464;1.4;11924.0;3.0;0.08318144446963839;;0.0;0.4317241861341032;;12.0;-0.9171839433908378;0.8143839145812499;0.0;0.4212091157900746;39.0;-2.6167496049557637;12.25;1.0;1.74;92685;-0.8319195011895616;1.0;;0.9774305007163383;69448;-0.7947588117029813;0.0;10.8;Dropout
6.0;0.0;4.0;-0.8385197864740572;0.0;5.0;1.0;1.0;-0.8806291647519228;140.4;0.0;0.18561350769098114;98106;1.0;-0.8615588808778094;2.0;120.0;45471;9670.0;0.0;6.0;0.7071924028813356;13.0;19.0;5.0;1.0;4.0;1.0;11.4;0.13671163729453326;-0.3;73345.0;;0.5054861146253387;0.0;;-3.025724901882585;;14.0;0.5691578157793534;-0.5901410189342783;0.0;1.0571152989513986;39.0;-1.60454308223482;11.75;1.0;;49553;0.07346429936477916;1.0;31.0;-0.08495340070791313;20813;-0.24139746046668173;;13.9;Dropout
6.0;0.0;0.0;0.06915822501644173;1.0;;19.0;1.0;-0.26980111947260843;101.0;0.0;-0.531142208357589;42522;1.0;-0.4241552582309427;0.0;133.1;46386;9254.0;0.0;6.0;2.316116461730498;6.0;;0.0;1.0;1.0;1.0;0.0;-0.046817586860285504;2.8;90402.0;21.0;1.2926695957872654;0.0;0.0;-0.6036781736616855;0.0;6.0;-0.28546518796484144;-1.4399544176719679;0.0;-1.0304834374574448;39.0;-1.02830161270673;0.0;;-4.06;91731;1.2447029587797351;1.0;;-0.1653745406433153;89836;1.8706392568459225;0.0;15.5;Dropout
;0.0;0.0;-0.2767055603522557;0.0;90.0;1.0;6.0;0.9769072641522994;129.6;0.0;-0.5713460578678574;89869;1.0;0.5248903643169941;0.0;133.1;56354;9773.0;0.0;;0.6099464026719514;0.0;1.0;0.0;1.0;90.0;1.0;0.0;-1.4056461019236404;2.6;79931.0;46.0;2.6730760995005705;0.0;0.0;-1.151309499407364;0.0;0.0;0.20451940969953508;-1.1971640501514447;0.0;-0.3263207329973682;1.0;-0.6556915889970717;0.0;1.0;0.32;57408;-0.8031499758497503;1.0;22.0;1.783030992590942;60320;-0.06331377010258965;0.0;7.6;Dropout
5.0;0.0;3.0;-0.5132605224634809;0.0;5.0;19.0;6.0;-0.059998621413337457;106.5;1.0;0.635813262188768;82989;1.0;-1.1136028316148774;0.0;;87639;9119.0;0.0;5.0;0.8105824888116355;10.0;3.0;3.0;1.0;10.0;1.0;10.5;-1.6680951496718293;0.5;;64.0;0.40751862204241723;1.0;0.0;1.2032582230167888;0.0;11.0;0.22002400494526173;-2.2824579632976505;0.0;0.5136211758744642;17.0;0.1871744006152133;10.8;;1.79;16545;-0.960012638564564;;19.0;-0.29056846938195874;24844;-1.144403536143439;0.0;12.4;Dropout
5.0;0.0;1.0;0.46614739496169083;0.0;9.0;38.0;1.0;-1.5287379939609136;118.5;1.0;-2.39673576944724;30967;1.0;-0.10948090960706738;0.0;115.0;53461;9147.0;;5.0;0.1935268306632058;9.0;1.0;1.0;1.0;8.0;1.0;;-0.7004283812905476;2.6;13673.0;66.0;;0.0;;-0.4409327625428967;0.0;10.0;1.6015454843855395;-0.27445964158701486;0.0;-0.006368483387044048;1.0;-1.0797939055288595;10.0;1.0;;62559;-0.3719785089728828;1.0;21.0;0.748433698837844;67124;0.9188190667850462;0.0;7.6;Dropout
6.0;0.0;;1.5791156221213862;1.0;9.0;2.0;4.0;1.2376380096203758;115.8;0.0;0.7973649891994805;99281;1.0;1.0891371839133615;0.0;127.0;62426;9773.0;0.0;6.0;1.9016512958324725;6.0;37.0;0.0;0.0;9.0;1.0;0.0;-1.0843649408989298;1.4;12088.0;;-1.195643086701135;1.0;0.0;-0.5607161152672309;;;0.38158370156277943;-0.011800348490700519;0.0;-1.372037579743053;17.0;-1.2111005902599319;0.0;1.0;3.51;92509;-0.43507041893084797;1.0;19.0;-0.3813869921897419;53817;-0.47192843579175414;0.0;;Dropout
8.0;0.0;8.0;0.3278208788445032;0.0;4.0;1.0;1.0;-0.2141110223772452;140.2;0.0;-1.874015774930339;62618;1.0;0.21111074362112997;1.0;149.0;73672;9556.0;0.0;7.0;-1.4659934833742077;9.0;1.0;7.0;1.0;8.0;1.0;;0.269205798523187;3.7;86603.0;85.0;-0.9048147336193682;1.0;0.0;-0.04862248525327392;0.0;8.0;0.07321895306977201;-1.1428279183441141;0.0;-0.4407886913295328;43.0;-0.92944741765211;;1.0;-1.7;89396;-1.0501626201410925;1.0;20.0;-1.8618830801376491;91300;0.28375900435247053;1.0;12.7;Enrolled
5.0;1.0;5.0;1.3436655704437623;1.0;4.0;1.0;4.0;1.0912187771813802;166.6;0.0;-1.4154079083229805;24711;1.0;1.2474263368236806;2.0;170.0;92823;9085.0;0.0;5.0;-1.7374018064681662;8.0;1.0;5.0;0.0;;1.0;14.4;-1.7987149107097629;3.7;52744.0;24.0;-0.7741194443393375;0.0;0.0;-0.5953724284649136;0.0;6.0;-0.6923708198604551;-1.2636511076484989;1.0;-0.4739794006167828;18.0;-1.1156540011597813;14.0;1.0;;26367;0.10627181692963122;1.0;20.0;-1.2273390978059533;68290;-0.6056605504265781;0.0;12.7;Dropout
5.0;0.0;0.0;1.5788248977804529;0.0;0.0;34.0;;-1.3954566958665493;100.0;0.0;-0.5142658312632256;19728;0.0;1.133602358005998;;133.1;87442;8014.0;0.0;5.0;0.15303272965259063;9.0;34.0;0.0;0.0;0.0;1.0;0.0;-0.4471600929352337;-0.8;50618.0;98.0;-2.901082432318823;1.0;5.0;-0.4026481581535347;0.0;5.0;0.8023851549305044;-0.016083878395564875;;-0.1704176306859405;39.0;-0.5544937442956455;0.0;1.0;-3.12;34119;0.15817051475997523;15.0;37.0;0.40592088486198363;96155;1.2807733161431698;0.0;9.4;Dropout
7.0;0.0;7.0;-0.5866403023181874;0.0;9.0;38.0;1.0;-0.12098674758908495;100.0;0.0;2.170124142930845;56005;1.0;0.0077383344216193865;0.0;130.0;43133;9500.0;0.0;7.0;0.6601421848569691;;38.0;6.0;1.0;5.0;1.0;11.616666666666667;-0.17307485833177585;-0.3;67683.0;82.0;;0.0;0.0;0.09711041042316314;0.0;7.0;-0.2702055204125217;-0.6319546485263915;0.0;-0.12783454590569707;43.0;-0.5972873958950655;13.0;1.0;0.79;71313;0.46298847238455476;1.0;20.0;0.7011316996051042;97731;-0.590759756645964;;13.9;Enrolled
0.0;0.0;0.0;0.2748585039911937;;9.0;1.0;;0.5097360236772348;124.2;0.0;1.6774193600142666;56856;1.0;-2.3367413763573883;0.0;;87718;171.0;0.0;0.0;-2.574615601511946;0.0;1.0;0.0;0.0;5.0;1.0;;-0.0396552795316196;;91527.0;7.0;0.7167407013381414;1.0;0.0;;0.0;0.0;-1.52548014592645;-0.2129289553147211;0.0;1.5660066938395303;1.0;0.6890568169738107;0.0;1.0;-3.12;49328;-0.8195706078438288;1.0;19.0;0.40921340922016064;31152;1.3978579785775362;0.0;9.4;Dropout
6.0;1.0;4.0;-0.4249476441486228;1.0;3.0;1.0;1.0;-0.08714486150098782;;0.0;0.7064877557971356;87609;1.0;-1.1057722952153066;0.0;;49966;9670.0;0.0;6.0;-0.0034356278524263926;;;5.0;0.0;9.0;;12.0;0.3989642627095406;0.5;;15.0;0.07539973918813064;0.0;0.0;-0.429217452272037;;9.0;-0.1950882222613307;-0.36722484897914415;0.0;-0.2085044166809299;1.0;-0.9895293850696225;12.5;1.0;1.79;84078;-0.9440023714105571;1.0;19.0;1.1459495013935026;36281;-1.0492605845287863;0.0;12.4;Dropout
5.0;0.0;0.0;-1.482163841176097;0.0;90.0;19.0;5.0;-1.1830062023209929;107.0;0.0;0.35654237829544994;55940;;0.7633341123844894;0.0;100.0;18454;8014.0;0.0;5.0;-0.18048975863830488;12.0;19.0;1.0;1.0;90.0;4.0;10.0;-0.3265401934909577;1.4;58270.0;70.0;-0.2586246003038902;0.0;0.0;-1.0101576737113087;;10.0;0.19148979436821387;0.24873024071635427;0.0;-1.7180823402675425;17.0;-0.35759662832977124;0.0;;1.74;56838;-0.11859673965984306;;38.0;0.39126015523412894;28946;-0.29290638571547967;0.0;10.8;Dropout
6.0;0.0;2.0;0.35576086871885465;0.0;9.0;37.0;1.0;-2.3868033068435146;142.8;0.0;-1.8622769680124747;45695;1.0;-1.550251420285287;0.0;147.0;16687;9853.0;0.0;6.0;0.7441581885099893;11.0;37.0;2.0;1.0;9.0;1.0;10.0;-0.6674920039604384;;60285.0;75.0;-1.6219526507387279;1.0;0.0;-1.1537837405205311;0.0;15.0;-0.8185056976526855;-0.5652790172306897;0.0;0.09113117672621725;17.0;-0.5450226799167689;11.0;1.0;0.32;31711;-0.24504550122291766;1.0;23.0;-0.7752347063340846;30757;1.3999957859067813;;;Dropout
13.0;0.0;;-1.0521496180484642;;9.0;1.0;1.0;1.52326512950336;118.0;0.0;0.15675816288069885;38501;1.0;-0.32669258858695;14.0;160.0;28483;9147.0;0.0;15.0;0.42873554132052766;15.0;37.0;15.0;1.0;10.0;1.0;11.8;1.2444801504497913;1.4;52824.0;8.0;1.0504099795852984;0.0;1.0;0.06063689759028058;12.0;13.0;-0.11818030510973446;-0.48874420296591464;0.0;1.747751084585307;51.0;0.8088849760375675;11.666666666666666;1.0;3.51;39860;-0.2258389747187376;1.0;53.0;0.5943021814737639;71536;0.1681742247813388;0.0;8.9;Enrolled
6.0;0.0;2.0;0.48430327559887737;1.0;7.0;38.0;3.0;0.24803820190132506;110.4;0.0;-0.5492215185599713;55740;1.0;0.3384806136890324;0.0;;43091;9773.0;0.0;6.0;-1.8082218548670042;7.0;19.0;6.0;0.0;7.0;1.0;12.166666666666666;-0.32003268854583433;0.3;69090.0;78.0;0.511813290920396;1.0;0.0;0.3066005097858225;0.0;10.0;-0.07148283664910232;-1.881798783827629;0.0;-0.16711580335032947;1.0;-0.15427927601770416;;1.0;;20138;-0.7072296227425925;1.0;19.0;0.16960796092996308;95422;2.2714659418056327;0.0;;Dropout
;0.0;0.0;-1.5558780831412198;0.0;4.0;;1.0;1.166801052791138;120.0;0.0;-0.8166693336227218;33940;1.0;1.4695706957615102;;120.0;46013;9147.0;0.0;5.0;-1.080057241555741;9.0;39.0;2.0;1.0;7.0;1.0;14.0;1.4191303675543003;0.5;27584.0;74.0;-0.012931644603454636;0.0;0.0;-1.4281566437839497;;5.0;-0.055907894275819284;-0.05033256405941083;;-0.438086974054609;;1.0506967233991944;;1.0;1.79;35747;0.33003993444133517;;;-0.5755580049495391;54053;-0.26914044923801717;;12.4;Dropout
0.0;0.0;0.0;0.17099299947760474;0.0;4.0;38.0;1.0;0.9286690993604492;128.0;1.0;0.15480308997465927;77285;1.0;-0.5750196964544141;0.0;;26174;171.0;0.0;0.0;-0.8067896720369911;0.0;37.0;0.0;0.0;;1.0;0.0;-0.3251272494443485;-0.8;43580.0;8.0;-2.202519212380457;0.0;0.0;0.7599414153808475;0.0;0.0;1.2346418697154549;0.08869182239763329;;-0.30512390288126845;17.0;-1.1523701760048088;0.0;1.0;-3.12;78055;-0.9424797036718312;1.0;20.0;0.4725193014668612;82759;0.25704285296067375;;9.4;Dropout
6.0;0.0;5.0;-1.5707330042729293;0.0;5.0;;;0.5968468261195791;118.3;0.0;-0.4711100094466988;22218;0.0;-0.6434877090831294;2.0;120.0;26035;8014.0;0.0;6.0;0.7389451359353879;6.0;19.0;6.0;1.0;4.0;1.0;12.166666666666666;-0.016269663269797518;3.7;52263.0;25.0;-0.4907725036179891;0.0;0.0;0.7640476398247473;0.0;7.0;-1.3115578611847116;-0.17769944957752398;0.0;0.5841449036482398;43.0;-0.04936660843481989;14.0;;-1.7;29989;-0.12217484961797923;1.0;20.0;0.07937016601744597;76920;1.9051492720488177;0.0;12.7;Enrolled
5.0;1.0;4.0;0.6738647663719264;0.0;9.0;19.0;;-0.3213373551470679;119.5;1.0;0.8692995459688505;84221;1.0;-0.05244576649550049;0.0;130.0;12954;;0.0;5.0;0.3746462320152086;7.0;19.0;4.0;1.0;7.0;1.0;11.25;-0.13874734750172824;0.5;56744.0;81.0;0.4337183850243437;1.0;0.0;0.9746891382786231;0.0;6.0;2.033802459185564;1.9118340405085088;0.0;-0.3093752810067598;1.0;-0.5758910170299324;12.25;1.0;1.79;49818;-0.30636842843656564;1.0;18.0;-0.6050005508873477;33473;-1.5139232167422683;;12.4;Enrolled
6.0;0.0;4.0;-0.39338007358947663;1.0;5.0;19.0;1.0;0.4897669256391285;119.1;1.0;-1.9359547676126674;29449;;0.3509129698101024;0.0;132.0;92042;9670.0;;6.0;-0.6207246820215938;;1.0;3.0;1.0;4.0;1.0;12.666666666666666;0.23121860863232505;1.4;54363.0;;-0.028567377300804928;0.0;0.0;0.29988908474059767;0.0;11.0;-0.03283532019120811;0.16277870235840294;0.0;-1.5156097251925758;17.0;-1.2260460978856038;11.142857142857142;1.0;1.74;26187;-0.033458182865172006;1.0;18.0;-0.17786577356298044;86361;-1.6377500331815378;0.0;10.8;Dropout
0.0;0.0;0.0;-0.489793107535516;1.0;5.0;19.0;1.0;1.4325369463707245;137.9;0.0;0.07501142234598206;27957;1.0;-0.15424682739609405;0.0;140.0;33018;171.0;0.0;0.0;0.14454723596829458;0.0;37.0;0.0;0.0;6.0;1.0;0.0;-0.419848194895952;1.4;47661.0;8.0;0.19193806817034087;1.0;0.0;0.6370821002889959;0.0;0.0;0.5802112339524622;-0.1564771012569853;0.0;-0.6717769384341885;1.0;-0.0675110409850576;0.0;1.0;3.51;53801;1.1852698187351407;1.0;18.0;1.413567135542141;53106;-0.7955081772094081;0.0;8.9;Dropout
5.0;0.0;0.0;1.1265048512429316;1.0;9.0;37.0;1.0;0.08301092827375707;139.0;1.0;-0.8790972235140434;97665;1.0;1.0492683488858106;;133.1;68412;;0.0;6.0;-1.058006572766603;8.0;37.0;0.0;0.0;9.0;1.0;0.0;0.09613497374574913;0.3;90502.0;17.0;0.6854461615682045;0.0;;2.185025844578322;0.0;6.0;0.1278362665378552;0.4991449688599044;0.0;-0.0646910748645311;39.0;1.7329277582352234;0.0;1.0;-0.92;96913;-1.3145000039219272;19.0;33.0;1.3808878160696472;10961;0.8133726894733257;0.0;16.2;Dropout
;;6.0;-0.3215701682136016;0.0;5.0;19.0;2.0;1.9017010443991902;119.7;;-0.40963582891569356;45199;0.0;-0.7991438330284719;0.0;133.0;54155;8014.0;0.0;6.0;2.0496387006140204;10.0;1.0;;1.0;5.0;1.0;11.5;1.5308140265956272;-0.8;82067.0;50.0;0.15473897535489242;1.0;0.0;-0.3015216008772933;0.0;11.0;-1.7260235717651908;2.112863537667727;0.0;0.5356245784086985;17.0;-0.8529088029261331;11.5;1.0;-3.12;78566;-2.3913257652128537;1.0;19.0;0.1881441392705413;74400;-1.6098511833319389;0.0;9.4;Dropout
;;1.0;0.11085260207313039;0.0;;19.0;1.0;-1.499421886466856;149.4;1.0;0.3046264194792415;71201;0.0;0.12016093337904353;0.0;;42428;9991.0;0.0;5.0;0.5743574006570411;;37.0;2.0;0.0;9.0;;11.333333333333334;1.0488517897245615;0.6;89836.0;18.0;;;0.0;-1.0456915008895566;0.0;9.0;-1.0565776549858756;0.2527230439425748;0.0;-0.5826946099206024;39.0;-0.12745498183776638;12.0;1.0;2.02;78787;-0.5941914500838615;19.0;29.0;0.057267157887285654;89084;0.5970490565620198;;11.1;Dropout
6.0;0.0;5.0;-0.19861620696891993;;9.0;38.0;1.0;-1.6069086112624469;120.0;0.0;-1.117307862610067;45505;1.0;0.44521271024701903;;114.0;32261;9130.0;0.0;6.0;0.7861769764427596;9.0;38.0;;;10.0;1.0;12.571428571428571;1.0557383436195333;0.6;63524.0;77.0;-0.8435490902853326;0.0;0.0;-1.5340598832214616;;;-0.5242758796377893;-2.2234833507559775;0.0;-0.29621392384607675;;-1.3122316195925512;12.833333333333334;1.0;2.02;32841;-1.1513060438778926;1.0;24.0;-1.4330459872638408;32076;0.5267066944888934;0.0;11.1;Dropout
9.0;0.0;4.0;0.5073924193431429;1.0;5.0;1.0;1.0;0.988075214519394;128.3;0.0;0.16423213931246486;98363;1.0;-0.40023280990585663;5.0;130.0;15776;9238.0;0.0;9.0;1.376811034385401;;19.0;;0.0;5.0;1.0;13.571428571428571;-1.3419305718275;1.4;;49.0;-1.2227717564030252;0.0;;1.7556739302323163;4.0;14.0;0.9937198181169649;0.4320585519745339;0.0;0.044925647839215134;53.0;-1.4592277719040092;13.25;1.0;;37664;-3.0124825125285133;42.0;23.0;1.7193651133662835;33888;2.014390233201957;0.0;;Dropout
6.0;;4.0;1.042944922262596;0.0;3.0;1.0;4.0;-0.8187429365208783;128.9;0.0;-0.2123382052092645;23754;;0.8397099365599667;0.0;125.0;19817;9070.0;0.0;6.0;1.0162431932180667;;3.0;;1.0;3.0;1.0;11.6;-1.1801199417011128;1.4;48781.0;;0.47736068227329476;0.0;;1.7687872586986573;0.0;;-1.3843211357497143;-0.8792354263799301;0.0;-0.7774232922997129;17.0;-0.787252329342901;11.2;1.0;3.51;18743;1.746350668396833;1.0;18.0;1.036341887367967;75910;1.0454849255123724;0.0;8.9;Enrolled
8.0;0.0;;0.8356354568912998;0.0;2.0;3.0;4.0;2.043336920428779;129.0;0.0;-0.6605868651768887;51919;;0.14895854124234953;;144.0;70947;;0.0;7.0;0.03152631132155178;8.0;39.0;7.0;1.0;3.0;1.0;12.65;0.21775092275698957;;88080.0;76.0;0.6824084615381641;1.0;;-0.9245997419342306;0.0;9.0;-0.8557374270410827;-1.9224751858071523;;-0.09174674437593262;1.0;-0.4499830116291807;13.411111111111111;1.0;-0.92;92903;0.5597102353329494;1.0;18.0;0.7519515707043267;97244;0.3640502374977759;0.0;16.2;Dropout
8.0;0.0;7.0;-0.46666856955709607;0.0;9.0;19.0;5.0;1.3373413712329436;127.6;0.0;-0.4705724860109197;18203;1.0;0.7888457131522739;0.0;130.0;50637;9500.0;0.0;7.0;-0.18496496523487244;10.0;37.0;7.0;1.0;;1.0;12.9;0.7707379254559359;2.8;69923.0;2.0;0.5189737958276073;1.0;0.0;-0.7273208126785566;;;0.1648508402782561;1.6975612470804886;0.0;0.4672117833089807;1.0;-0.40558304093114994;12.142857142857142;;-4.06;96195;0.6671570607471846;1.0;18.0;-2.2747307170906392;33400;1.3591329351529602;0.0;15.5;Dropout
6.0;0.0;3.0;1.209046968605822;0.0;3.0;34.0;2.0;1.5875715067580416;141.0;0.0;-0.15455189118692608;61412;1.0;0.19410410804883196;0.0;128.0;97113;9773.0;0.0;6.0;1.2882844151786625;10.0;19.0;4.0;0.0;0.0;1.0;12.0;-0.5191355524414507;2.6;86894.0;54.0;0.13158617872165979;1.0;;-0.32399103753117203;0.0;15.0;0.4728564477829363;1.4814465003283863;;-1.1864965399344285;1.0;-0.22602501507922626;10.666666666666666;1.0;0.32;40509;-0.28546782452735847;1.0;20.0;0.04092265065579615;48723;0.5389039411148667;0.0;7.6;Dropout
5.0;0.0;0.0;-0.9163513631202167;0.0;7.0;;2.0;0.8844363055512506;;1.0;-0.7678365125632122;77021;1.0;0.376404571487228;;133.1;23306;9119.0;0.0;5.0;0.026535282286987996;11.0;;;0.0;7.0;2.0;0.0;-0.6975848637562034;;86495.0;22.0;-0.3240409380332983;0.0;0.0;1.2242568721459834;0.0;5.0;0.442720876831501;-0.9051775209101217;0.0;0.3064555709818186;39.0;-1.6483326407033696;;1.0;-3.12;72968;0.4208174027614977;19.0;33.0;-0.12712870831908774;71123;-0.46007005462720213;0.0;9.4;Dropout
5.0;0.0;0.0;-0.7424819133780062;;4.0;1.0;1.0;-0.9215836236702943;130.0;1.0;0.007094475325611389;52163;0.0;-0.6323917568493553;0.0;133.1;93722;;0.0;6.0;-0.7490177845103465;14.0;;1.0;1.0;4.0;2.0;10.0;1.3938430026729642;;95353.0;;0.21098600721858943;;0.0;-1.2873021984803101;0.0;;-0.9840051137237156;-0.8986311188991067;;-1.0903071397086832;39.0;-0.6259462115069723;0.0;;;28996;-0.42264039655070523;19.0;24.0;0.6828154383005985;86719;-1.1446057770488616;0.0;16.2;Dropout
;0.0;2.0;-0.1278007358120988;;9.0;38.0;1.0;-1.659341600135192;122.9;1.0;-0.2781766216660757;86678;1.0;-0.6307717051912234;0.0;132.0;17739;9670.0;0.0;6.0;1.9666324759021274;6.0;37.0;;0.0;9.0;;11.5;0.6858766667536402;1.4;59075.0;42.0;0.37929993866550576;0.0;0.0;;0.0;;-1.5979913601913418;0.160167211913082;;-1.0702908751696045;17.0;0.501758473403675;13.0;1.0;1.74;68691;0.8143209444252649;1.0;20.0;-0.4510308135457962;13027;-0.5693656036930808;0.0;;Dropout
5.0;0.0;0.0;1.0468004522087897;1.0;2.0;2.0;;1.495294669189022;;1.0;-0.6112825370669608;79156;1.0;1.2243964799287768;0.0;;75953;9147.0;1.0;5.0;-0.9359278844863137;6.0;37.0;0.0;0.0;8.0;1.0;0.0;1.0579866807295064;2.8;42543.0;69.0;0.43929744762235207;0.0;0.0;;0.0;5.0;0.5390596432130327;-0.8851788417931582;0.0;-0.6627959824791435;44.0;-1.3582450728945377;0.0;22.0;-4.06;18560;0.1890655306673216;39.0;;-0.231710216453519;27993;-0.04007387454711766;;15.5;Dropout
6.0;0.0;6.0;-1.1701514194436051;;9.0;37.0;1.0;-1.4995682060120572;160.0;1.0;1.5898422339029836;95671;1.0;0.6355104445203323;3.0;160.0;96415;9119.0;0.0;7.0;-1.73470507505336;15.0;37.0;5.0;1.0;9.0;2.0;14.333333333333334;-0.441450058433225;0.5;91772.0;12.0;;0.0;0.0;0.31237328692007543;;16.0;1.4331239415397288;-0.13507364365569377;0.0;1.3654183407376688;44.0;-0.3551456948450711;14.636363636363637;1.0;1.79;39964;-0.0365253772178843;39.0;41.0;0.6194129389547033;90459;0.17501840534960383;;12.4;Enrolled
6.0;0.0;0.0;0.8914841441386541;0.0;;1.0;2.0;1.5848856877275204;;0.0;0.41523992256162096;99616;1.0;-1.0229651662224017;0.0;129.0;23855;9670.0;0.0;6.0;0.992776358936815;0.0;19.0;0.0;1.0;5.0;1.0;;-0.520020587315844;1.4;29100.0;;-0.920803785502116;1.0;0.0;0.45441330591856066;0.0;0.0;-0.34530161537568577;-0.713182022634037;0.0;-1.7151792937848362;;0.2928437599380678;;1.0;3.51;45390;0.038928095185886205;1.0;21.0;-0.7735783670886788;57263;-2.1351955980867587;0.0;8.9;Dropout
6.0;0.0;0.0;-0.0547470948179774;0.0;9.0;19.0;1.0;0.6696147602293553;101.3;1.0;-0.38271223262295445;96065;1.0;0.18086342465483146;0.0;130.0;52835;;0.0;6.0;-0.7312463906426785;12.0;;4.0;1.0;4.0;1.0;;0.9488906046631579;0.5;39068.0;39.0;3.225993124147924;1.0;0.0;-0.20510600519999317;0.0;17.0;-1.1446864844840328;-0.40040231411261007;;-0.46394802138052277;;-0.7822669220236698;0.0;1.0;1.79;99612;1.46544952756248;1.0;20.0;-0.5740426834093202;78237;-0.21956033492399438;0.0;12.4;Dropout
0.0;0.0;0.0;-0.43373352358613404;0.0;9.0;1.0;1.0;-0.0762526538201018;124.8;1.0;0.14586043082470876;48982;1.0;-2.3737760535354258;;129.0;92828;;;0.0;0.4350966841633411;0.0;1.0;;1.0;;1.0;0.0;-0.26272586025589867;3.7;94952.0;71.0;-1.2568210918282896;1.0;0.0;0.46578492371802366;0.0;0.0;-0.4298803224648433;-1.4043551953462545;0.0;-0.026450629914230542;;0.34152439616084757;0.0;1.0;-1.7;52047;0.16733094524442294;1.0;18.0;0.19332663976096162;15695;0.02858176954944478;0.0;12.7;Dropout
5.0;0.0;0.0;1.097806366347927;0.0;;34.0;1.0;0.44204768433531105;128.2;1.0;-1.0268201367735081;99520;1.0;-0.5739401636994166;0.0;133.1;82208;9130.0;;5.0;1.8172108361888384;9.0;34.0;;1.0;0.0;;0.0;-0.6108570293920376;2.6;74256.0;6.0;0.38566872641060274;0.0;0.0;-1.514205883340986;0.0;5.0;0.3940625733847306;0.8268983274543508;0.0;1.1671773015444824;43.0;-1.521126279385031;0.0;1.0;0.32;30028;-1.0296092037143285;9.0;;1.3384857033495736;18182;0.5475374448798405;0.0;;Dropout
6.0;1.0;4.0;-0.802670828687946;;9.0;19.0;;0.46529093544909955;;0.0;-0.4367716067785833;69489;1.0;0.9610276766199058;0.0;108.0;29648;;0.0;6.0;-1.374846455204873;12.0;38.0;4.0;1.0;9.0;1.0;10.4;-0.913196436385215;0.5;62636.0;84.0;-1.1948425809280316;0.0;;-0.8409205668602298;0.0;11.0;-0.2331431567766334;1.2037890395998239;0.0;1.9479420578929818;;0.8884495729322054;10.75;1.0;1.79;14241;0.33619092142482637;1.0;19.0;0.8084697372233473;76135;1.6268008825063505;1.0;12.4;Enrolled
7.0;0.0;3.0;2.285676153749928;1.0;6.0;;1.0;-0.2024103885870802;117.8;0.0;-0.3200774504382476;17469;1.0;-0.12514558871115952;0.0;;25370;;0.0;7.0;-0.04091537369126111;14.0;37.0;3.0;0.0;6.0;4.0;;-0.5112951396395816;0.6;57733.0;51.0;0.30624377739732866;;0.0;0.10515788452260533;;12.0;1.4071936415148125;-0.10020398917343985;0.0;-0.4220250535832728;39.0;0.3658007330936959;11.083333333333334;1.0;2.02;26028;0.48904065749636483;19.0;46.0;1.075404068932498;43832;0.18565353544526975;0.0;11.1;Dropout
6.0;0.0;3.0;-0.17664178854228324;1.0;9.0;;1.0;1.425687234919314;130.0;0.0;-1.2467939099098826;17411;1.0;0.11791266966603123;0.0;130.0;40392;9003.0;0.0;6.0;1.483409223031859;13.0;37.0;3.0;0.0;10.0;1.0;12.75;0.8750835514586764;-0.3;51998.0;36.0;0.9821228248537509;0.0;0.0;-2.270890892900242;;8.0;0.9249707194042877;-0.036242503874079485;0.0;0.5393597372271918;44.0;0.05566540350946721;11.333333333333334;1.0;0.79;31804;-0.14470985465298405;39.0;;0.06331680621529066;94788;-0.9095628762477181;0.0;13.9;Dropout
7.0;0.0;5.0;0.14984170423104157;;2.0;5.0;1.0;1.391400860599534;140.0;0.0;0.3873540479944179;45711;1.0;-3.0163812465202113;7.0;140.0;51539;9130.0;0.0;;0.6818864233980808;16.0;4.0;7.0;0.0;0.0;;11.555555555555555;-1.5096648567279527;2.6;90670.0;40.0;0.03258267984302296;0.0;;-0.30251761381422915;5.0;12.0;0.18433806620425153;0.6291570186347337;4.0;-0.09455103044353139;7.0;1.1248180263058407;13.2;;0.32;38645;-0.05210296429333683;3.0;29.0;1.495078023782975;48784;-1.8180793836014721;0.0;;Dropout
8.0;0.0;0.0;1.5429050160785907;0.0;9.0;37.0;1.0;0.15565930182094104;135.5;0.0;-0.5056127026128259;60080;1.0;-0.3922536181361517;0.0;140.0;36457;9500.0;0.0;7.0;-0.1798208734459793;;37.0;;1.0;6.0;1.0;0.0;0.6290524683439263;-0.3;;85.0;0.973080428965212;0.0;0.0;-0.36416437033440724;;0.0;-1.954322899629362;0.0019011448389050713;0.0;-0.10097141090448586;39.0;-0.32934905923661484;0.0;1.0;0.79;22262;-1.0662161178740919;1.0;;-1.7411824245013092;85880;0.6870109581123818;0.0;;Dropout
6.0;0.0;0.0;0.17592967858031358;0.0;90.0;37.0;1.0;-0.5999943867003046;115.5;1.0;-0.3554666674474038;17393;0.0;0.3382722238272125;0.0;140.0;18093;8014.0;0.0;6.0;2.389379543657604;6.0;37.0;;0.0;5.0;1.0;11.0;-0.7082187587461486;1.4;53147.0;86.0;;0.0;0.0;-0.3026902319503614;0.0;0.0;-0.6922636288411202;1.7295638488334062;0.0;0.2732695421524577;39.0;-0.6178561124619121;0.0;1.0;1.74;76505;0.09707564643553095;1.0;33.0;2.0222392184013476;58912;-0.8690873594774133;0.0;10.8;Dropout
5.0;;0.0;1.1888688784173769;;7.0;38.0;1.0;1.3059540444042912;132.0;1.0;-0.5687198591233552;61895;1.0;0.4652898753983397;;100.0;54800;9147.0;0.0;5.0;-0.09531744233535974;7.0;19.0;1.0;0.0;9.0;1.0;11.0;-0.2103003947869439;1.4;17627.0;67.0;-2.0498641409887517;0.0;0.0;-0.5510818078209812;0.0;;-0.5480223263456659;-1.316362856377127;;-1.585464357237008;39.0;1.3725442840972462;0.0;;1.74;44814;-1.2144813466427977;19.0;28.0;2.151758975180036;71231;0.8668369771613471;0.0;10.8;Dropout
7.0;0.0;0.0;-1.9531584674689764;;4.0;38.0;2.0;-2.0225603801388194;110.0;1.0;2.9590905906430995;71009;1.0;0.9623557113343643;2.0;133.1;47061;9003.0;;8.0;0.39687452852853167;12.0;19.0;;0.0;1.0;2.0;11.5;-0.146245580617356;2.8;20314.0;42.0;0.6267091325392532;0.0;0.0;-0.9958919258744972;0.0;9.0;-0.7466159816479937;0.8609419596818413;;-0.0478838146975563;39.0;1.8407658022347948;0.0;1.0;-4.06;31330;-0.2507755447630036;19.0;32.0;0.45661634953689034;68837;1.3974201521625687;0.0;15.5;Dropout
8.0;0.0;5.0;-0.4425970401709636;0.0;;19.0;1.0;0.4438926070113228;118.3;1.0;-0.6626151501740128;72403;1.0;-0.21025775177342823;0.0;125.0;37494;9500.0;0.0;;1.6493544959101472;12.0;38.0;5.0;1.0;8.0;;12.002;-0.2207448716373115;1.4;28368.0;82.0;0.030638324515168774;0.0;1.0;-1.8220318502709199;0.0;12.0;0.19082127186492498;-0.1142023651018572;1.0;0.45075838927422035;1.0;-0.6934377061177628;12.002;;1.74;57316;-0.6693227750786918;1.0;20.0;0.8322626374355127;20704;-1.544074765979174;0.0;10.8;Dropout
6.0;0.0;2.0;0.3967337784225923;0.0;9.0;37.0;1.0;0.7395751082089216;122.6;0.0;-2.0686769538858276;97514;1.0;-0.16565581262414916;0.0;;84375;9853.0;0.0;6.0;0.9808635713866058;;37.0;3.0;1.0;10.0;1.0;12.333333333333334;-0.2871276299154687;3.7;;53.0;-0.4796139618800079;0.0;0.0;0.14474704716741205;0.0;11.0;0.21144208103522996;-1.1212124936776773;0.0;-0.8597655428426207;17.0;-0.11374323710781528;10.5;1.0;;38148;0.9829062133688924;1.0;;-0.037999864005278494;81502;0.5538925587589626;0.0;12.7;Dropout
6.0;0.0;1.0;1.0814192976234094;0.0;4.0;1.0;5.0;-0.8283518347780123;113.2;0.0;-1.5999319709588355;42762;;-1.3321174294098623;0.0;123.0;36094;9853.0;0.0;6.0;1.3217196002224765;12.0;12.0;4.0;;9.0;;12.0;-0.44435593384119726;1.4;36242.0;18.0;-0.41056153244190385;1.0;0.0;-0.30012398679624325;0.0;11.0;-1.6740748681552187;2.247088742879062;0.0;0.4574081237553314;;1.0450425432614543;10.0;1.0;1.74;71554;1.549943200851714;;20.0;-0.20956836307333654;98555;1.2926224103393442;0.0;10.8;Dropout
5.0;0.0;;0.7696965582609097;0.0;4.0;;;0.9737854874376467;146.1;0.0;0.7593026226954348;13301;1.0;-0.20452153917319804;0.0;152.0;90346;9130.0;0.0;5.0;-0.8995394968162634;;22.0;4.0;1.0;3.0;1.0;13.5;-0.571425173941403;1.4;70015.0;78.0;0.4065817351786166;1.0;3.0;-1.3752815465686778;0.0;9.0;0.8045980620611511;2.3852003725157993;2.0;-1.7284548851035104;1.0;-0.07814500181077243;0.0;1.0;1.74;57665;-1.1443243253487512;1.0;18.0;-0.6108703753643373;44825;1.0190393252802818;0.0;10.8;Dropout
;0.0;3.0;0.676032107932891;0.0;3.0;37.0;1.0;-0.026385861316626666;113.7;0.0;1.3364526916831299;96200;1.0;-1.2615750623977986;0.0;120.0;11007;9853.0;0.0;6.0;1.2281747821876101;8.0;38.0;;1.0;3.0;;11.0;1.3197735469654726;;59617.0;67.0;-0.8145328971779466;0.0;0.0;;0.0;;0.016123706326332008;-0.20786993742779605;0.0;0.09356652659816053;42.0;0.5945885087379836;10.666666666666666;1.0;-1.7;93904;-0.004620418673325315;;20.0;-0.049012016264423384;40956;-2.0963794369104556;0.0;12.7;Dropout
7.0;1.0;0.0;1.0610578423545278;0.0;;1.0;1.0;-0.545700121949118;108.3;0.0;-0.6817971913728537;57369;1.0;-1.8478701198054168;0.0;103.0;56710;9500.0;0.0;7.0;0.16959209097397038;14.0;19.0;0.0;1.0;;1.0;0.0;0.025049316069927614;;10378.0;84.0;0.3752448095617597;0.0;0.0;-0.2949501950727061;0.0;;0.35764141350861095;0.4447253480422559;0.0;1.342178934916486;1.0;0.7804035974883825;0.0;1.0;2.02;68494;-0.310359367792185;1.0;20.0;0.5559334756057036;63749;-0.8536520447937044;0.0;11.1;Enrolled
6.0;1.0;3.0;0.47501965340792485;;;37.0;1.0;0.9632233396636721;138.0;0.0;1.2789496696354639;66736;1.0;-1.0851793701105783;0.0;153.0;95517;9085.0;0.0;6.0;-0.7457789144434442;;37.0;6.0;1.0;9.0;1.0;13.5;-0.12594829322494772;1.4;56503.0;98.0;1.1886370189569544;1.0;0.0;;0.0;6.0;0.7448263348685243;-0.4711862625069426;0.0;-0.21859009544983754;18.0;-0.562304575556544;15.333333333333334;1.0;3.51;43018;0.46443841183651585;1.0;21.0;0.4198838471634218;66948;-1.2801805057504232;0.0;8.9;Dropout
;0.0;3.0;-2.1431840267898767;;9.0;37.0;1.0;-1.0856844286977492;129.0;0.0;0.7415899998425441;57993;0.0;1.5086849078039715;0.0;;35775;8014.0;;6.0;0.22194424343963007;13.0;37.0;4.0;1.0;7.0;1.0;;-0.6446527223520863;;17391.0;77.0;2.0600701446130554;0.0;;-2.1568948868074505;0.0;10.0;-0.7669697193401658;-0.31029484256448153;0.0;-0.978176803424628;39.0;0.4192746634002592;12.0;1.0;;23429;0.09624165936657454;1.0;37.0;1.9866030716912382;44488;0.5234727551470508;0.0;16.2;Dropout
6.0;1.0;2.0;1.4422032525136863;0.0;;37.0;1.0;0.8691933365638794;122.7;0.0;-0.18948013098608893;53817;1.0;-0.27056120151327656;0.0;136.0;68962;9254.0;0.0;6.0;0.19024628815689923;10.0;37.0;4.0;1.0;;2.0;11.5;-0.40794382113068245;2.6;58857.0;73.0;1.4045265377622633;0.0;0.0;0.682767512307893;0.0;16.0;1.2589056893158195;-1.1324991864515221;0.0;-1.425137650988379;1.0;-0.006192694509936961;10.5;1.0;0.32;19144;-0.38737544385154715;1.0;45.0;0.1002745458025519;34567;0.41332662348549737;0.0;;Dropout
5.0;0.0;4.0;-0.8376649990436005;;7.0;37.0;3.0;-1.9823462138192558;111.3;;-0.26044628377053547;24694;1.0;0.21987736302336577;0.0;;76011;9670.0;0.0;5.0;1.8680885025232064;7.0;37.0;;;7.0;1.0;11.333333333333334;-0.6411712083613678;-0.8;14512.0;89.0;0.1617454329666036;1.0;0.0;-1.2330510401091301;0.0;7.0;-0.14179355708717323;-1.2802621910464476;0.0;0.390524394505417;1.0;-1.2168685933937622;;1.0;-3.12;68916;0.09375052226795194;1.0;19.0;-1.4888285613450305;97415;-2.6978918779406253;0.0;;Enrolled
6.0;0.0;0.0;0.31362500736416515;0.0;5.0;1.0;1.0;0.2857044467311966;128.5;1.0;0.18087022641565326;60759;1.0;-0.5134962511980561;0.0;125.0;40812;9238.0;0.0;6.0;0.3812957056282018;13.0;1.0;1.0;1.0;;1.0;14.0;0.7653441719145009;0.3;16881.0;86.0;0.2576650999047694;0.0;0.0;0.06327025484124159;0.0;7.0;1.5125472265669353;1.8441499719227585;0.0;0.9280164099142275;1.0;-0.9896526464284002;0.0;1.0;-0.92;12967;-0.21465125793770398;1.0;20.0;1.6443106212234162;84458;-0.30083162132784164;0.0;16.2;Dropout
;0.0;0.0;0.18100476116719894;0.0;4.0;3.0;1.0;0.04384395621349431;95.0;1.0;0.877455822153641;85011;1.0;-1.7905510194518974;;133.1;67502;9670.0;0.0;6.0;-0.7808047943841131;7.0;1.0;;1.0;4.0;1.0;0.0;-0.7535990864709267;2.8;84349.0;88.0;;0.0;0.0;-0.8082684434326929;0.0;6.0;-0.8939324352811749;-0.03876788383628111;0.0;-0.05609441204055674;1.0;-0.6524169243963687;0.0;1.0;-4.06;44294;1.5891346018221013;1.0;19.0;-1.220954278259769;61466;0.8007198303411068;0.0;;Dropout
6.0;;1.0;0.047327619069849884;;9.0;19.0;6.0;-0.5396957668657604;118.7;1.0;0.3972945655950222;20196;1.0;0.9361131249297073;0.0;119.0;68708;9254.0;;6.0;-1.0114276118671959;16.0;19.0;3.0;1.0;9.0;;10.333333333333334;-2.246245871648214;;10879.0;85.0;-0.4656434766159591;1.0;0.0;-0.3887265175479852;0.0;16.0;1.4382466069308903;0.05058492689142478;0.0;-0.46369085550502415;1.0;0.9285198508026042;11.0;1.0;1.74;11844;-0.793645362637077;1.0;20.0;-0.5593909255054242;44057;0.1479759912241222;0.0;10.8;Dropout
8.0;0.0;2.0;-1.1060406843850372;1.0;9.0;19.0;;0.3896248678890111;100.0;1.0;-0.6768083017986958;45524;1.0;-2.1721981398555887;0.0;100.0;52342;9500.0;0.0;8.0;-0.04739745079128287;16.0;19.0;2.0;1.0;9.0;1.0;10.25;0.058308037464886345;3.7;;60.0;0.8720317984604549;0.0;1.0;;0.0;;-0.9039840243675579;-0.810518219355687;1.0;-1.9309075208054114;42.0;0.9613581623133276;10.25;1.0;;41153;0.2574867065571323;;24.0;0.27174314135090294;41692;0.1462669194998613;0.0;;Dropout
6.0;0.0;0.0;-1.9386932638347938;0.0;1.0;3.0;1.0;-0.07957012936778779;152.0;0.0;-0.1742070470263107;94160;1.0;-0.5547926767916584;;;43889;9070.0;0.0;5.0;-1.3463657307595698;5.0;38.0;0.0;0.0;9.0;1.0;0.0;-0.27939082757020917;1.4;51683.0;28.0;-0.30751005832427214;1.0;0.0;0.5316182008033739;0.0;0.0;2.5487812866055903;0.18997020227305722;0.0;0.12402936175168316;1.0;0.7499129183216177;0.0;1.0;1.74;89520;0.5096334720212865;1.0;19.0;0.4171750822632247;45160;-0.3649936867187107;0.0;10.8;Dropout
5.0;0.0;0.0;-1.0023789065963726;1.0;8.0;37.0;3.0;1.0546956273055468;;0.0;1.981263454721924;47841;1.0;-0.05461488085006111;0.0;147.0;52782;9670.0;0.0;5.0;-0.715355921485603;5.0;37.0;1.0;1.0;8.0;1.0;10.0;-0.5857882168073019;;84356.0;98.0;0.36609964108968995;0.0;0.0;1.1300399462894701;0.0;5.0;-0.9518337633840985;-1.5037941718491359;0.0;-0.6892667368924812;;0.4401107032656179;0.0;1.0;-3.12;17111;0.4384772192666922;1.0;19.0;-1.4454383189305522;63365;-1.0589409410746784;0.0;9.4;Dropout
5.0;0.0;0.0;0.8262384372443394;1.0;4.0;;1.0;0.5601509888034351;125.1;0.0;0.251213797296192;24549;1.0;0.23048964342985517;0.0;130.0;23405;9238.0;0.0;;-0.2441913513310854;8.0;1.0;0.0;0.0;10.0;;0.0;0.9115561199476964;0.3;27413.0;4.0;-0.9625095074058163;0.0;0.0;0.3303854946215733;0.0;6.0;1.0565867204553927;-0.7737385624780454;;-0.6317669102577659;7.0;0.4128263071564397;0.0;1.0;-0.92;97698;-0.29788952836601873;3.0;27.0;-0.74647223637362;10403;-0.017055823890483924;0.0;16.2;Dropout
;0.0;0.0;-1.4466218625641745;0.0;7.0;37.0;3.0;0.4526942328743526;143.4;;0.8693254268826153;96575;1.0;-0.7264696045288699;;140.0;54388;171.0;;0.0;-0.4218853539143755;;38.0;0.0;1.0;7.0;;0.0;-2.733519603048116;-0.8;52013.0;78.0;1.3703126493055207;1.0;0.0;0.3961435843407805;0.0;0.0;-0.3623942236925023;-1.1997747119838766;0.0;1.6164159367018842;43.0;0.27756044955483006;0.0;1.0;-3.12;97655;1.3682739343904182;1.0;21.0;-1.4807824612725349;69130;0.05209345123512439;0.0;9.4;Dropout
6.0;0.0;2.0;-0.8802809700080043;;;19.0;1.0;0.2918612035602047;105.0;0.0;0.5398849872492323;22321;1.0;-1.8379614830549744;0.0;119.0;39264;9773.0;;6.0;0.7269076023699246;11.0;37.0;3.0;1.0;;1.0;11.333333333333334;1.5762440649698903;0.3;90250.0;28.0;-0.32245666365025755;1.0;0.0;-1.7811390002261778;0.0;7.0;0.7150223836665484;1.2928841187225222;0.0;-1.801608689379469;43.0;0.40759705542163416;11.0;;;87724;-2.088883658754756;1.0;23.0;0.6217130633225604;61779;0.6152545203329556;0.0;16.2;Enrolled
18.0;0.0;16.0;0.41804665379956696;0.0;0.0;34.0;1.0;-0.47216645654704203;130.0;0.0;0.2733577439977027;32264;1.0;-0.8010932923354382;15.0;130.0;40531;9070.0;0.0;18.0;-0.7378276174055538;18.0;34.0;17.0;1.0;0.0;4.0;13.176470588235292;1.0546777604474915;2.6;16938.0;;1.0879791706649606;0.0;0.0;-0.31752499386655414;13.0;18.0;-0.04052506712566763;-1.6518983637279965;0.0;-1.6677576623589092;27.0;0.4753625836642024;13.0;1.0;0.32;72380;-1.0939362712240275;2.0;53.0;1.1833798847028856;23013;0.6964999242954618;0.0;7.6;Dropout
11.0;0.0;2.0;-1.0274246748676983;0.0;9.0;37.0;1.0;-0.30180354997569725;112.5;1.0;0.10869890001506896;51853;0.0;-0.7487579876196624;6.0;133.1;32104;8014.0;0.0;13.0;-2.4699812446369505;13.0;1.0;6.0;1.0;10.0;1.0;11.333333333333334;-0.628053263194818;0.3;48781.0;26.0;-0.7038231772744306;0.0;0.0;-0.22490893184860827;2.0;11.0;-1.0912303753627135;-1.179215497221173;0.0;0.23132572889787426;43.0;-1.404422165727381;13.5;;-0.92;26058;0.663569941859158;12.0;50.0;-1.221838044246514;32565;0.0858614191632412;0.0;16.2;Dropout
;0.0;1.0;-0.5430481897475731;1.0;9.0;37.0;1.0;0.24821584022088922;133.3;0.0;0.8973906253249794;44691;1.0;-0.7730934951550803;0.0;134.0;56706;9254.0;;6.0;-1.68577290933153;13.0;37.0;2.0;1.0;9.0;1.0;11.5;-0.45078427168300184;2.6;21055.0;44.0;-0.7567104926287299;1.0;0.0;1.2236648203519753;0.0;;-2.7968301573124212;-2.047589271482304;;-0.38531099728614243;43.0;-0.7902471459442385;11.0;;0.32;18989;-0.8801076076425519;1.0;19.0;0.9956599530478653;34946;1.0949083645848314;0.0;7.6;Dropout
0.0;0.0;0.0;0.08182151607009264;;9.0;38.0;1.0;-0.17335948710713603;140.0;1.0;0.7186422353106833;47474;1.0;0.9700585902076034;0.0;140.0;10681;171.0;0.0;0.0;-0.017818135501191584;;37.0;;0.0;7.0;1.0;0.0;0.5043869514626891;2.8;41678.0;;1.3280317813578688;0.0;;-0.5062293279069283;;0.0;2.507583296192893;-0.8900123319978817;0.0;-0.5188006703554023;43.0;-1.0289216244820427;0.0;1.0;-4.06;92725;-0.9385099457740792;39.0;25.0;0.9307787443246629;92965;-0.3749246681357709;0.0;15.5;Dropout
0.0;0.0;0.0;0.28264273913015814;;9.0;37.0;1.0;1.1114528304329958;100.8;0.0;0.2638934780115486;79312;1.0;-1.2136027781391423;0.0;140.0;15163;171.0;0.0;0.0;-0.5868032700067569;0.0;37.0;0.0;1.0;9.0;1.0;0.0;0.5312159898409977;0.3;97357.0;78.0;-0.6260075146855234;0.0;0.0;;0.0;;0.07302422561501296;-0.4595209809131707;0.0;0.2726512489445426;39.0;1.1071450076540088;;1.0;-0.92;42960;-0.4671955842600129;1.0;;-0.6590707899115033;94126;-1.4440245698797334;1.0;16.2;Dropout
6.0;0.0;2.0;-1.047225948178474;0.0;9.0;1.0;1.0;0.09345018954375292;120.0;1.0;-0.6937625255478881;60106;1.0;0.30097927443815886;2.0;120.0;28794;9003.0;0.0;6.0;-1.236671731958097;15.0;19.0;;1.0;7.0;1.0;11.75;-0.6338818575715607;-0.3;;84.0;-1.5679002503716972;0.0;0.0;0.22575734308475232;0.0;12.0;-2.943530077933057;0.9777803770591094;0.0;0.2559090488514526;44.0;1.6541001035836127;10.0;1.0;0.79;50464;-0.785643325957898;39.0;;-1.9825790358678268;80482;0.47705366941820565;0.0;13.9;Dropout
8.0;0.0;;0.14094291658117725;0.0;4.0;1.0;;0.37596660782513114;121.8;0.0;0.3855588055484719;53197;1.0;0.15829703721791577;0.0;;61315;9556.0;0.0;7.0;1.9584513290893593;14.0;38.0;7.0;1.0;7.0;1.0;11.4375;-1.6167767538642601;3.7;40049.0;;;;0.0;1.1576751602807274;0.0;9.0;0.3026086064649067;-0.22199783946975515;0.0;-0.9736373121422331;18.0;-2.169047920412175;11.425;1.0;-1.7;17206;0.6370890105772768;1.0;20.0;-1.0712560191947291;71346;0.12637955438925474;0.0;12.7;Enrolled
6.0;;2.0;0.3988547528637023;0.0;3.0;1.0;1.0;-1.402683933895561;140.0;0.0;-0.06700793646808344;73301;1.0;0.96045507747167;;140.0;33125;9085.0;0.0;6.0;0.8287501213863547;11.0;1.0;5.0;1.0;7.0;1.0;14.2;2.1136927212020042;-0.3;66573.0;18.0;0.8567086809982697;1.0;0.0;-0.1337440823061335;0.0;12.0;0.6895866565298266;-0.41058690883196314;0.0;-0.59169835366762;44.0;1.5648146118716608;13.5;1.0;0.79;15383;0.9044047842953582;39.0;20.0;-0.5952575869087924;95685;0.49693151567986343;0.0;13.9;Enrolled
6.0;;1.0;-1.273200524032053;0.0;;;1.0;0.9432302720603775;;0.0;-0.3082559113450759;64307;1.0;-0.13313187173693122;0.0;118.0;54657;9254.0;0.0;6.0;-0.05842716014325442;10.0;;4.0;;0.0;1.0;10.5;0.9561240499355512;2.6;35343.0;38.0;0.7606205432518568;1.0;0.0;0.8277869486931466;0.0;14.0;-0.7150807835139983;0.2999081236449808;0.0;0.049557816156555225;17.0;0.08672137353152956;11.0;1.0;0.32;58737;0.08831533044439374;1.0;22.0;1.5416708468091938;76095;-1.2644513482829278;0.0;7.6;Dropout
;0.0;4.0;0.2148429760558284;0.0;4.0;19.0;1.0;-0.5811735936743435;138.3;;2.678775974966068;66584;;0.7911309671975586;1.0;140.0;23314;;0.0;;0.2332972424992021;8.0;38.0;;1.0;4.0;1.0;;0.15685302829435002;-0.3;17376.0;100.0;-0.7625010829663179;0.0;0.0;-1.7048651341375245;0.0;;-0.7083545379036053;-0.44290312288041633;1.0;0.16707569251622167;1.0;1.012719819158702;11.5;1.0;0.79;46498;1.0546263710270114;1.0;;-0.11830257501622099;45076;1.7907960886110448;0.0;13.9;Enrolled
4.0;;;-0.7165832297446689;0.0;9.0;37.0;1.0;-1.0426535822967138;;1.0;-1.5390513077078276;53002;0.0;-0.17222013809409803;5.0;120.0;47850;9991.0;0.0;;-0.2651410110069842;9.0;37.0;5.0;0.0;9.0;1.0;11.4;0.17577524924004453;1.4;60870.0;2.0;-0.6317187011989623;0.0;0.0;-1.6140194329439417;4.0;4.0;-0.019841847039983276;2.4099078626908845;0.0;0.48325368814475356;43.0;0.5064671545848963;11.0;1.0;1.74;73012;-1.386434500198794;;32.0;-1.0068279759903038;42262;0.7105024136636414;0.0;10.8;Dropout
6.0;;0.0;0.12391518068607582;0.0;;3.0;;1.6461860091125715;114.8;1.0;0.9585128590574828;59896;1.0;0.4343925265848003;0.0;120.0;50820;;0.0;6.0;-1.2538152446952464;0.0;19.0;;0.0;9.0;1.0;0.0;0.6213170284965213;1.4;76719.0;57.0;0.6730158262926322;1.0;0.0;-2.2833443446245267;0.0;0.0;1.2025942307621749;-0.5910034232619692;0.0;-0.5831639163282977;1.0;1.4403950535999206;0.0;1.0;3.51;85072;0.07588770761192223;1.0;19.0;0.1478485549519405;69555;-0.28799689099912607;0.0;8.9;Dropout
6.0;0.0;0.0;0.7230790030071444;0.0;4.0;42.0;1.0;0.6976215224325916;;1.0;-0.8626709442538306;35499;1.0;-1.5029410872472406;0.0;133.1;39159;9130.0;1.0;7.0;1.030720286390817;8.0;1.0;;1.0;9.0;1.0;0.0;0.7410632860450097;;26088.0;76.0;1.3159205451927378;0.0;0.0;0.7859849751333333;0.0;9.0;0.09996011982302666;0.4137117825697818;1.0;0.34704920242433684;7.0;0.20974243335749618;0.0;;3.51;15089;1.3479534858457805;2.0;35.0;-1.2953476708655824;46779;-0.9354531459646455;0.0;8.9;Dropout
;0.0;;-0.1762590206173354;0.0;;34.0;1.0;0.9770957188917753;97.5;1.0;0.1311954893433961;47230;0.0;-2.6382780762911087;0.0;133.1;14470;8014.0;0.0;6.0;0.8513300811089317;10.0;34.0;0.0;1.0;0.0;1.0;;-2.086366677487968;2.6;22381.0;;-0.06879953947176984;1.0;;;0.0;10.0;1.4632253043424857;0.8264557833556458;1.0;0.9503477404275608;39.0;-1.3634544588129167;0.0;1.0;0.32;97331;0.9768558035757227;1.0;29.0;0.5143400502063492;50661;1.0771534104322489;0.0;7.6;Dropout
6.0;0.0;0.0;0.9134154159790558;0.0;9.0;;1.0;0.45449618290731764;;0.0;2.568587519090185;24645;;0.3775468535658534;0.0;133.1;65959;9853.0;0.0;7.0;-1.9773337830720117;14.0;4.0;0.0;1.0;4.0;1.0;0.0;-0.3508719793653269;;63808.0;88.0;0.5542384154368255;1.0;0.0;0.8968275738992822;0.0;6.0;1.1312191725302414;-0.6197140042441402;0.0;0.046859270743957675;39.0;-0.10567488377320998;0.0;1.0;2.02;92994;1.4362940801832396;19.0;29.0;-0.9776640592717641;97509;-1.1017697820638563;0.0;11.1;Dropout
;0.0;12.0;0.7908139842403512;1.0;9.0;37.0;1.0;-0.09315079590371105;;0.0;-0.9623689948240629;17396;;0.43118312603922965;13.0;120.0;28325;9147.0;0.0;13.0;0.22643250211575472;;37.0;13.0;0.0;9.0;2.0;11.923076923076923;-0.45482995620432537;2.8;44805.0;89.0;0.8734330665479889;0.0;0.0;-0.677361835706193;12.0;12.0;-0.22878477426350974;0.1653723326413549;0.0;-0.10282845434869216;43.0;0.5156560461068058;12.5;1.0;-4.06;61599;-0.5900456646054508;2.0;42.0;-0.8325237401905758;91839;2.2613648247920697;0.0;15.5;Dropout
5.0;0.0;5.0;0.9078300952594937;;5.0;1.0;3.0;-0.27960400805626334;118.0;0.0;-0.7238726548272637;86511;1.0;0.4755023331518825;0.0;118.0;53647;9147.0;0.0;;0.3368322255775625;11.0;19.0;4.0;1.0;7.0;1.0;11.0;-0.16143465850198208;;94201.0;25.0;2.153003231846537;0.0;0.0;-0.5635476575346662;0.0;7.0;-1.5705237591931707;-0.5008454517623555;0.0;-0.23554334562797236;17.0;-0.21596110153435863;13.2;;1.79;43671;0.9171898244188604;1.0;;0.3754920484318922;64576;-0.6132049398993309;0.0;12.4;Enrolled
6.0;0.0;3.0;0.40310993985133214;1.0;5.0;;5.0;0.7791101854566701;116.9;1.0;-0.01751373715160032;82633;1.0;-0.5249325147546792;0.0;126.0;73848;9119.0;;5.0;-0.3217312288559426;5.0;38.0;4.0;1.0;9.0;1.0;14.5;0.7707939431418125;;42117.0;;-1.155715981200465;1.0;;-0.12104764266231073;;8.0;-0.22667083879635339;0.2740208079466901;0.0;-0.6173873962326077;17.0;0.6577317221526706;13.333333333333334;1.0;2.02;24999;-0.4267761378016514;1.0;20.0;1.7502336828022196;39183;1.720505214605611;0.0;11.1;Dropout
6.0;1.0;0.0;1.100766890439406;1.0;9.0;19.0;4.0;1.132519042238293;;;-0.8472169576313617;34768;1.0;1.4897222522103726;0.0;110.0;19075;9670.0;0.0;6.0;2.0972653386314333;6.0;37.0;1.0;0.0;99.0;1.0;11.0;-1.7900801974573115;;45308.0;61.0;-0.6687234082638018;;;1.4436993029476561;0.0;0.0;0.5264824003950203;0.10092419105538775;0.0;-0.9379792314168262;17.0;-0.06569738864044394;0.0;1.0;-1.7;31131;0.5951529038741488;;18.0;2.1977875602358967;49805;-0.184473785072716;1.0;12.7;Dropout
6.0;0.0;4.0;0.38509530353024485;0.0;9.0;19.0;1.0;-0.06818374792584589;;0.0;0.884056350940301;51486;1.0;-0.45987781573702197;;;71078;9254.0;0.0;6.0;1.988744666259444;11.0;1.0;3.0;1.0;4.0;;12.0;-1.349142385563377;2.6;61223.0;87.0;-0.5064733341147655;1.0;0.0;1.693828127622051;0.0;11.0;0.0598934763794693;-0.1402829903588121;0.0;-0.2981383209397598;17.0;-0.59550931911487;11.25;1.0;0.32;73102;1.3108768219820783;1.0;19.0;-1.0398655057795423;39566;1.580746708820308;0.0;;Dropout
5.0;0.0;0.0;-1.6672603663432926;0.0;3.0;3.0;1.0;2.0725428647008015;;1.0;-0.5345294360632951;99762;1.0;0.4208790196723695;;130.0;43700;9119.0;0.0;5.0;-0.3775079652475363;0.0;3.0;;1.0;10.0;1.0;0.0;-0.6817450365356267;1.4;98018.0;;0.8275241487147456;0.0;0.0;;0.0;0.0;0.6344248316912947;-1.155563556469384;0.0;0.45079892209873157;39.0;-1.0859783833115408;;1.0;1.74;21686;-0.7940676205909327;3.0;;-0.5966063267153192;47713;-0.734868506826516;0.0;10.8;Dropout
;0.0;7.0;-0.7920706567597425;;9.0;19.0;;-0.1973185497108095;130.0;0.0;0.6540096401493369;57789;1.0;0.5946362250040785;0.0;160.0;55319;9556.0;0.0;7.0;-0.22281921049409484;14.0;3.0;7.0;1.0;2.0;4.0;11.95;0.15434512646656093;3.7;72051.0;;-0.25191772205116547;0.0;;0.33101972480350106;0.0;15.0;0.8634199761497202;1.863694797206862;0.0;-0.889154715860938;39.0;-0.39181538253334447;12.042857142857144;1.0;-1.7;96896;-1.8557635806144948;1.0;25.0;0.5155322850373589;42934;0.01883637854669994;0.0;12.7;Enrolled
6.0;1.0;0.0;-0.21125706660095486;0.0;;19.0;1.0;-1.3940084448899723;125.3;1.0;-1.3291891318000693;10905;1.0;1.7187401597491105;0.0;133.1;16885;9670.0;0.0;;-0.3402704314091949;0.0;19.0;0.0;1.0;3.0;;0.0;0.8321256133403738;0.5;69961.0;96.0;0.31224583872439793;0.0;0.0;1.3353826977001257;;0.0;0.5308585534158851;0.586399238175763;;-0.07540049726082032;39.0;0.20457164970032737;;1.0;1.79;23106;1.8475653485417256;1.0;30.0;1.1687893483087053;50065;0.8047493301705665;1.0;12.4;Dropout
6.0;0.0;0.0;-0.08722304938288808;0.0;9.0;;1.0;-1.7215227409939768;130.0;1.0;-1.8068315021542254;61959;1.0;-0.31702961978983357;0.0;133.1;54940;9003.0;0.0;6.0;-0.6113323730472958;17.0;1.0;0.0;1.0;1.0;1.0;0.0;1.631323419561157;2.8;82072.0;93.0;0.12184295317476321;;0.0;-0.2558424571495584;0.0;8.0;-0.2753285540523256;-1.5886373525413418;2.0;-0.19143661256009895;;-1.9593918042559506;0.0;1.0;;77917;0.4881272188723444;12.0;;-2.164083689587723;54800;0.6620771366958226;0.0;;Dropout
5.0;0.0;0.0;0.35773875924586496;0.0;2.0;3.0;1.0;-1.6877753678793268;150.0;0.0;-0.22898497895304948;89374;;-0.6531929062291528;0.0;150.0;44124;9119.0;;5.0;-0.9207605125604467;0.0;2.0;0.0;1.0;2.0;;0.0;-0.28635419988434907;-0.3;83431.0;51.0;0.001737125890682154;0.0;0.0;-0.3909415304822949;0.0;;0.5198834749920122;-0.42036959000438867;0.0;1.7778058111147945;7.0;-0.7800764107150233;;1.0;;86480;-0.10707955856192525;;;0.08733681890629923;67839;1.1007618336578835;0.0;13.9;Dropout
5.0;1.0;5.0;-0.8069518751600276;0.0;6.0;3.0;1.0;-0.4138117925724948;;0.0;-1.568507838037595;30761;;-1.4981453844153232;0.0;144.0;26034;9085.0;1.0;5.0;0.5068571116919247;;3.0;5.0;1.0;6.0;1.0;15.4;0.8304809096249848;1.4;57442.0;81.0;0.10739657438636435;1.0;0.0;-0.12902212061381108;0.0;;2.235484231528939;-1.5693960291064424;0.0;0.7227780524617469;1.0;-1.9966920447743985;16.0;;1.74;36619;-0.16200724515043924;1.0;19.0;-0.48714297656389544;89893;-0.48747211480156466;0.0;10.8;Graduate
8.0;0.0;0.0;2.00870870454942;0.0;;1.0;1.0;-0.23201802111278302;128.2;0.0;1.5182689127654503;95262;1.0;1.552367006662473;0.0;140.0;57954;9500.0;;;1.9614414367255613;;1.0;0.0;1.0;6.0;1.0;0.0;0.7101624782657501;3.7;35784.0;16.0;1.0299007149287607;0.0;0.0;-0.9787143694195778;0.0;0.0;-1.4898795606710118;0.7620813660449303;0.0;0.7065642983388586;43.0;-0.6170748539780397;0.0;100.0;-1.7;53203;-2.096191876935331;1.0;39.0;-1.9240211990303109;57574;0.08480837284981095;0.0;12.7;Dropout
6.0;0.0;0.0;-0.10245830947831495;0.0;4.0;1.0;3.0;0.6825996376798916;128.1;1.0;-1.529803490494998;78682;1.0;0.42141090704854006;0.0;140.0;68561;9773.0;0.0;6.0;1.5500818898953135;6.0;39.0;5.0;1.0;1.0;1.0;11.8;0.5416691510701301;0.3;23985.0;29.0;-0.9705856489390586;1.0;0.0;-0.17500936437161274;0.0;9.0;0.48728746689145996;-0.02178270247418261;0.0;0.9200448228429111;1.0;1.1973147342872235;0.0;1.0;-0.92;61912;0.20873120229371606;;21.0;-1.33716777999237;28671;1.2483885759980713;1.0;16.2;Dropout
5.0;0.0;;-0.007687796057837668;0.0;2.0;3.0;;-0.028608035253771327;130.0;1.0;-1.0376866876706978;15283;0.0;0.4530611058943021;2.0;;45192;9991.0;0.0;2.0;0.7891769949069711;2.0;2.0;2.0;;2.0;2.0;12.5;-0.024280939838200406;3.7;61050.0;56.0;-0.14845619093090515;0.0;0.0;-1.1174080437839402;0.0;6.0;1.8320032850557326;0.0040777751627133875;;-0.5456943336936861;42.0;-1.1861163817288356;12.5;1.0;-1.7;81859;-0.5305652617159707;1.0;27.0;-0.5677744596409467;26674;-0.7052555017189515;;12.7;Enrolled
6.0;0.0;6.0;-0.6707491071343745;0.0;2.0;;;0.8433710346341847;103.0;0.0;0.4136198854746102;98894;1.0;3.11670424132392;0.0;133.1;67090;9254.0;0.0;6.0;-2.407111917968641;7.0;;6.0;1.0;2.0;5.0;15.0;-0.3995319384405037;1.4;72635.0;63.0;-1.2152777457995123;0.0;0.0;1.0250078188995784;0.0;10.0;-1.1745899960844401;-0.8423672260951439;0.0;1.3767587038676945;39.0;0.7031597458613295;;1.0;1.74;14604;0.05247484905728923;1.0;62.0;0.05881501998245523;68617;0.5725410611184019;0.0;10.8;Graduate
5.0;1.0;0.0;-1.0033767601799353;0.0;9.0;;1.0;0.04489283262282717;126.3;0.0;-0.5863639500620061;66480;0.0;0.3250447411862994;0.0;133.1;40746;9991.0;0.0;5.0;-1.8645494833922944;7.0;37.0;;;9.0;1.0;0.0;-1.0653993306026128;0.3;42968.0;63.0;0.22655692813164433;0.0;0.0;0.5436873910330179;0.0;;1.0011000918459154;-0.31556398626385346;0.0;0.15917202644307984;39.0;2.84882512731232;0.0;1.0;-0.92;30436;0.030292890634956292;1.0;26.0;1.0081028602641444;99823;-0.2191602397777503;0.0;16.2;Dropout
5.0;0.0;2.0;-0.12630317056882756;0.0;;37.0;1.0;0.013521426126866038;122.9;0.0;-1.518387969867604;29424;1.0;-1.3023214051000322;0.0;140.0;84743;9147.0;0.0;;1.0641633064952398;10.0;;1.0;1.0;;1.0;10.0;-1.1315928661217227;0.3;53091.0;59.0;-0.19552886074044024;0.0;2.0;;0.0;8.0;1.134717244566627;0.787184100612951;0.0;-0.04466526604695687;43.0;1.4535381312573497;12.0;1.0;-0.92;23487;-3.3777588153289075;1.0;;0.3543481150820647;37535;0.20587410658260533;0.0;16.2;Dropout
6.0;0.0;3.0;0.027550724189488122;0.0;9.0;37.0;;-0.5775148740084471;140.0;1.0;2.0399641600719596;80440;1.0;-0.19590357499297611;0.0;140.0;35303;9003.0;0.0;6.0;1.6193734479288204;16.0;37.0;4.0;;4.0;1.0;12.0;0.3470818234980053;-0.3;50085.0;;;0.0;0.0;-1.6292828029141895;0.0;11.0;-1.4768461549088636;1.0558321518477765;0.0;-1.2147294326374038;39.0;0.1335133803912118;;1.0;0.79;38615;0.48996505725481737;1.0;;0.9475394371676528;17943;0.08455021641444835;;13.9;Dropout
17.0;0.0;12.0;-0.08690409649534755;0.0;7.0;37.0;1.0;1.4225884603978132;134.1;1.0;-1.001633803159574;83921;1.0;-0.9747824088486532;12.0;125.0;81852;171.0;0.0;17.0;0.5537346240227772;19.0;37.0;13.0;;9.0;1.0;11.642857142857142;-0.05442251028191393;0.6;63003.0;85.0;-0.004823220549396244;1.0;;1.9016969469220728;12.0;25.0;0.7123617144181911;0.8464211199447693;0.0;-0.40161380856891304;17.0;0.8584344557964826;11.25;1.0;2.02;70568;0.18896949656526324;;24.0;0.026724335847262387;17439;-0.7882831507849641;;11.1;Dropout
5.0;0.0;2.0;1.6551559430374538;1.0;143.0;1.0;1.0;-1.5314842965779947;160.0;;-0.1962578074965492;65382;1.0;-0.3958683945827724;0.0;160.0;44359;9119.0;1.0;;-0.3055803150502574;11.0;3.0;2.0;1.0;;1.0;13.5;-0.4155073778401859;1.4;83686.0;6.0;-0.4438391334030063;0.0;;-1.5724754137934402;0.0;11.0;-0.2713159011611296;-1.5521668645160998;1.0;-1.7659388936015947;15.0;-1.3696828024367917;;;3.51;47134;0.3232700057853409;1.0;19.0;-0.7049459469369983;34666;-0.2606931921224477;0.0;8.9;Enrolled
5.0;0.0;3.0;-0.1263093513778315;0.0;4.0;1.0;1.0;0.3013102907138819;99.0;1.0;-0.20919252010603026;96772;1.0;-0.40258960275460726;;110.0;60220;9147.0;0.0;5.0;1.3523010093959922;5.0;1.0;5.0;1.0;;1.0;11.0;0.6648086262968088;1.4;49933.0;17.0;-0.24671004807272248;0.0;0.0;-1.1983080750832058;0.0;11.0;-0.060445796509853024;-0.18611602654468734;0.0;-0.24818406973979076;17.0;-1.5734146534105542;11.428571428571429;1.0;1.74;54297;-0.18341972754355415;1.0;21.0;-0.1837499538705739;95828;0.14493225207670593;0.0;;Enrolled
6.0;;0.0;-0.08592927443770275;;6.0;37.0;1.0;-0.18165046174923352;107.5;0.0;0.7103091519665778;89209;0.0;-0.5870243910670495;0.0;;16237;8014.0;0.0;2.0;0.753593771878911;2.0;37.0;0.0;1.0;5.0;1.0;0.0;-0.2004891670887745;3.7;56734.0;46.0;1.7234242136071747;0.0;0.0;-0.6208215468630901;0.0;0.0;-0.3249547252196993;0.25331345727809473;0.0;-0.5763008248085482;39.0;0.02869810907939372;0.0;1.0;-1.7;50906;0.04892337164855722;1.0;41.0;0.695517347469211;80257;-0.10272399871212885;0.0;12.7;Dropout
6.0;0.0;2.0;0.8152954784775385;1.0;9.0;1.0;1.0;0.7817545975045007;130.0;1.0;0.4623524606710589;38045;1.0;-1.393282505355397;0.0;130.0;16695;9003.0;0.0;6.0;1.1374452807333613;12.0;3.0;2.0;0.0;2.0;;11.333333333333334;-0.9131791537852285;-0.3;47466.0;;-1.5700806109387178;1.0;0.0;1.3077206919698647;;8.0;1.3126890914346314;-0.7347755893512617;;-0.3983513446261958;44.0;0.3986105634684114;13.0;1.0;0.79;10479;0.1728084159097178;39.0;23.0;1.0325621693267832;80719;1.572735949794239;0.0;13.9;Dropout
0.0;0.0;0.0;-0.17106582892920097;;9.0;37.0;1.0;-0.020829401155849088;142.8;1.0;-0.8268010377310057;21923;1.0;1.5925016336722961;0.0;162.0;99450;;0.0;0.0;-1.8565691072615604;0.0;37.0;0.0;;;1.0;0.0;-0.26649806903018347;3.7;37166.0;83.0;-0.6275161006155908;1.0;0.0;0.2255734972285734;0.0;0.0;-0.11212102039942726;-1.6590157269093422;0.0;-1.385955619240936;1.0;1.0944042842492405;0.0;1.0;-1.7;18791;0.27426308388844617;1.0;21.0;-0.1478746844438469;39955;1.0099555568163612;0.0;;Dropout
5.0;;2.0;0.5393390687308673;0.0;9.0;1.0;2.0;0.008643705615898408;120.3;1.0;-0.3258272174433068;82665;1.0;0.2988480444383938;0.0;128.0;10695;9147.0;0.0;5.0;0.34333991203171665;9.0;1.0;5.0;1.0;6.0;;10.8;0.8206298472079934;1.4;73121.0;35.0;0.0360080440000675;0.0;0.0;;0.0;;-0.463313534650632;-1.2866305462520875;0.0;0.7036034903528453;1.0;-0.5687621414013152;13.5;1.0;3.51;30443;0.4755862016210518;1.0;19.0;-0.9291152623830385;95680;0.2899804984934966;0.0;8.9;Enrolled
6.0;0.0;6.0;-1.2790447383433616;1.0;1.0;19.0;1.0;-0.2666396223097112;140.0;;-0.22692243354181574;95387;1.0;-0.22547203470023827;;133.1;59979;;0.0;6.0;1.7745711471333594;10.0;37.0;6.0;1.0;1.0;1.0;14.88888888888889;-1.0235132521759185;0.3;65510.0;95.0;-0.6364264465800669;0.0;;-0.7926274346451605;0.0;11.0;-0.44637551334220976;1.499774768702435;0.0;0.592532632681084;39.0;0.19339548436164583;13.727272727272728;1.0;-0.92;14050;0.2827627257530256;19.0;24.0;0.3356581594872362;46685;-0.7631461827195023;0.0;16.2;Enrolled
0.0;0.0;0.0;-1.2711445210993213;0.0;5.0;19.0;1.0;1.3932564041319975;135.8;1.0;0.748959498198562;36488;;0.757637829515743;0.0;141.0;51152;171.0;0.0;0.0;0.5274484304663648;0.0;19.0;0.0;1.0;10.0;1.0;0.0;0.20927681753754343;2.8;;21.0;0.49068167276395847;1.0;;-1.3759351506606998;0.0;0.0;-0.34098995588908926;-1.1914613813393433;0.0;1.6897790792438219;1.0;0.15911155655297451;0.0;1.0;-4.06;83999;1.849728827898956;1.0;19.0;0.47798096384222044;46023;-0.8240230918979533;0.0;;Dropout
6.0;0.0;0.0;0.12205856445558637;0.0;0.0;34.0;1.0;0.002405885060290071;142.4;0.0;-1.1683219148586013;59545;0.0;0.471067274849391;0.0;126.0;67255;8014.0;0.0;6.0;0.9482447316226585;0.0;34.0;0.0;1.0;0.0;1.0;0.0;-0.055425744393884174;2.6;36528.0;42.0;-0.05648543811091493;0.0;0.0;1.1326273236930104;0.0;0.0;-1.0795355199305365;0.047560698397600354;0.0;1.6614678366691877;1.0;-0.13139410557646702;0.0;1.0;0.32;99629;-0.7260149788214851;1.0;32.0;1.2327190860531176;94405;1.9738110352804106;0.0;7.6;Dropout
6.0;;0.0;-0.23161758557185033;0.0;6.0;37.0;;1.9696512116134723;150.0;1.0;2.018110556755782;55934;1.0;0.27569073274204753;0.0;140.0;10335;9130.0;0.0;;0.0363729105053298;9.0;37.0;0.0;;7.0;4.0;0.0;-0.7608098913694541;0.3;88100.0;80.0;0.25598490263034507;1.0;0.0;0.7986392610486397;;6.0;-0.4721340575694767;-0.15633499501059966;0.0;0.15620569456403222;39.0;-0.0724748761340012;0.0;1.0;-0.92;53629;-0.3749546050976894;1.0;34.0;-0.6787628729596047;78127;-1.0098854360721943;0.0;16.2;Dropout
5.0;0.0;3.0;-0.8090247815630525;;0.0;34.0;1.0;0.2722470816275358;104.0;0.0;-0.7591833874594441;40993;1.0;0.6849980727668268;0.0;120.0;26482;9670.0;0.0;5.0;0.1060751222931572;10.0;34.0;3.0;1.0;0.0;1.0;13.0;-0.2933521870394913;;82424.0;68.0;0.11782813527828451;1.0;0.0;1.3524503770923502;0.0;11.0;0.11766962470341936;-0.15378167773134244;0.0;1.023402767025942;39.0;-0.8547045026395605;11.333333333333334;1.0;0.32;69988;1.6929564307528482;1.0;24.0;-0.667797254265687;35993;0.11385961815052391;0.0;7.6;Dropout
5.0;0.0;;0.12185173402498248;0.0;4.0;1.0;1.0;0.021759840797327068;146.0;1.0;-0.008749396756593255;58438;0.0;0.13393474375865663;0.0;150.0;40492;;0.0;5.0;1.4025275423738197;5.0;4.0;5.0;1.0;2.0;2.0;14.2;-1.5716830087786549;3.7;76909.0;34.0;-0.10304539289731686;0.0;0.0;0.39681812698112423;0.0;5.0;0.40438141998251104;-0.3198614668176375;0.0;0.2613058276417852;39.0;0.27970740838496316;14.6;1.0;-1.7;15067;-0.15460259666529338;1.0;34.0;0.7561601975395755;68602;0.36094871434867937;0.0;12.7;Enrolled
5.0;0.0;3.0;0.20910009417497852;1.0;194.0;19.0;4.0;-0.14532695985443808;124.9;1.0;-1.1599894396932418;57266;;0.6702214569915914;0.0;;93105;9119.0;0.0;5.0;-0.6697883485069098;11.0;38.0;;1.0;175.0;1.0;10.666666666666666;0.10964019415733277;1.4;83396.0;18.0;-1.2908237352234886;1.0;0.0;-2.642102458555535;0.0;9.0;1.2040390578428064;0.7891370134510292;;-0.4273530067346021;18.0;0.19504998019507824;11.333333333333334;1.0;3.51;14929;0.9316378584493584;1.0;18.0;-0.40743357100910893;41532;-0.31132365148330604;0.0;8.9;Enrolled
;0.0;0.0;-0.709896877171516;1.0;9.0;1.0;1.0;0.5642468996851784;120.0;1.0;-1.2981590116406168;98678;1.0;0.7531123008777751;2.0;100.0;41473;9003.0;0.0;7.0;-0.7676391182597851;14.0;;4.0;0.0;;1.0;;-1.3647329833973596;2.8;52867.0;63.0;;0.0;1.0;-1.2445829326814521;0.0;16.0;0.24097889954175689;0.03561291905198759;2.0;-0.2781199784979977;39.0;-0.4400117659560351;0.0;1.0;-4.06;64440;0.13550487176253406;1.0;44.0;-0.4496841826791043;65710;-1.0022037645773594;0.0;15.5;Dropout
6.0;;5.0;-0.5187958244042619;0.0;7.0;19.0;1.0;-0.5883933729072061;133.4;;-0.874428409077624;40538;1.0;0.16271873503280307;4.0;125.0;61404;9070.0;0.0;6.0;-0.4782140247713908;6.0;19.0;4.0;1.0;8.0;1.0;13.0;1.0724372172227898;-0.3;66519.0;16.0;-1.7634088358940716;;0.0;0.4648713058467087;2.0;7.0;-0.4744697295968686;-0.625654659955958;;0.6389205338864677;43.0;0.6657742660235674;12.2;1.0;0.79;79530;-0.22781183638968291;1.0;19.0;1.2541398701402435;22345;-0.784896639006487;0.0;13.9;Enrolled
7.0;1.0;0.0;0.2166165494428912;0.0;90.0;1.0;;0.14574239903903685;127.8;0.0;-0.9705232176642551;23405;;-0.22039449349611565;0.0;141.0;61594;9500.0;0.0;7.0;0.02344640246961203;7.0;;;1.0;3.0;;0.0;-0.09197242303418851;2.6;;82.0;-0.6719609816298433;0.0;2.0;;0.0;7.0;-1.0110399938149581;0.05134382423519605;2.0;4.087923070821299;1.0;1.027831588432296;0.0;1.0;0.32;93630;0.9862482232621212;1.0;19.0;-1.3710056062811726;13624;-0.5465050023040284;0.0;;Dropout
6.0;0.0;0.0;-1.0210784513196292;0.0;9.0;19.0;1.0;0.00813701410781842;107.8;1.0;-0.4142570241548305;50989;;1.5303978014539088;0.0;160.0;47293;;0.0;6.0;-1.6100889113347416;10.0;1.0;0.0;;5.0;;0.0;-0.5718136565692742;2.8;80467.0;97.0;0.4892052860226557;1.0;0.0;-0.5588419669281268;0.0;8.0;0.29448688080660185;-1.2775441638102956;0.0;1.1668738348254042;;0.6773762959754626;0.0;1.0;-4.06;42499;0.5184225573940461;;27.0;2.056203139775511;96740;-0.7094928690977791;0.0;15.5;Dropout
5.0;0.0;4.0;-0.6040328674416809;1.0;9.0;37.0;;0.32524769926518965;141.4;1.0;-0.9789650287637407;22746;0.0;-0.4779015397734336;0.0;121.0;84618;;0.0;5.0;0.7310589303796748;7.0;19.0;4.0;0.0;9.0;2.0;11.25;1.1605593280564532;1.4;11581.0;10.0;1.1896875357084293;0.0;0.0;-1.1032267648895286;0.0;8.0;-0.11737078075783812;0.4759445972538914;0.0;0.24640731449164488;39.0;-1.0424433200607244;11.8;1.0;1.74;47665;-1.5340098375148419;1.0;29.0;-0.6126354131078269;16455;1.3277203931809305;0.0;;Dropout
11.0;0.0;10.0;0.5339351405586664;0.0;4.0;1.0;1.0;0.35003032626175484;120.0;0.0;0.6955524212942098;24081;1.0;0.3913136004273458;3.0;143.0;74188;9070.0;0.0;10.0;-0.1642468860721937;;;10.0;1.0;4.0;1.0;13.0;-1.031848844224768;0.6;55767.0;49.0;2.349416125281837;1.0;0.0;0.9475895674145403;5.0;11.0;-0.0843172440141746;-0.6809668503361826;0.0;0.4837915583895675;51.0;0.09964576686199166;;1.0;2.02;81680;0.17349316845299767;1.0;21.0;0.8667284028007121;46114;-0.00912599347262875;0.0;11.1;Dropout
8.0;0.0;6.0;-0.023836029992347244;0.0;4.0;19.0;6.0;0.40199488018391305;128.5;0.0;-0.782983895318375;67152;1.0;0.41390841073906653;0.0;139.0;49967;9500.0;;8.0;0.8536892601109091;10.0;38.0;6.0;1.0;9.0;1.0;13.066666666666668;-0.7476829058353383;;28485.0;86.0;-0.4282539784040572;1.0;0.0;0.4561926374143078;0.0;10.0;0.26252951714809775;-0.6233711527696916;0.0;0.47486844266209993;1.0;-0.9114315628634524;13.066666666666668;1.0;-1.7;22668;-0.9950616743737619;1.0;19.0;-0.10879966192537474;27573;-0.5238011011476121;0.0;12.7;Dropout
5.0;0.0;0.0;-0.4772028439558794;;7.0;38.0;6.0;0.09490474617329202;134.3;1.0;-0.8938154934519152;86017;1.0;-0.6095578522636356;0.0;142.0;37391;9147.0;0.0;5.0;-2.119069926527292;0.0;37.0;0.0;1.0;7.0;1.0;0.0;-1.8292466620316457;1.4;63603.0;74.0;-0.8651246302201088;0.0;;0.5011912229081226;;0.0;0.5193890812447299;0.5130475370809681;0.0;-0.09028908183258547;1.0;0.09655474629983324;0.0;1.0;;95481;1.2711526012530427;1.0;21.0;0.27136228487213593;11346;0.10695804386720552;1.0;;Dropout
5.0;0.0;3.0;-0.9030693189820551;0.0;4.0;1.0;3.0;1.568943492349374;150.0;0.0;-0.3929688641172687;20413;1.0;-0.8078223853114933;0.0;150.0;35001;9085.0;0.0;5.0;0.8575230264849487;10.0;19.0;1.0;1.0;1.0;1.0;13.0;1.309506304332777;3.7;35314.0;15.0;0.5222835508601883;1.0;0.0;-0.6336022487850572;0.0;8.0;0.26973522413647033;-0.40731591460675676;1.0;0.7564700217383904;44.0;-0.9075366970199139;;;-1.7;36788;1.7535900415141208;39.0;19.0;-0.2627864997617623;77468;0.6679559052949144;0.0;12.7;Enrolled
0.0;0.0;0.0;-1.0132113517723982;0.0;3.0;1.0;;0.4225688161824838;138.3;0.0;0.9928388786962945;45065;1.0;-0.353852020869851;;140.0;94116;171.0;0.0;0.0;1.3368949439531288;0.0;3.0;0.0;1.0;3.0;1.0;0.0;1.872865696593197;0.5;96791.0;;1.8699688148286506;;0.0;0.17628775889980952;0.0;0.0;-0.17051810324470135;-0.3510161545618694;0.0;-0.15546343262097842;1.0;1.2771633373547857;0.0;1.0;1.79;12391;1.87397219999096;1.0;18.0;0.8565766520329738;35476;-0.34461970605757986;0.0;12.4;Enrolled
;0.0;;-0.13175548147046773;1.0;9.0;;1.0;2.605986288359328;150.0;0.0;0.2148761736103992;26491;1.0;-0.4922168531756078;0.0;150.0;21330;;0.0;3.0;0.43854783400172864;3.0;19.0;;0.0;5.0;1.0;0.0;-1.6735939781920588;1.4;20630.0;25.0;1.532744792760907;0.0;0.0;-1.337764926196481;0.0;0.0;-0.801381804043432;1.1676302353146817;0.0;-1.0115116958690493;;0.7833314690198421;0.0;1.0;3.51;81134;0.35751352549802157;40.0;;-0.34732387401956655;81850;0.9019812951759152;;8.9;Dropout
6.0;0.0;4.0;2.0258125232364974;0.0;3.0;1.0;1.0;0.04985140856587265;112.4;1.0;-0.09968952988746987;52030;1.0;-1.4581305616388653;0.0;111.0;25238;9254.0;0.0;6.0;0.03001898816790852;10.0;1.0;6.0;;3.0;1.0;12.333333333333334;-0.8157724406166661;0.5;84016.0;61.0;-1.0350792052418814;1.0;0.0;-0.12982798084619354;0.0;9.0;-0.6127847688760355;-0.9731877335722324;0.0;0.4816617558317295;1.0;1.1529893053423892;13.0;;1.79;96785;-0.4615676483544236;1.0;;-0.5729464718451013;59471;-1.2711467743565588;0.0;;Graduate
6.0;1.0;5.0;0.565786642407897;;99.0;34.0;3.0;0.9589132924551746;133.1;0.0;-1.433044769968679;63162;1.0;-0.6514950825192756;0.0;153.0;33564;9773.0;0.0;6.0;0.8652032993368507;8.0;34.0;6.0;;99.0;1.0;12.166666666666666;0.06981358150805178;-0.8;;22.0;;;0.0;-2.527929578593109;0.0;8.0;0.8482598251254296;0.4983850017127485;0.0;0.6153371413761288;17.0;1.0517220901954962;12.4;1.0;-3.12;53349;0.32175834582544766;1.0;19.0;1.8133418258699916;68249;1.1713036321164139;0.0;9.4;Dropout
;0.0;2.0;-1.3328642428947526;0.0;9.0;38.0;1.0;-0.7260492083746808;117.8;1.0;-1.1427084598637094;91860;1.0;0.26622298463456223;0.0;;84979;9254.0;0.0;;1.2714282587409156;10.0;19.0;4.0;;4.0;;12.75;-0.5156941370086527;1.4;99631.0;1.0;;0.0;0.0;-1.568116139134555;;12.0;-0.4235862383967205;0.949524027320979;0.0;-0.145805254771309;;-0.27059971157366486;;1.0;1.74;24918;-0.9397245366807451;1.0;19.0;0.029382697013691877;70179;-0.008952339772220732;0.0;10.8;Enrolled
6.0;0.0;4.0;0.7072161673989564;;;3.0;1.0;1.4007892553113035;134.9;0.0;-1.2784099400396236;90483;1.0;1.2659435841485986;;144.0;71927;9130.0;0.0;6.0;0.5229265678434162;13.0;1.0;6.0;;4.0;1.0;10.857142857142858;-0.03131500614289812;2.8;39346.0;50.0;0.9197111524363613;1.0;0.0;-0.32231184425201137;0.0;10.0;-1.3460427924374614;1.1668971989716457;0.0;0.30985801883708297;1.0;-0.4256097435274256;;1.0;;23626;2.3454988004422903;;;-0.6756955610195405;27285;-0.04801235175172841;0.0;15.5;Dropout
;1.0;6.0;-0.7588866078976103;0.0;3.0;;1.0;-0.7042839367744695;114.5;1.0;1.3068512236723466;91629;1.0;0.5543913351736333;0.0;;96993;9254.0;;6.0;0.5976411809793231;8.0;1.0;;1.0;3.0;1.0;;-0.11759794171030778;0.6;73452.0;;0.5918619238457106;0.0;;2.375118146274932;0.0;8.0;1.1595746815122325;2.1765200188422615;0.0;0.960889685306482;17.0;1.741723828700153;14.428571428571429;1.0;2.02;36750;1.1943570308133193;1.0;22.0;-1.4902865899118987;51027;-0.6930143244648528;0.0;11.1;Graduate
;;;-0.00485737660663185;0.0;4.0;1.0;1.0;0.455878017956095;138.6;;0.5305631231316476;48018;1.0;-2.599534498370238;3.0;140.0;74965;9238.0;0.0;6.0;1.6569418741662927;7.0;1.0;6.0;1.0;3.0;;12.333333333333334;0.4075518601783045;-0.3;12722.0;;-0.4487485840091213;0.0;0.0;-1.8007430734248644;2.0;6.0;-0.9423784922308193;-0.642140238478162;0.0;-0.05181008048743888;44.0;-0.16511965017241503;14.0;1.0;;58040;0.3045263510920115;;22.0;1.8655780310359804;79984;-1.2278501305134135;;13.9;Dropout
6.0;0.0;2.0;-0.5888606044837659;;9.0;19.0;2.0;-0.26442720156412625;100.0;1.0;-0.8616205089241941;80926;1.0;0.6413037147573276;;133.1;54256;9085.0;0.0;6.0;0.7611569856467785;10.0;38.0;;0.0;1.0;1.0;12.5;-0.9609654939539469;0.5;70921.0;58.0;0.5829652179073281;1.0;0.0;-1.2435805925398629;0.0;19.0;0.03524710380702231;-0.8679358332951316;0.0;-0.447004057474871;17.0;-1.354580642471999;13.5;1.0;1.79;66424;0.9970491955165695;1.0;19.0;-0.5519253764552517;31079;-1.666671935815391;0.0;12.4;Dropout
0.0;0.0;0.0;2.0227548128740014;0.0;2.0;;1.0;0.4520077971168826;162.5;;-0.5643716438256554;36158;1.0;-0.5581517858957178;0.0;;13623;171.0;0.0;;-0.8002591327204994;0.0;3.0;;1.0;2.0;1.0;0.0;0.19265965024424375;0.3;;59.0;0.9293508048769927;1.0;0.0;0.21677479669281008;0.0;0.0;0.49116308520945146;0.8172154514091747;;-0.7093161035626799;1.0;1.007466733665825;;1.0;-0.92;72840;-0.4917241248613628;1.0;19.0;2.0618382385011476;20212;-0.7627766689497861;0.0;16.2;Dropout
8.0;0.0;;-1.134107911714913;0.0;4.0;;4.0;-0.2347962368714901;127.5;0.0;-0.8252901762373339;12701;1.0;0.453080074687763;0.0;140.0;88898;9500.0;0.0;;1.2666419019075918;0.0;19.0;0.0;;5.0;1.0;0.0;-1.1161274229091975;3.7;;1.0;;0.0;0.0;1.769422906014603;0.0;0.0;0.003218375537777873;0.9402411138673578;0.0;-0.25378546587342266;1.0;0.14377566826372068;0.0;1.0;-1.7;74432;-1.1079580912024547;1.0;18.0;0.3988543514128821;47311;0.5876732206023524;0.0;12.7;Dropout
5.0;0.0;2.0;0.3136122561354609;0.0;5.0;38.0;2.0;-0.789252893921216;141.0;;-0.8858612163807086;93688;1.0;-0.014135259210628073;;149.0;70277;9119.0;0.0;5.0;-0.12372128983951212;9.0;;;1.0;5.0;1.0;11.666666666666666;-0.41185791603157335;2.6;80587.0;100.0;1.3302358991105523;0.0;2.0;0.20217249698807344;0.0;9.0;-2.4781378957115345;-0.790734647757433;0.0;1.534891904244907;;1.5059441239789821;12.5;1.0;0.32;31674;-2.2132533906734295;1.0;18.0;0.14288520030245128;90461;-0.9612784223046619;;;Enrolled
7.0;0.0;5.0;-0.6853238042512505;1.0;1.0;19.0;1.0;-0.2715922897977846;114.0;0.0;0.46030103121618055;91572;1.0;-0.19268762608682777;0.0;100.0;16440;;0.0;7.0;0.033283008602781175;8.0;1.0;5.0;0.0;90.0;1.0;;-1.7367513275100213;;53788.0;1.0;;1.0;;0.7021418523041564;0.0;8.0;0.39048799660672645;0.48480449122961533;0.0;-0.19835921067804438;39.0;0.2429696779808486;12.56;1.0;0.32;25320;0.08305676139963457;1.0;31.0;0.16984381232799758;38970;-1.548448185724309;0.0;7.6;Dropout
5.0;0.0;1.0;0.7388280793765873;1.0;9.0;19.0;1.0;1.5415801241416462;110.3;1.0;-0.2875362207843132;26292;1.0;-0.10223572796214128;0.0;139.0;97369;;0.0;5.0;0.106880427423625;12.0;;1.0;;7.0;1.0;10.0;-0.40454819145156884;1.4;40576.0;21.0;-0.7419614995316888;0.0;0.0;-0.33760375067647724;;11.0;1.3264632501254123;2.7242068606991174;0.0;0.35945008955460284;39.0;-0.020001487346713052;11.0;;3.51;95622;-0.20815442374982535;;24.0;2.2159509392766945;44629;-0.9090653108377865;0.0;8.9;Enrolled
6.0;0.0;1.0;0.29345382006287296;1.0;9.0;;1.0;0.46727626850514764;129.2;0.0;2.0811677442974634;26986;1.0;-0.02242430826978004;0.0;125.0;65852;9853.0;0.0;6.0;0.9688678676558728;12.0;37.0;3.0;0.0;9.0;1.0;10.333333333333334;-0.5727375829079747;1.4;74170.0;73.0;0.9249098283594475;1.0;0.0;-0.5106215889393767;0.0;14.0;0.7865322279998569;0.10466440630646483;0.0;-0.32447837374768584;1.0;1.5261208087746898;11.0;1.0;1.74;22314;0.5192892810931562;;20.0;-2.1922185694208616;21365;-0.38483331750431515;0.0;10.8;Dropout
6.0;;5.0;1.2545526461520247;0.0;9.0;37.0;;-1.2888500298791312;133.0;0.0;1.2503598245169982;91632;1.0;1.3444049720902438;0.0;141.0;65783;9853.0;0.0;6.0;1.7488529076562365;;19.0;;1.0;5.0;;12.4;0.9435793567386618;-0.8;91208.0;30.0;0.8131136554844498;1.0;0.0;0.08218435206775646;0.0;12.0;-2.123993981995468;0.923498804914873;0.0;-0.4102309858272735;1.0;-1.5384663450369873;10.4;1.0;-3.12;55866;0.013072700444952321;1.0;18.0;0.21434151950750518;75437;-0.34550122266235284;0.0;9.4;Dropout
6.0;0.0;;0.7181177946558434;0.0;4.0;19.0;1.0;1.0953827012400599;140.0;1.0;1.3094803404667223;49445;;-0.019660187085087422;;140.0;42060;9003.0;0.0;6.0;0.024421442112682986;17.0;19.0;2.0;0.0;4.0;1.0;12.5;-0.059260072319601446;0.3;42344.0;66.0;0.8511526527737022;1.0;;-0.6582893906261043;0.0;10.0;2.127244323002701;1.5767373855999285;0.0;-0.8793021850031161;44.0;-0.5853623046030073;0.0;1.0;-0.92;35788;0.47388526124202135;39.0;21.0;-0.2652036075300573;40378;-0.12889290824276448;0.0;16.2;Dropout
;0.0;0.0;-0.6935338688735108;0.0;4.0;1.0;1.0;-0.8915141803272791;127.9;1.0;0.6713569749481262;81081;1.0;1.0855361331812003;0.0;117.0;39763;9070.0;0.0;6.0;1.7312621101124852;6.0;37.0;0.0;1.0;7.0;1.0;0.0;0.12250323310381701;-0.8;86750.0;32.0;1.5759730544406805;1.0;0.0;0.7242693387177451;;6.0;-1.3258515519343088;2.5037461496038547;0.0;0.10027392890704176;18.0;-0.8873629718552081;0.0;;;75812;0.8110834004954379;;20.0;-0.213093385083063;25254;1.0326063460518784;0.0;9.4;Dropout
8.0;0.0;8.0;2.916202577533427;0.0;7.0;1.0;;0.743359288058152;129.9;0.0;-0.4226590705071891;91268;1.0;0.9399058658456572;0.0;140.0;42787;9500.0;0.0;7.0;0.16458831277057775;8.0;19.0;7.0;1.0;7.0;1.0;12.92875;-0.02245202849718196;2.8;49937.0;77.0;-0.01046177906983961;1.0;0.0;-1.606271898945584;0.0;8.0;-1.0784194596445453;0.24569963129567643;0.0;-0.5170863335693948;1.0;-2.1950797785732843;14.0625;1.0;-4.06;39303;-1.460181103683431;1.0;18.0;0.14931185214190373;19184;1.2492544380914892;0.0;15.5;Dropout
5.0;0.0;0.0;0.5554261336510725;1.0;0.0;34.0;1.0;0.5531651475959057;161.8;1.0;0.5977908845295841;59098;0.0;0.667045547583653;0.0;160.0;14509;9991.0;0.0;5.0;1.4021679437229746;8.0;34.0;2.0;1.0;0.0;1.0;10.5;-2.129108844405882;2.6;90043.0;7.0;0.33152131582290795;1.0;0.0;0.8899870325668338;0.0;;0.7818775935372912;1.2530335458505526;0.0;1.2736645775398245;17.0;0.8731764280166031;0.0;1.0;0.32;19039;0.8688997100233145;1.0;33.0;-0.2662541494961267;38285;2.005462505389322;0.0;7.6;Dropout
7.0;0.0;1.0;-0.5506619488285118;0.0;9.0;37.0;;0.6163104662513545;100.0;1.0;-0.34883269452865795;18553;1.0;-1.7866188201296775;4.0;133.1;50532;9003.0;0.0;10.0;0.1984330715341201;10.0;37.0;4.0;;9.0;2.0;11.5;-1.996946260171668;2.8;68405.0;;-2.6387282551601836;0.0;0.0;0.03931301230275213;1.0;8.0;0.45284145089231687;-0.7884941162609094;0.0;-0.1075022439989897;39.0;-0.557418413982939;12.0;1.0;-4.06;38639;-0.40658025335750725;1.0;44.0;0.1881306671883057;28310;-1.6249073166985684;0.0;15.5;Dropout
6.0;;;0.20554039284621972;0.0;7.0;37.0;1.0;1.85318916616818;140.0;1.0;1.6302760507283627;64000;1.0;1.1166326561616067;0.0;;15611;9070.0;0.0;6.0;-0.49242365645737324;6.0;37.0;1.0;0.0;7.0;;10.0;-0.31867763338080446;;;4.0;1.1158226965743765;0.0;0.0;-0.21472086860086348;;6.0;0.08033510523980861;0.024880944473693396;0.0;-0.04453070752733741;7.0;0.9053680416465748;0.0;;-4.06;19051;0.5175788540590545;3.0;30.0;-0.02357746215505412;54574;-0.8558839203363346;0.0;15.5;Dropout
0.0;0.0;0.0;0.6308336267692929;0.0;7.0;;1.0;-0.8286409249020154;118.0;1.0;0.40427938304992056;21979;1.0;-0.45790129413558806;0.0;133.1;63709;171.0;;0.0;1.922099067766753;0.0;37.0;0.0;1.0;7.0;1.0;0.0;0.2785599881738056;0.6;71940.0;;;0.0;0.0;-1.6429845601864217;0.0;0.0;-0.5694062421964425;-0.4464524748997815;0.0;-0.18018156327033408;1.0;0.389086491234604;0.0;1.0;;25417;1.0222268248278585;;22.0;-1.313558178184649;48376;0.6984851570597541;0.0;11.1;Dropout
6.0;0.0;0.0;0.5927944789352382;0.0;4.0;1.0;1.0;0.6107947758868288;110.0;1.0;0.26236035860301515;71914;1.0;0.7157272810747723;;133.1;28634;9003.0;0.0;6.0;-0.5878847987803951;;37.0;3.0;1.0;7.0;;14.4;-0.23486519272011225;0.3;82592.0;12.0;1.3560343047847265;0.0;0.0;-0.9797886719978697;0.0;20.0;1.3308567282298165;-1.8853406671493753;0.0;0.3710641439095226;39.0;0.6071424666276842;0.0;1.0;-0.92;52552;1.0290942410209682;1.0;31.0;0.3813660378108791;54671;-0.4540312155250251;;;Dropout
;0.0;5.0;0.4960280976167785;0.0;9.0;19.0;1.0;1.2595886124323863;130.4;1.0;0.12707266242950907;61844;1.0;-0.9725328332404135;0.0;132.0;65440;9130.0;0.0;6.0;-0.6548090781688128;6.0;38.0;6.0;1.0;9.0;1.0;;-0.8640589749334503;1.4;87512.0;54.0;-0.9366804071695294;;0.0;1.1986514731331785;0.0;9.0;-0.039325850181639976;-1.6030337728222812;0.0;1.4909097638719988;1.0;-0.4553994808406475;13.2;1.0;3.51;97371;0.1291528163275482;1.0;18.0;0.7160544516995808;43014;0.8607864698492321;0.0;8.9;Graduate
6.0;0.0;0.0;0.9664821539213713;0.0;6.0;37.0;1.0;-0.6433417016248717;;0.0;1.7402664273608581;49354;0.0;-1.1850740433032558;0.0;130.0;43599;8014.0;;6.0;-1.2560402955443224;0.0;;0.0;1.0;5.0;2.0;0.0;-0.24031311936570296;-0.8;45007.0;2.0;0.9620453857951156;1.0;0.0;-0.2085989980333654;0.0;0.0;-1.5658170096245527;0.43003257282928253;0.0;-1.0397760669513307;39.0;-0.7642481439850484;0.0;1.0;-3.12;28304;0.178475826673812;1.0;36.0;-0.5420656175080836;18747;0.207113430114827;0.0;9.4;Dropout
6.0;0.0;1.0;0.8681710096026315;0.0;7.0;19.0;1.0;-0.7457535805149944;121.0;0.0;-1.4337503338367856;52093;1.0;1.9763887368311992;0.0;;35044;9238.0;0.0;6.0;1.2672675192023608;13.0;38.0;1.0;1.0;5.0;1.0;10.0;-0.32708553404439455;-0.8;77128.0;49.0;1.0187492964379552;;;0.27839846587282113;0.0;13.0;1.2322999499784633;0.44968892598291926;0.0;0.2778097404655912;;0.08976087521972068;;1.0;-3.12;81825;0.891912232023792;1.0;20.0;1.8678960782240706;79949;1.579204210036799;0.0;;Enrolled
6.0;0.0;6.0;-0.8475661662360984;0.0;9.0;37.0;1.0;-0.28718753877243436;124.2;0.0;1.8382878276687262;96596;1.0;-0.9569830668381143;0.0;128.0;23028;9773.0;0.0;6.0;1.5034472994333248;8.0;1.0;5.0;1.0;7.0;1.0;13.0;0.7790032488823733;2.8;72389.0;90.0;-0.650916612739569;1.0;;-0.8795320133153465;;7.0;0.21928499296717477;-1.041628580059711;0.0;-1.5687803216711804;;0.9191681833081691;;1.0;-4.06;56843;-1.5011761604116665;1.0;18.0;1.3355717456640939;59348;1.0427161139326862;;15.5;Dropout
6.0;1.0;5.0;2.108054104007238;0.0;;3.0;3.0;0.32473303582206753;129.0;0.0;-0.18615380745413765;45070;1.0;1.1461066390517474;0.0;136.0;44554;9773.0;0.0;6.0;0.3731298413534266;7.0;1.0;6.0;1.0;3.0;;14.0;0.7230199818658054;-0.3;63243.0;;1.0559644269640553;;0.0;-0.029054636225450865;0.0;8.0;1.1150067072879695;1.557385362131891;0.0;1.2232082433674987;1.0;-0.05038200548374193;12.2;1.0;0.79;98200;-0.9515790549470062;1.0;;0.8439522991711713;26595;1.0610166265589815;0.0;13.9;Dropout
8.0;0.0;8.0;1.9688878175502142;0.0;4.0;;1.0;-1.4104762739609518;145.0;0.0;-1.4061489758156511;86407;1.0;0.11842032143652105;0.0;;16219;9556.0;0.0;7.0;-0.9838731360380362;10.0;1.0;6.0;1.0;5.0;1.0;12.125;-0.553414527643637;2.8;30150.0;83.0;0.4630407110329685;0.0;0.0;-1.3721520481199794;0.0;9.0;0.5725486234558245;-1.1099815971120328;0.0;-0.10813768092655154;;-0.7019363226322926;13.3125;1.0;-4.06;56842;-0.27925672802191903;40.0;25.0;0.8318207440280142;16760;-0.4118716086936958;0.0;15.5;Enrolled
6.0;0.0;;0.8009648952398705;0.0;9.0;38.0;1.0;0.5514019908583155;108.7;1.0;-0.752209731643056;82868;;-0.4201200583601715;0.0;;32457;9238.0;;6.0;-0.0067787857349241665;9.0;;5.0;1.0;;1.0;11.0;-0.049924253849210225;0.6;51894.0;30.0;-1.6980117737290348;1.0;;0.09988225428788719;0.0;12.0;2.391622746205688;0.25726895950847095;0.0;-1.494912666460992;1.0;-1.1990180913983586;0.0;1.0;2.02;19329;-1.3327940776341116;1.0;18.0;0.030096952609887723;94572;-0.09746084596827183;0.0;11.1;Dropout
4.0;0.0;0.0;0.03869671755062007;0.0;2.0;;2.0;-1.4083867417457268;125.4;1.0;-1.6508072627235828;99646;0.0;-0.04482888433020653;0.0;133.1;51737;;;2.0;-0.3026193510081048;5.0;1.0;0.0;1.0;;4.0;0.0;0.2761992861924088;;28424.0;51.0;0.5844808204699021;0.0;0.0;0.37064089727020477;0.0;4.0;-0.30997027179222764;-0.41523945734530465;0.0;-1.2757731393148912;43.0;0.204163015323827;0.0;1.0;1.74;46924;-0.2717167640385787;38.0;39.0;1.1413721047344205;93130;-0.30525345756735606;0.0;10.8;Dropout
5.0;0.0;2.0;0.05588588271138951;0.0;1.0;19.0;1.0;1.2933308258074465;131.5;0.0;0.65365674558564;90520;1.0;-1.3010944965313112;0.0;121.0;66927;9085.0;0.0;5.0;-1.0304685970840004;10.0;37.0;0.0;1.0;3.0;1.0;0.0;0.42464439544068067;;22295.0;89.0;-0.767206863428331;0.0;0.0;0.3206147271850177;0.0;9.0;0.01609324132121902;0.10694802421762101;;0.8138900570924817;17.0;-0.5540675349285377;13.5;;0.32;16801;-0.3263489471352493;1.0;21.0;1.5707546120621019;26986;-1.5058921436499069;0.0;7.6;Dropout
8.0;0.0;0.0;-0.32376439479464314;0.0;9.0;19.0;1.0;0.5137668280901231;;;-1.0382929503465195;65914;1.0;-0.013754379609230549;0.0;131.0;51375;9500.0;0.0;7.0;-0.48889156318608895;0.0;37.0;0.0;1.0;9.0;1.0;;1.6525980907904427;;94924.0;1.0;-1.6759319146115572;1.0;0.0;-0.9035848304901618;0.0;0.0;0.7198306439597918;0.8985332666128548;0.0;-1.664631946527205;17.0;-0.0717405873897399;0.0;1.0;-4.06;29972;0.08710658656117275;1.0;19.0;0.8080240128119485;47958;1.4717692554955328;0.0;15.5;Dropout
6.0;0.0;5.0;-0.19438422496149219;0.0;5.0;37.0;;1.913139872135604;132.5;0.0;0.16866766620470017;99227;1.0;-1.0827403138959595;0.0;150.0;19183;9853.0;0.0;6.0;0.5057356512970363;9.0;37.0;4.0;1.0;6.0;1.0;12.25;-0.028147631341616082;1.4;75152.0;1.0;0.3665532755666423;1.0;;-0.3420509841005016;0.0;8.0;-0.30379228580670764;0.7573420163106529;0.0;0.27828867384120826;17.0;-0.23877878224865942;11.6;1.0;1.74;58237;-0.056883429106975913;1.0;22.0;-0.5702833418123653;62412;0.7453873088432121;0.0;10.8;Enrolled
8.0;1.0;;-2.1867844148980407;0.0;5.0;;3.0;0.668783760609298;124.9;0.0;1.1342170301658476;73037;1.0;-0.39544379431398563;0.0;138.0;74882;9500.0;0.0;7.0;-0.6051688271835238;9.0;19.0;7.0;1.0;8.0;;13.2375;1.1687448042065185;;59392.0;98.0;-0.06533070309746135;1.0;0.0;0.5371941459816314;0.0;9.0;0.8026377088302911;0.7078422637714546;0.0;-0.4285464890314375;1.0;-0.4444309746845453;13.742857142857144;1.0;0.79;91000;1.0693485294074356;1.0;18.0;-0.03968143828660047;49516;-0.3450271240809377;0.0;13.9;Dropout
6.0;0.0;2.0;1.5302634529129135;1.0;9.0;38.0;5.0;-0.30476045112099215;120.3;0.0;-0.6720169285661368;21066;1.0;0.925299563969576;0.0;128.0;48121;;0.0;6.0;0.29173388315108983;;37.0;3.0;0.0;;1.0;11.666666666666666;-1.1600830776436029;1.4;49767.0;51.0;1.403813571030907;1.0;0.0;-0.21143759527809844;0.0;10.0;-2.947413065987675;0.5801556274167156;0.0;-0.19475846606289407;1.0;0.29380356075951225;11.0;1.0;1.74;65301;0.5730046944931119;1.0;20.0;0.5736700329760898;85267;1.3045925074599731;0.0;10.8;Dropout
5.0;0.0;0.0;1.1774536416288233;0.0;;37.0;1.0;-0.7986771352176636;140.0;0.0;-0.2681036930243923;18670;0.0;0.2541906765576573;0.0;140.0;66408;8014.0;0.0;5.0;-1.7763221997413345;9.0;12.0;0.0;0.0;4.0;1.0;0.0;-0.6376738245507104;-0.8;16450.0;;0.18171912104048785;0.0;0.0;-0.28730538234011005;0.0;10.0;-0.07278325582567634;-1.2727444417427711;0.0;-0.6738460173635946;7.0;0.554504084144107;0.0;1.0;-3.12;42824;-0.07103127543766262;3.0;26.0;0.8377449040461442;61928;-0.6303676467471555;0.0;;Dropout
5.0;0.0;5.0;-1.6766867924324076;0.0;;37.0;1.0;0.2388910580778623;138.3;1.0;-1.3033666099160157;70861;;-1.4821704988805215;0.0;133.1;98062;9991.0;0.0;5.0;1.6791810577968311;9.0;;3.0;1.0;;2.0;11.333333333333334;-2.135824417011362;-0.3;41598.0;66.0;0.7785193267370195;0.0;0.0;1.9034676086255564;0.0;;-0.10299246866645724;1.134529631249673;0.0;-0.9528499471404925;39.0;1.9652789446507835;11.142857142857142;1.0;0.79;67163;-0.33326235518453345;19.0;44.0;-0.07747721454355075;33886;-1.8381344684552756;0.0;13.9;Dropout
6.0;0.0;;0.8899879148694443;0.0;7.0;1.0;1.0;-0.030250588477874818;129.9;1.0;-0.3883571089511976;57669;1.0;0.8514881269138698;0.0;132.0;14371;9670.0;0.0;6.0;-0.39141157852714514;10.0;19.0;6.0;1.0;5.0;1.0;12.714285714285714;0.15130654000973548;0.5;27756.0;93.0;0.5088093660501498;1.0;0.0;-0.9509891188661246;0.0;8.0;-0.13921521348813812;-1.0602884937632253;0.0;-0.487436633439159;;0.7579677146845119;13.0;1.0;1.79;31988;-0.047558109910481226;1.0;20.0;-0.5668085471070716;80349;1.0073697528936145;0.0;12.4;Enrolled
5.0;0.0;0.0;-0.007714607881930434;0.0;9.0;19.0;2.0;1.1861390348772767;102.5;;2.574023625273372;88419;0.0;-0.007099761909142564;0.0;;98989;9991.0;;5.0;0.8702488839740117;;38.0;0.0;0.0;9.0;1.0;;0.647523954858833;2.8;58437.0;60.0;1.0209573546927946;0.0;0.0;1.0804184680889826;0.0;5.0;-0.8769269485084461;-0.10603409184998419;0.0;0.5719701683391512;39.0;1.5936823294741405;0.0;1.0;-4.06;18393;-0.02986104290864268;1.0;27.0;1.5842069873778322;88732;-1.2785602331159973;0.0;15.5;Dropout
5.0;0.0;0.0;-0.1990461393156687;;;1.0;1.0;-0.9286188163548493;114.0;;0.7779331641104418;58422;1.0;-0.5421852684093387;0.0;133.1;95645;9147.0;0.0;5.0;0.18868502143664276;5.0;19.0;1.0;0.0;7.0;5.0;13.0;-2.555385109746432;1.4;51520.0;27.0;-0.8864073450402452;0.0;0.0;;0.0;5.0;0.9061228385462992;-0.35132692133545923;0.0;-0.29258364903458406;39.0;-0.8186003714017367;0.0;1.0;;76039;2.5187562908851855;1.0;29.0;-1.0723197145189576;16258;-0.1957754656239834;0.0;8.9;Dropout
6.0;;0.0;0.49284150856407644;;90.0;1.0;1.0;2.020902000460979;119.0;1.0;-0.2647304188936049;31646;1.0;0.746676303908931;0.0;126.0;56616;9670.0;0.0;6.0;0.4024981175535025;10.0;1.0;1.0;1.0;90.0;1.0;12.0;0.18828636759084047;1.4;96701.0;45.0;0.1985366301126829;1.0;0.0;0.6547810857714145;;0.0;-0.5044448237719364;0.3501232926227364;1.0;0.4212327050194073;1.0;-1.6009447707270237;0.0;1.0;1.74;85940;-1.4575272127511913;;;-0.9413317556329183;86620;0.2061230407837602;0.0;10.8;Dropout
6.0;0.0;4.0;-1.7427871893371167;0.0;9.0;19.0;1.0;1.274776941714994;116.3;0.0;-0.6116880361817151;87141;1.0;-0.16720683697700237;0.0;117.0;12441;9254.0;0.0;6.0;-1.1319843934767664;;19.0;4.0;1.0;9.0;;12.6;0.6042103472318449;3.7;86129.0;38.0;;1.0;0.0;0.7081525581239733;0.0;6.0;0.20027440007198594;-0.4847152463755395;0.0;-0.24223983533155816;1.0;-0.014430255720158127;11.5;1.0;-1.7;65111;-0.9262750430983222;1.0;24.0;-1.3271278095014138;73267;0.3854653447387619;0.0;;Dropout
6.0;0.0;6.0;-0.01124918218779526;0.0;2.0;4.0;1.0;-0.20352363025714418;;0.0;-0.04263339565643339;53202;1.0;-1.1656613399057127;;133.1;32271;9147.0;;;-0.7605589841867102;18.0;19.0;11.0;1.0;1.0;1.0;15.090909090909092;0.5472375963384396;-0.8;64088.0;10.0;0.6536833838387704;0.0;0.0;-0.5103651550570457;2.0;7.0;-0.03716363971435488;-0.15851061281516343;1.0;0.6112446806084272;43.0;0.8580272441490993;14.5;1.0;-3.12;54073;-1.0729259346949942;1.0;;-0.9435508196243241;92604;0.8484010562037961;0.0;9.4;Dropout
7.0;1.0;6.0;0.07948117679836683;0.0;4.0;1.0;2.0;1.7978208976376195;;0.0;0.1300507521936395;95866;1.0;1.8478097114496044;0.0;;30339;9500.0;;7.0;-0.7378534140418211;9.0;19.0;5.0;1.0;4.0;1.0;13.34;-1.1958611200346472;0.5;90634.0;99.0;;1.0;0.0;-1.2174768528621063;0.0;9.0;0.5003642078537972;1.6188680383093703;0.0;0.4149422486126251;1.0;0.7011617181594295;12.385714285714286;1.0;1.79;51213;0.26927168382693023;1.0;19.0;1.2473448771190034;91946;0.5808514262675121;0.0;12.4;Enrolled
6.0;0.0;;0.08044896456618413;1.0;5.0;38.0;1.0;-0.7831280950572727;138.0;1.0;-0.4190697071457578;10645;1.0;-0.017287442890987742;0.0;133.1;62514;9670.0;0.0;6.0;0.025347426040775483;8.0;19.0;6.0;1.0;6.0;1.0;12.625;0.7731199730922478;0.6;39646.0;;-0.6140378659858325;0.0;0.0;-1.9704332038034176;0.0;11.0;1.430960798903887;-1.2952533731838674;0.0;-0.5407208492693202;;1.2113815723265748;14.5;1.0;2.02;43132;0.22967334663220246;1.0;22.0;1.2808327565132032;14455;0.5498925265620268;0.0;11.1;Enrolled
5.0;0.0;2.0;-1.367489398372277;0.0;90.0;;1.0;0.20558978991522836;118.1;0.0;0.5300591957711293;11644;0.0;-0.08138520448221714;0.0;133.1;72234;9991.0;0.0;;1.326155580504362;9.0;34.0;0.0;;90.0;1.0;0.0;0.009304497385398744;2.6;20211.0;6.0;-0.3379335399185156;1.0;;-0.6151135089253357;0.0;5.0;0.1951038552133674;-0.0024664317014791597;0.0;-0.9536776497173628;39.0;-2.5365453589852063;;1.0;0.32;97291;-0.5730717934939863;9.0;39.0;-0.07404553446516982;49527;-0.7907517820564913;0.0;7.6;Dropout
5.0;1.0;5.0;0.44691596437567;;9.0;37.0;1.0;-1.276471051569654;133.7;;-0.953447490060409;22115;1.0;-0.40510517173058996;0.0;147.0;53960;9085.0;0.0;5.0;0.4332548398713689;10.0;19.0;2.0;1.0;;1.0;13.5;0.5910376189165157;1.4;60448.0;48.0;1.6485027085389008;1.0;1.0;0.5262186479523238;0.0;11.0;0.8413970263814929;-1.1141271642675874;0.0;0.9556526349607005;1.0;1.2529768948842077;11.4;1.0;1.74;55398;0.896117667120943;1.0;;0.49631439555678053;16434;0.2942435572676573;0.0;10.8;Enrolled
5.0;0.0;;1.0598149960620862;1.0;7.0;19.0;1.0;1.84656925630141;155.5;1.0;-0.9583876749842681;96134;0.0;1.1799657394575893;0.0;133.1;42025;9991.0;0.0;5.0;-0.9003403721157077;6.0;37.0;5.0;0.0;5.0;1.0;10.6;-0.125857890847028;1.4;15582.0;29.0;-1.6943511182112838;1.0;0.0;-1.0776281570995785;0.0;7.0;0.14487017183958753;0.6743496395665937;0.0;-0.8133885392814707;39.0;0.3354626264296404;14.666666666666666;1.0;1.74;88468;0.3696568644462505;19.0;39.0;-0.010504577623915934;11193;-1.505549970050106;0.0;10.8;Dropout
6.0;0.0;;0.40733146408660365;0.0;9.0;19.0;3.0;-1.647386813080978;125.4;0.0;0.3701954570502046;21300;1.0;-0.5248785081420402;;125.0;13823;9070.0;0.0;6.0;0.08733397526140259;7.0;;5.0;1.0;9.0;1.0;12.4;0.38103736705546165;-0.8;94859.0;82.0;;1.0;;0.09694858092372802;0.0;6.0;-0.5060081939264898;-0.7267288124769339;;0.5007849747974745;;-1.5440133451250129;12.4;1.0;-3.12;13641;0.9381003146719046;1.0;19.0;-1.191976825952955;92550;1.5621376984528295;;9.4;Enrolled
;0.0;0.0;-0.2291879111782746;0.0;99.0;34.0;1.0;-1.4404416962621578;;0.0;-1.1686417535643978;74140;0.0;-1.5449798588116046;;120.0;94523;8014.0;0.0;5.0;-0.08063383486015689;5.0;34.0;0.0;0.0;99.0;2.0;0.0;1.1092358000407778;1.4;20951.0;;1.2414462967330155;0.0;0.0;-1.4764297979108454;0.0;10.0;-0.14155753655994124;0.03853644025176734;0.0;0.031092859655171515;39.0;0.7235288467288058;0.0;;1.74;41729;1.2034543529109165;1.0;32.0;2.2181070076744334;32262;-1.4025648238182238;0.0;10.8;Dropout
5.0;0.0;5.0;2.6890406029193503;0.0;9.0;37.0;1.0;-0.6347131070612035;;1.0;0.7290172528625397;73679;0.0;-0.6786776618959786;9.0;130.0;99017;9991.0;0.0;9.0;-0.35086510089874773;9.0;37.0;9.0;1.0;9.0;1.0;;-0.20402205410241547;3.7;87071.0;83.0;0.578837152502387;0.0;0.0;;5.0;5.0;-0.28354238142281224;-1.3246649339361583;;-0.46306260441303543;7.0;0.1694825768329633;12.8;1.0;-1.7;29356;-2.131044885940622;3.0;31.0;1.374739965069977;15462;-0.34643983875634465;0.0;12.7;Dropout
6.0;0.0;;-0.9245747855919358;0.0;5.0;19.0;3.0;1.3223236746761615;157.0;0.0;-0.014280612396933458;89187;1.0;1.3267746004547925;0.0;;12950;9773.0;0.0;6.0;-0.01541652581970793;0.0;19.0;0.0;0.0;5.0;1.0;0.0;0.28410480889670897;-0.3;70424.0;;1.9710082512979954;1.0;0.0;-1.1470439041987308;;0.0;0.5681621319195349;1.2915398311948387;0.0;0.4294671602930056;1.0;0.38122929857805077;0.0;1.0;0.79;20482;0.6856166740212631;1.0;;0.3544194053297085;94693;-1.3188742390267836;0.0;13.9;Dropout
6.0;;3.0;0.7734513004707533;0.0;2.0;3.0;1.0;0.9548448860788854;118.0;1.0;-1.8279092187172135;66001;1.0;0.8321321614571173;0.0;125.0;39444;9773.0;0.0;6.0;0.7637119213395795;12.0;3.0;4.0;1.0;3.0;1.0;10.8;1.2497686952567908;-0.3;32206.0;34.0;0.9385156470752223;1.0;0.0;-0.0779805018944271;0.0;14.0;0.106652042269184;0.07278991692233024;0.0;1.3678781385787355;17.0;0.9991091503153616;11.0;1.0;0.79;99863;-1.290060472396908;1.0;19.0;-0.8558899223922698;46700;-0.730166285865652;0.0;13.9;Dropout
6.0;0.0;0.0;0.24327370568069057;0.0;5.0;19.0;1.0;0.12205062822910663;;0.0;0.10949912556094678;11884;1.0;-0.25501565265986115;0.0;108.0;98453;;0.0;6.0;-0.7199264184824369;0.0;1.0;0.0;1.0;5.0;1.0;0.0;-0.13323016480975813;;57954.0;;0.38412371373769705;0.0;0.0;-0.501079469607532;0.0;0.0;-0.7942645825620018;0.13776551439784068;0.0;0.6255119011675628;17.0;0.43027536843071573;0.0;1.0;-4.06;14683;0.24941262463463132;1.0;20.0;-0.22493437716977951;20621;0.013428415432051012;0.0;15.5;Dropout
6.0;1.0;3.0;2.012312949673439;0.0;9.0;38.0;4.0;1.0189262111672952;109.0;0.0;-1.6851466245889946;13482;1.0;1.3732551416404741;0.0;116.0;45934;9070.0;0.0;;-0.3458910036660085;6.0;37.0;6.0;1.0;9.0;1.0;13.333333333333334;-1.1253961654178486;0.6;58952.0;45.0;-0.4667295584178887;0.0;;;0.0;8.0;-0.22196226411320275;0.8290616210133757;0.0;0.1292896876761788;17.0;-1.4728250984696853;12.666666666666666;1.0;2.02;59729;-0.07289600512739743;1.0;23.0;-0.692425551419969;32933;-0.5287580985160019;0.0;;Dropout
6.0;0.0;;0.38674981591470886;0.0;;19.0;2.0;-0.11541372471114908;103.0;1.0;0.6933620096556613;11269;1.0;0.7479422288218825;0.0;133.1;66040;9670.0;0.0;6.0;0.9821208028928136;6.0;1.0;0.0;;;4.0;0.0;0.6760431241559943;1.4;76409.0;46.0;0.4026674471809347;0.0;;-0.6588734778889406;0.0;9.0;-1.5259166990760864;-1.2514085262635708;0.0;1.6214806481279949;39.0;-0.143026269782909;0.0;1.0;1.74;29568;-0.030213751378044957;19.0;;0.09758224092846901;11225;1.1442462581456216;0.0;10.8;Dropout
5.0;0.0;3.0;0.601155244995063;0.0;5.0;38.0;4.0;0.4224287792679962;126.6;1.0;-0.24871432925059608;63611;1.0;-0.2665893636346067;0.0;135.0;56219;9119.0;;5.0;0.4689627733559996;7.0;37.0;;1.0;;1.0;12.0;1.434877610609374;2.6;48415.0;38.0;0.681681920188094;1.0;3.0;-0.9341568622419931;0.0;10.0;-0.1846031886504178;-0.6150223087465371;0.0;-1.6742672624739405;17.0;-1.6176451708508919;;;0.32;17068;-1.2046213336822362;1.0;18.0;0.3099231745993484;70934;0.22690101596279635;0.0;7.6;Enrolled
6.0;0.0;;0.5057169815642586;1.0;9.0;37.0;1.0;1.651726075656116;158.0;0.0;1.8510842165068195;48719;1.0;-0.16590985510107972;0.0;130.0;66991;9670.0;0.0;6.0;1.279111813615516;7.0;;4.0;0.0;0.0;2.0;13.5;1.2887835128175609;;63401.0;7.0;0.0035004243602775667;0.0;6.0;-1.3139247002374128;0.0;6.0;0.001305867904248801;0.1700541615798145;0.0;-1.1122058211075025;;0.6490618805588924;0.0;1.0;;98427;1.0304865363867661;1.0;34.0;-0.3411254938103623;94226;-0.46290972922859297;0.0;12.7;Dropout
0.0;0.0;;-1.0583225288577367;0.0;9.0;37.0;1.0;-0.2466188732042133;134.6;1.0;1.071312844372607;16132;1.0;0.3293177319454342;;150.0;89232;171.0;0.0;0.0;1.4358497175966412;0.0;37.0;0.0;1.0;9.0;1.0;0.0;0.7149877663288735;2.6;;54.0;-0.7428266092445683;1.0;0.0;1.0827458252894175;0.0;0.0;1.8084482003859388;-1.761988343208218;;-0.4644503169525389;16.0;1.3979702415840396;0.0;1.0;0.32;36354;-1.2904949773608416;1.0;19.0;-1.4544127529070021;45200;-0.13358192997404636;;7.6;Dropout
7.0;0.0;;-0.8688804533738702;0.0;90.0;34.0;2.0;-0.7663726207717061;113.3;0.0;-1.0606925062318246;11876;1.0;-0.8318869496638158;;123.0;44171;9500.0;0.0;7.0;-1.3605411201887156;8.0;34.0;4.0;1.0;;1.0;;-2.3441575840917515;2.6;18629.0;50.0;-1.2042226660064455;1.0;0.0;-0.3601748644509248;0.0;8.0;1.3484520608444754;-1.65462668519261;0.0;1.4193233692404956;1.0;-1.2414519625523257;11.95;;0.32;41635;0.7505336113725967;1.0;20.0;2.132058985715884;87671;1.2197004570559355;0.0;7.6;Dropout
;0.0;0.0;-0.27566787663067993;0.0;99.0;19.0;4.0;0.47037171432699054;124.0;;-2.0207398638414173;28197;1.0;0.004505065509350931;0.0;124.0;81919;9773.0;;4.0;0.28829778761040126;4.0;37.0;0.0;0.0;90.0;;0.0;-0.6358327269963114;3.7;73971.0;54.0;0.18540688538097266;0.0;0.0;;0.0;4.0;-1.0340745976463839;-0.8212623254558374;0.0;0.9428377450664708;;-0.6714637605324103;0.0;1.0;-1.7;26629;-1.4318903886712204;1.0;18.0;0.23752674683135086;40870;0.9088708832844662;0.0;;Dropout
5.0;0.0;3.0;0.9573828174792031;0.0;90.0;37.0;1.0;0.7402743074915507;128.2;1.0;-0.7551012567913739;53181;1.0;0.3085133646132903;;133.1;51073;9085.0;0.0;;-0.5079566275518538;8.0;36.0;3.0;1.0;7.0;1.0;;-0.5846004876588028;2.6;33186.0;60.0;-1.480316207781571;0.0;0.0;-0.6232808075946856;0.0;10.0;0.20176941933177958;-1.1409976430152842;0.0;-1.7162861547151014;39.0;-0.8823693211221685;11.333333333333334;1.0;0.32;71766;-0.017856049507386267;1.0;28.0;0.45659200019442725;51434;-1.138770894015411;0.0;7.6;Dropout
6.0;0.0;0.0;0.23309673869128375;0.0;;19.0;1.0;0.11044773714527865;107.5;0.0;-1.2212586028303711;91121;1.0;-1.6869662386085398;0.0;133.1;28499;;0.0;6.0;-1.1987190680186768;0.0;19.0;0.0;0.0;4.0;2.0;0.0;0.044868391828119164;2.8;35102.0;13.0;-0.47154268945751576;0.0;0.0;0.9147117138182644;0.0;0.0;0.219310314122081;-0.34386334692050263;0.0;-0.4363751160407147;39.0;-0.45390527193833696;;1.0;-4.06;93222;1.8043912715721608;1.0;;-0.42240938607498574;29255;-0.6806517141396049;;15.5;Dropout
6.0;0.0;;-0.20673488668989076;0.0;0.0;37.0;1.0;1.0033813137060326;130.0;0.0;1.825738086877094;84447;0.0;-0.18932032256789785;;130.0;16738;8014.0;0.0;6.0;-0.7891933840988264;12.0;38.0;1.0;0.0;5.0;1.0;11.0;1.6882648344406712;3.7;39839.0;92.0;-2.431740470876862;0.0;0.0;-0.7613586332573764;0.0;0.0;-0.2304373527647899;0.5224321416055442;;-1.3238266045224343;7.0;0.412423158198868;0.0;1.0;-1.7;40528;2.36163054830609;3.0;28.0;-1.5620111153292136;10485;0.4747898186843714;0.0;12.7;Dropout
5.0;0.0;3.0;1.372199801115334;1.0;9.0;37.0;;-0.20125913623351213;136.3;0.0;-0.01031465928015141;50253;;-0.3030561853656883;;131.0;74479;9085.0;0.0;5.0;-0.300768349222831;7.0;19.0;3.0;0.0;8.0;1.0;13.0;-1.080541633557196;2.6;60990.0;;0.8330185296212462;1.0;0.0;1.497743878133629;0.0;8.0;-0.16668852488121655;0.7498803270862308;0.0;-0.04045068094855427;1.0;-0.44306912210115895;;1.0;0.32;82558;-1.6187188579692824;1.0;18.0;-0.08330053089783662;24687;0.3533665860270396;0.0;7.6;Dropout
14.0;0.0;11.0;-1.982429760812106;;0.0;34.0;;0.127546009583492;;;0.9334188041831667;35810;1.0;1.0280680199603225;13.0;;64231;9147.0;0.0;15.0;-0.2945206851702115;17.0;34.0;13.0;1.0;0.0;1.0;;2.2422020885964304;2.6;73691.0;21.0;1.1540467091711875;1.0;0.0;-0.8566620549615891;11.0;14.0;-0.3539497432921963;1.8094106484353307;0.0;0.9018323710362687;26.0;0.652530172699025;12.545454545454543;1.0;0.32;46810;-0.7045382361833248;2.0;31.0;-0.3232220089869004;62538;-1.0503815413987627;0.0;7.6;Dropout
6.0;0.0;3.0;-1.2958201301610395;1.0;9.0;38.0;1.0;0.3745748825636097;111.1;1.0;-0.2850309125505859;80320;1.0;-1.844496993811034;;117.0;88709;9773.0;0.0;;-0.6068886882310286;;38.0;4.0;1.0;9.0;1.0;11.25;-0.3823279632742421;0.3;;50.0;0.07894806026243958;0.0;0.0;0.5034080558164551;0.0;6.0;1.8727084868833057;-0.022624443956381943;0.0;0.975653798152263;17.0;1.065379770075975;11.333333333333334;1.0;-0.92;59220;-0.5226613062439679;;19.0;0.7095343807195772;18933;0.7491265893066236;0.0;;Dropout
6.0;;6.0;-2.4965997950630507;0.0;8.0;1.0;1.0;0.28736103803744467;136.7;0.0;-0.1796674882806456;94344;1.0;-0.38150601970371084;0.0;143.0;31179;;0.0;6.0;-0.01364139511847133;;;6.0;1.0;8.0;1.0;13.833333333333334;-0.766901313473445;0.6;63716.0;4.0;1.831459031859799;1.0;;1.0366385845910118;0.0;6.0;-0.41618425343394433;0.1543587983684132;0.0;0.2680088522903542;1.0;1.101759261329277;14.0;1.0;2.02;82033;2.255053583520935;1.0;18.0;0.9060775733761699;83507;-0.890874140186396;0.0;11.1;Dropout
6.0;0.0;0.0;1.208310504910064;;4.0;38.0;2.0;1.6132716292888492;127.9;0.0;-0.03262702250890829;38287;1.0;-0.4817546473645869;0.0;145.0;74283;9853.0;0.0;6.0;2.4466461978893097;0.0;19.0;;1.0;9.0;1.0;0.0;0.8452047123117883;1.4;45805.0;44.0;1.3473867522162726;1.0;;0.4501939723114331;0.0;0.0;0.3409371435992682;-0.024880562135931938;0.0;-0.4250203387637601;17.0;-1.1181810953696476;0.0;1.0;1.74;95659;-0.06832663218454633;1.0;19.0;0.7650294797093706;92554;1.3038267738563416;;10.8;Dropout
0.0;0.0;0.0;-0.09672614457304615;0.0;4.0;1.0;5.0;0.36955625000033226;139.7;1.0;1.1065393185924464;54804;1.0;0.9600709639216006;0.0;160.0;12108;171.0;0.0;0.0;-1.7252185950132546;0.0;1.0;0.0;1.0;4.0;1.0;;0.9243042668241257;3.7;95213.0;64.0;0.4797857151472102;0.0;0.0;;0.0;;-2.5290301337291674;0.32026826467315983;0.0;-0.09539967040592622;1.0;1.385928944472723;0.0;1.0;-1.7;64797;1.074664086224138;1.0;;0.9882723359171489;35746;0.5294491562496214;0.0;12.7;Dropout
6.0;0.0;2.0;0.9662917786927923;0.0;3.0;1.0;1.0;-0.303902134921351;133.1;1.0;0.31162475567459863;19969;1.0;-0.04354656936489266;0.0;132.0;22526;9119.0;0.0;5.0;1.1371769173210577;7.0;12.0;3.0;1.0;3.0;1.0;;0.6499469110237343;0.6;52751.0;66.0;-0.11321436091221729;1.0;0.0;-0.9424685769215646;0.0;10.0;0.8235683833998559;0.39836740832480727;0.0;0.6832800011017057;1.0;1.4660722848762389;10.5;1.0;2.02;43557;0.29970713416582134;1.0;19.0;1.8036658074765983;34347;-1.1319244506457213;;11.1;Dropout
5.0;1.0;0.0;-0.1092583330323754;0.0;4.0;1.0;1.0;0.5279817014910116;123.3;0.0;-1.057333843476665;21672;1.0;1.7960946456523694;;133.1;63496;;0.0;5.0;-0.018374313344588094;;;0.0;1.0;90.0;1.0;0.0;-0.7694554668060049;2.6;23096.0;;-0.349398118883248;1.0;0.0;1.1700709903865816;0.0;5.0;1.1842548072524361;0.9221177594810547;0.0;2.347303445208726;43.0;1.5526799312371686;0.0;1.0;0.32;52201;-1.1992125030001204;6.0;21.0;0.38985173953555596;25546;-0.5290767014634118;0.0;7.6;Dropout
5.0;;0.0;1.0231836685269604;0.0;9.0;;1.0;1.0088508402701262;110.0;1.0;1.6225141380864172;89936;1.0;0.6622133819063865;;120.0;58500;9147.0;0.0;5.0;-0.4378788471572448;;37.0;0.0;0.0;9.0;1.0;0.0;0.5020281277390727;-0.8;82145.0;28.0;;0.0;0.0;-0.8046114563319774;0.0;5.0;-1.0520300291006222;0.9182082516043633;1.0;-1.1850995149757078;39.0;-0.15781481971769576;0.0;1.0;-3.12;87846;-1.8598021030516498;1.0;32.0;1.0992158208098344;46895;-0.546460614528624;0.0;;Dropout
5.0;;0.0;-0.12675231617406715;1.0;9.0;;1.0;0.7742354415187955;100.0;;-0.29281549898631315;30344;1.0;-0.410222994189519;0.0;;63304;9119.0;0.0;5.0;-2.018210076089549;;38.0;0.0;;8.0;1.0;0.0;-1.0335577439006578;0.3;94475.0;19.0;-0.14122684089428747;0.0;0.0;0.9756765139022048;0.0;5.0;-0.5118867500884194;0.519363272845947;0.0;1.5888493171495994;39.0;-0.7518424733102778;0.0;;;41802;-0.6130917495197014;1.0;24.0;0.4938605738357284;91418;0.15987672130233085;0.0;16.2;Dropout
6.0;0.0;4.0;0.40991142509788614;0.0;2.0;3.0;1.0;0.7188075711629788;;0.0;-0.4555201238766485;24744;1.0;0.23965869655895883;0.0;140.0;85469;9085.0;0.0;6.0;0.7627633125741856;;1.0;5.0;1.0;3.0;1.0;12.666666666666666;-0.7972458639802081;0.5;36165.0;;0.54823020165745;1.0;0.0;-0.43028472181494387;0.0;;0.4515035201263798;1.5101728216538113;0.0;0.24405614230076836;44.0;-0.9842411914800846;11.75;1.0;1.79;52078;2.3168732217700887;39.0;19.0;-1.9000353999779174;45124;-0.20397689801249047;0.0;12.4;Enrolled
8.0;0.0;6.0;0.2635134908112687;0.0;192.0;19.0;2.0;-1.4980501435140348;96.0;0.0;-2.829505302249035;38708;1.0;-0.3540688093694581;0.0;133.1;85028;9500.0;0.0;;-1.44096749732598;10.0;38.0;6.0;1.0;192.0;1.0;13.598333333333334;-0.09487016410425736;0.6;29813.0;66.0;0.622453613832846;;0.0;0.14143731921915112;0.0;;0.01946069441244697;0.026757059638855735;0.0;0.8202532507980613;1.0;-1.1017798865748192;;1.0;2.02;79777;0.25761326004933066;1.0;19.0;-0.15452028268770893;79112;-1.1454889133817834;0.0;11.1;Enrolled
5.0;;0.0;0.33770728988796683;0.0;0.0;34.0;1.0;-2.4925126168403273;;1.0;0.634399591161337;41467;0.0;0.8593960904904201;0.0;135.0;27605;9991.0;0.0;5.0;0.8278939044212705;5.0;34.0;0.0;0.0;0.0;2.0;0.0;-0.819963599901102;2.6;41681.0;38.0;-0.2295792478101455;1.0;0.0;-1.3861072770209515;0.0;5.0;0.46636959051922316;-0.6115676992975794;0.0;0.18516595543401393;39.0;0.011690406664868707;0.0;1.0;0.32;86376;1.0543739597357351;1.0;49.0;-0.8677115069037835;38952;-1.394259146222576;;7.6;Dropout
6.0;0.0;0.0;1.6847372202078401;0.0;8.0;;4.0;1.2752645386206238;118.0;0.0;0.1010126396618833;28340;1.0;-1.332197713291012;0.0;133.1;28234;;0.0;6.0;1.7413308689937548;0.0;37.0;0.0;1.0;9.0;;0.0;1.0527482478786325;3.7;40911.0;41.0;1.0957858156229892;1.0;;-0.6082675747124983;0.0;0.0;-0.2872410645747687;-0.44804505208782563;0.0;1.4041936936416293;1.0;0.8478518564904252;0.0;1.0;-1.7;50203;-1.4182425616931185;;19.0;0.23143333070436067;50326;0.5490233343978613;0.0;12.7;Dropout
;1.0;6.0;-1.6244245132406705;0.0;2.0;3.0;2.0;0.43885744620613204;124.0;0.0;0.09992565660190209;73110;1.0;-0.8236959765713334;0.0;139.0;58467;9773.0;;6.0;-1.2828037635931901;6.0;1.0;;1.0;7.0;1.0;14.0;-0.5781675319095977;2.8;27323.0;66.0;-0.22855125697241352;1.0;0.0;;0.0;7.0;1.8632653870515217;-0.1058348469422402;0.0;0.32968143415507173;17.0;1.3065584409873443;13.857142857142858;1.0;;91061;-0.32522191557941255;1.0;20.0;-0.791010159313637;54413;0.28623686456416314;0.0;15.5;Dropout
6.0;0.0;0.0;-0.06838335587272262;1.0;;2.0;1.0;-0.02157741661526991;170.0;1.0;-0.40282467111081804;61653;1.0;0.45568991855492125;0.0;140.0;96164;9670.0;0.0;;1.1683605849574012;11.0;1.0;3.0;0.0;9.0;4.0;14.333333333333334;-0.22045621828109918;3.7;13112.0;93.0;0.02133854864532489;0.0;0.0;0.2255996505581735;0.0;6.0;-0.6697401321390095;-1.083635081032912;0.0;-0.648761747644108;39.0;-0.48555711636235127;0.0;1.0;-1.7;87605;0.7788439236332544;1.0;53.0;0.6056808900303366;91450;0.10553755720503172;0.0;12.7;Dropout
6.0;;6.0;0.1979872141780293;;3.0;37.0;1.0;0.6943130277801547;106.6;0.0;-0.5752178401327828;63261;1.0;1.225756448723621;2.0;133.1;70258;;0.0;6.0;0.02543936474713427;8.0;19.0;5.0;1.0;7.0;1.0;11.0;-0.8801982816740165;1.4;;99.0;-0.9775246003243668;0.0;0.0;0.09319757971588251;4.0;12.0;2.6915747130482157;-0.6133675611531239;0.0;0.4501141156399172;51.0;-0.038688267080288836;10.166666666666666;1.0;3.51;51666;-1.0911669584869983;12.0;31.0;0.9810280981395949;54880;0.27073185896046065;0.0;8.9;Enrolled
5.0;0.0;0.0;0.04828701403031597;0.0;3.0;3.0;1.0;1.9273099356659136;;1.0;-0.36958042683042985;98693;1.0;-2.201968596139199;0.0;140.0;23149;9119.0;0.0;5.0;-2.0942046318412886;;3.0;0.0;1.0;2.0;1.0;0.0;1.0376098114216656;1.4;36687.0;58.0;-0.27061673499292604;1.0;0.0;0.4626498962456343;0.0;0.0;1.241923917349136;-1.139837628401826;0.0;1.1267750377257553;42.0;-0.10418755340144568;0.0;1.0;1.74;34964;-0.06396739133282653;;22.0;1.2035700460201588;64733;-0.6189191475250351;;10.8;Dropout
0.0;0.0;0.0;-0.3978852205533892;0.0;;;1.0;1.4135311658464103;110.0;1.0;0.46316087112727944;93518;;1.3744712159904158;0.0;118.0;67182;171.0;0.0;0.0;-1.2048168549475424;0.0;37.0;0.0;1.0;5.0;1.0;0.0;-0.6661269743496928;-0.3;26955.0;2.0;2.1581984559754126;;0.0;-0.4905225030926728;;0.0;0.8321152873843225;0.3439602616349679;0.0;0.00021412174900774426;1.0;-0.635280249865139;0.0;1.0;0.79;26019;-0.8797661169280175;1.0;19.0;1.6192615615242674;86883;0.18399235777514372;0.0;13.9;Dropout
7.0;0.0;5.0;-0.5347162844102102;0.0;5.0;2.0;;0.9622205728019577;124.3;;0.6391177730333506;35403;1.0;-0.14013512842800616;0.0;140.0;40433;9500.0;;7.0;0.17822664263854127;9.0;3.0;;1.0;2.0;1.0;12.32;1.1420111027447535;0.5;27973.0;24.0;-0.9003865688702194;1.0;0.0;;;9.0;-1.0404776343573001;0.3538210991281481;0.0;-2.074080750615848;1.0;0.7357495297606192;11.9;6.0;1.79;20861;0.8264343839205704;1.0;19.0;-1.6760240840708927;94967;2.5385055649842676;0.0;12.4;Enrolled
6.0;0.0;;1.5300146554109126;0.0;4.0;19.0;4.0;-0.8867256328326435;;0.0;-0.23103158837459842;98889;1.0;-1.883874961937163;;130.0;19594;9773.0;0.0;6.0;0.40118324563296187;12.0;19.0;5.0;1.0;4.0;1.0;;1.0685435852822518;2.8;;45.0;0.4377123603741023;;0.0;0.18272908554430772;0.0;;0.9096823836949726;-1.7689150267923641;0.0;-0.11493380375363482;18.0;0.36284824662322557;11.571428571428571;1.0;-4.06;27313;0.3985165457938994;1.0;20.0;-1.1990000349468184;90545;1.174567120747143;0.0;15.5;Dropout
6.0;1.0;5.0;-0.07072108855096625;0.0;9.0;38.0;1.0;-0.7567908029698762;128.4;0.0;0.948937494316759;71061;1.0;-3.0017278418893385;0.0;128.0;74100;;0.0;6.0;-1.5806912555990025;10.0;38.0;5.0;1.0;7.0;1.0;13.2;-0.4459409509452489;-0.8;29552.0;;-0.45449115224456677;1.0;;-1.0295889030070344;0.0;12.0;0.603938430680615;-0.6540821432422896;0.0;0.09805030601592607;;0.1418231751196062;;1.0;-3.12;16178;0.6833854187344675;1.0;;2.927815186233118;19284;-0.2884084509598372;0.0;9.4;Enrolled
7.0;;6.0;2.437946533897374;;9.0;37.0;4.0;-2.386404681367707;126.3;0.0;-0.07897418101747768;23196;;-1.5293860658082796;0.0;136.0;34970;;0.0;7.0;0.03170509365363808;7.0;37.0;6.0;1.0;9.0;1.0;11.6;0.029667808261014925;2.6;83943.0;77.0;-2.213901501515942;1.0;0.0;1.0784225264225882;0.0;7.0;-2.1196104026729263;1.825188845920261;0.0;-0.044928061197346825;1.0;0.35830543919592484;11.6;1.0;;35997;0.8710750358006029;1.0;18.0;1.0095237198595437;20083;-0.52337174710124;;7.6;Graduate
8.0;1.0;;0.5282749863748487;0.0;5.0;38.0;1.0;0.6335134738849201;;;-0.5042264181236554;38723;1.0;-0.019704855845401752;0.0;133.1;79820;9500.0;;7.0;0.8235559603481227;13.0;19.0;5.0;1.0;;4.0;12.74;-0.4737089765679515;0.3;61497.0;36.0;0.5589704232868418;0.0;;-0.11452238658911257;0.0;12.0;-1.404600307221224;0.6297800078095046;0.0;-0.4954777553786544;39.0;0.6154512479574837;10.978571428571428;1.0;-0.92;99227;-0.2276748032055665;19.0;26.0;0.22444797104701178;49276;-2.8604393974915667;0.0;16.2;Dropout
5.0;;0.0;-0.28965556577568513;1.0;7.0;37.0;2.0;1.108627197461166;117.8;0.0;0.19841557490736433;30392;1.0;-0.06589803780888462;0.0;130.0;59691;;0.0;5.0;0.9985755194193057;11.0;38.0;2.0;1.0;9.0;1.0;11.5;0.5457219952569772;3.7;49253.0;42.0;-0.5561242589404028;0.0;0.0;-0.326135109704956;0.0;10.0;0.3576279264154971;0.4543365030451948;0.0;1.3230168640908428;1.0;0.6054370191303882;0.0;1.0;;30064;1.003231721917261;;19.0;0.032037510311895445;41613;1.068694152984698;0.0;12.7;Dropout
5.0;0.0;;0.5526788404646344;0.0;;;1.0;1.190178046191512;;1.0;-1.3593864184938602;81928;1.0;0.6332004347093099;0.0;117.0;50209;9147.0;0.0;5.0;-0.4128359672657736;8.0;19.0;5.0;1.0;7.0;1.0;10.0;-0.19447131132890075;2.6;80270.0;25.0;0.31904121634133936;0.0;0.0;0.4621756227502112;0.0;10.0;-0.1332997216658097;-0.6642532572330104;0.0;-2.3729677882573736;1.0;-0.8384899561218573;12.0;1.0;;44619;-0.5898481501910621;;20.0;-0.05686014709491926;71128;0.7866053537748128;0.0;7.6;Enrolled
8.0;0.0;;0.10893287043771317;0.0;7.0;;1.0;0.6754304712767758;120.0;1.0;0.23271830907924854;67524;1.0;-0.5494871775609635;0.0;120.0;28788;9500.0;0.0;7.0;0.4384687785565753;0.0;;;;10.0;1.0;0.0;-0.4174806637727649;3.7;11524.0;85.0;0.9897189625718716;1.0;0.0;;0.0;0.0;-0.5164782095508309;0.2872825540392328;0.0;0.09397730642741754;7.0;0.8963285487429461;;1.0;-1.7;44942;0.6257201014359685;3.0;23.0;-1.93374655753542;48896;-0.5438279692764925;0.0;;Dropout
10.0;0.0;6.0;1.3419992669393899;;6.0;;1.0;-0.15406685822731384;129.2;0.0;-1.5421821055263716;80113;0.0;-1.108040546446171;4.0;120.0;36316;9991.0;;10.0;1.0724353864642948;16.0;37.0;5.0;1.0;3.0;2.0;;0.046179163240046645;;77045.0;82.0;0.2345983841880882;0.0;0.0;-1.6580517168351965;4.0;10.0;1.0789491944554621;-0.014509918388057284;0.0;0.1079817237974044;;0.25536611768055933;;1.0;;56767;-1.9709532800961351;2.0;31.0;-0.7723291046234922;46710;-1.4317076828771276;0.0;9.4;Dropout
5.0;0.0;1.0;-1.1677223193904813;0.0;2.0;1.0;1.0;-0.5642774619101438;116.5;1.0;-1.0277269599837642;23205;1.0;-0.413086387660893;0.0;128.0;40033;9147.0;0.0;5.0;0.8524559792186709;8.0;1.0;2.0;;10.0;1.0;10.0;-1.5822157635258771;2.6;47447.0;51.0;;0.0;0.0;-1.0614298993894336;0.0;;-0.8837792884193246;-0.7967463579644916;;2.0948532489534495;1.0;-0.43461619498026516;16.0;1.0;0.32;55600;-0.7463561892892113;1.0;19.0;-0.11184759450465882;18130;-1.1552674431897259;0.0;7.6;Dropout
;0.0;0.0;-1.8011859834145791;0.0;5.0;1.0;3.0;-0.825364796090765;122.3;0.0;-2.0186914067166244;56411;1.0;0.033610286911577296;0.0;131.0;72394;;0.0;6.0;0.8914372153291228;6.0;37.0;6.0;;5.0;1.0;12.166666666666666;-0.07584824480507829;2.8;84622.0;25.0;-0.8679399238070749;;;1.057708703864615;0.0;6.0;-0.4552409430160591;-0.49378948507339293;0.0;-0.014435478347116941;18.0;0.2342296914461701;;1.0;-4.06;62295;2.315803203581627;1.0;19.0;-0.7158598754603867;41478;0.44439786247942287;;15.5;Dropout
5.0;0.0;0.0;0.36098101048333125;0.0;5.0;37.0;2.0;-0.16342484916519912;110.0;1.0;-0.17511695267150065;58799;1.0;0.23077279495527736;0.0;133.1;47356;9147.0;0.0;5.0;0.11350661563375239;14.0;37.0;0.0;1.0;7.0;;0.0;0.6496119701393801;-0.8;96608.0;97.0;0.7068253608579596;;0.0;0.08388434784458265;0.0;5.0;-0.6470297880169557;-0.47125341873854854;1.0;0.44562890370047303;39.0;0.34447747672505324;0.0;1.0;-3.12;17840;0.6109879367304878;1.0;43.0;-0.5851359905494149;61427;-0.0893407336625143;0.0;9.4;Dropout
5.0;0.0;0.0;0.83569589806094;0.0;4.0;1.0;1.0;-0.9778262538964486;123.0;1.0;1.6096337023090939;71280;1.0;-0.7891646992724058;0.0;130.0;13059;9119.0;0.0;5.0;-0.09451773704258477;10.0;3.0;1.0;1.0;2.0;1.0;;0.1380543802611692;-0.8;75819.0;89.0;-0.1896840137902715;0.0;0.0;-1.6815678023634413;0.0;7.0;0.5101692578797279;-1.4886732610060593;0.0;0.125012513442097;17.0;1.0817836671641239;;1.0;-3.12;38902;0.6113468865296362;1.0;;2.5587314219806183;72587;0.6915920176072813;0.0;9.4;Dropout
8.0;1.0;1.0;0.2859054496179301;0.0;9.0;37.0;1.0;1.755954065008587;149.5;0.0;-0.11707666108143513;43554;1.0;0.9014467003353596;0.0;154.0;11226;9500.0;0.0;7.0;0.27211357375491674;8.0;37.0;7.0;;9.0;;14.9125;0.9516565657248657;-0.3;20300.0;17.0;-1.9984286073005315;1.0;0.0;0.35211206671516615;0.0;9.0;-1.719458199821009;-1.3235672657968491;;0.0944282238661503;1.0;-1.0461556284851803;13.5;1.0;0.79;91866;-0.8238959314326909;1.0;30.0;-0.25165304156640084;25195;0.08644313836818336;0.0;13.9;Dropout
6.0;;0.0;0.6724751789690911;;;38.0;3.0;-1.3023715530656008;124.3;0.0;0.6435853794331272;15666;1.0;-0.6213967717240335;0.0;132.0;34709;9070.0;0.0;6.0;-0.7637687190018663;0.0;1.0;0.0;1.0;5.0;1.0;0.0;-0.3772980878607757;;97884.0;26.0;0.8272444287119297;;0.0;-0.5592588198697488;0.0;0.0;-0.49767185185040463;-0.19946878307365554;0.0;1.7629589668216805;17.0;1.3249843536541932;0.0;;-4.06;97847;-1.0942104559833499;1.0;18.0;0.27812000826673117;64511;0.9667588321164844;1.0;15.5;Dropout
0.0;0.0;0.0;0.5254368627202523;0.0;5.0;19.0;1.0;-0.1970532768892231;;0.0;2.352313897312389;89930;;-0.8697173623249038;0.0;138.0;55937;171.0;0.0;0.0;1.1120949930763728;0.0;19.0;0.0;1.0;1.0;;0.0;-0.45929071232625396;-0.3;78388.0;74.0;1.1329828529325137;1.0;;;0.0;0.0;-1.7227652206626862;-0.8479980913830839;0.0;-1.1116535385492778;1.0;0.023166356309827475;0.0;;0.79;10218;-0.26436016423909664;1.0;18.0;0.24253628500372185;61560;0.3695751403922469;0.0;13.9;Dropout
5.0;0.0;0.0;-1.4804001953296708;1.0;9.0;37.0;2.0;-1.936218413430874;116.4;;0.4040558481200959;48369;;-0.5423915094682898;0.0;133.1;39996;9147.0;0.0;5.0;-1.5304045567680902;5.0;37.0;0.0;0.0;7.0;4.0;0.0;-1.1173190039761658;1.4;11662.0;;1.4811224555584723;0.0;0.0;-1.144872725633846;0.0;9.0;-0.3128754752418948;-0.30091813646272475;0.0;-0.6672047949160059;39.0;-0.5061532507485986;0.0;1.0;1.74;66723;-0.06712848462769042;19.0;70.0;0.5894594986230834;35428;0.8287953801606809;0.0;10.8;Dropout
6.0;0.0;4.0;0.28123970380651714;0.0;5.0;19.0;1.0;0.29655486129806496;;0.0;-0.7652120445880223;92627;1.0;1.0748401757026071;;140.0;99527;9003.0;0.0;6.0;-0.504310311919071;10.0;1.0;6.0;1.0;5.0;1.0;12.571428571428571;-0.4057449035487259;2.8;;81.0;2.1708230024062236;0.0;0.0;0.9999294713186874;0.0;12.0;0.7230490097575197;-1.6056528416231894;0.0;0.7541715006379996;42.0;-0.5367580998571346;13.666666666666666;1.0;;22445;1.9144671871135412;39.0;22.0;-0.47728276587010215;90069;-2.0896834109219373;0.0;15.5;Enrolled
6.0;0.0;4.0;1.3167806635714312;0.0;3.0;1.0;2.0;-0.0023837097571301727;127.7;0.0;-0.6275686027358373;47283;1.0;-0.13279645294065934;1.0;134.0;30812;9070.0;0.0;6.0;-0.036242816692347184;8.0;19.0;6.0;0.0;;;11.714285714285714;1.9658926249643698;-0.3;98909.0;22.0;0.7735345476277582;1.0;0.0;-1.96549837200535;0.0;11.0;0.7408964952471109;0.8013260070775649;;0.25684036641628366;1.0;-1.0013677583425795;11.333333333333334;;;58204;1.0189394219428372;1.0;18.0;1.2469812480386824;49959;-1.23434557049746;0.0;13.9;Dropout
5.0;0.0;;0.1717669548113143;0.0;2.0;3.0;;-0.3567903536395394;150.0;1.0;0.0006582082230062616;33294;1.0;-0.6945135030697719;0.0;150.0;46743;9130.0;0.0;5.0;0.46967949893652045;5.0;1.0;0.0;0.0;8.0;;0.0;0.27554336518645245;3.7;85295.0;29.0;0.5139721177685398;0.0;;-0.8375320744394902;0.0;;-0.7275983327674701;2.0804794415203647;0.0;-0.2832287419615139;44.0;-1.740914883756743;0.0;1.0;-1.7;10756;0.10892787126365122;;22.0;0.44356219360673566;33754;-0.36435166988762735;0.0;;Dropout
;;2.0;-1.309958194954815;0.0;9.0;37.0;1.0;-0.9327832660300539;120.0;0.0;-0.6328946452609244;51775;0.0;0.9261077504485437;0.0;140.0;45794;9991.0;0.0;5.0;0.6575285150021983;6.0;37.0;5.0;;9.0;2.0;10.6;-0.5855362157982205;3.7;46884.0;80.0;;0.0;0.0;0.12012676591124238;0.0;9.0;0.5333219529159293;1.0273955995010517;0.0;-0.07055772861117676;39.0;0.6773998803592036;11.0;1.0;-1.7;78053;0.06571280393659414;1.0;38.0;-1.2871643737246663;73620;1.079568784900242;0.0;12.7;Dropout
5.0;0.0;5.0;-0.3338571180948485;0.0;4.0;9.0;1.0;0.0024618355876164476;151.3;;-0.5580869998134319;18610;1.0;2.1427485399487463;0.0;160.0;34686;9147.0;0.0;;1.4889861572958767;8.0;19.0;3.0;1.0;;1.0;10.666666666666666;-1.0061419380670662;2.6;96083.0;4.0;-0.886995146681884;0.0;0.0;1.5783630689034966;0.0;8.0;-0.18516342224493876;1.1305346951603303;0.0;0.9139246288999384;1.0;1.9808864004219644;11.6;1.0;0.32;98786;0.7581407607558021;1.0;23.0;-0.10750399922962861;26977;1.8805297260677398;0.0;7.6;Graduate
6.0;1.0;3.0;0.5567567297132284;0.0;;1.0;1.0;-0.5444608900142378;130.0;;0.9852539092594899;60290;1.0;0.2096826343089477;0.0;;89456;9254.0;;6.0;0.07775211380487776;11.0;19.0;4.0;1.0;7.0;1.0;12.0;-1.5985307257659223;1.4;;61.0;-1.671969431144851;0.0;0.0;0.553858196350319;0.0;14.0;1.3610849730784083;0.626122498000675;;0.4850896907932219;43.0;-1.6176153488358151;11.0;1.0;1.74;21086;-1.3187958655083787;1.0;19.0;-0.1721483206717906;66420;-0.16423578238687792;0.0;10.8;Dropout
6.0;0.0;4.0;1.7956302827980526;0.0;3.0;19.0;1.0;-0.13686788936666924;126.8;0.0;1.0261562807722122;99196;1.0;1.2338424608654335;0.0;125.0;32769;9085.0;0.0;6.0;-0.7179858498296258;13.0;37.0;6.0;1.0;7.0;1.0;12.0;-0.8303935694073183;0.6;88058.0;18.0;-0.47700880850442584;0.0;0.0;-0.8460246155328025;0.0;16.0;-0.1299628614739487;0.26558584114610917;0.0;-0.7129627979330692;1.0;-0.9504279159303584;12.75;1.0;;46958;-1.921349910133805;;18.0;-0.21816545533062276;71393;-0.61158006388818;0.0;11.1;Enrolled
5.0;0.0;0.0;-1.9563460811772742;1.0;9.0;19.0;;1.9574300019179927;97.0;1.0;-1.646892482048664;33059;1.0;1.0360779505747895;0.0;133.1;10963;9254.0;0.0;;-0.14503673151583202;10.0;1.0;0.0;0.0;5.0;1.0;0.0;0.759193508538641;2.8;61960.0;73.0;1.2772441773530157;;0.0;1.5293534541068148;0.0;5.0;-2.9730473622832214;0.08652290066030453;0.0;0.23777634632686173;39.0;0.7515831891453333;0.0;1.0;;27471;0.7433880808871426;19.0;36.0;0.509296802223084;50771;-1.954968544257803;;15.5;Dropout
4.0;1.0;0.0;0.36123211910214503;0.0;0.0;3.0;;0.17217721589256915;125.8;1.0;-0.8181695179002196;23490;1.0;-0.605639751658333;0.0;133.1;56365;9773.0;0.0;4.0;-0.3193975562100273;8.0;5.0;0.0;0.0;2.0;1.0;;-0.42703177324196284;2.6;69417.0;88.0;-0.6610991321844433;1.0;0.0;-1.3551233997049725;0.0;8.0;0.8946810087109731;-0.9145266129488729;0.0;-0.04980252449101679;17.0;-0.045636908671423004;0.0;1.0;0.32;27642;0.07201266385512482;1.0;22.0;0.6347251891792207;28348;0.8635637640731639;0.0;7.6;Dropout
6.0;1.0;5.0;-0.9322075566301186;0.0;5.0;1.0;1.0;0.5328672079740328;105.9;0.0;-0.4640043869133926;22315;1.0;0.02663418047623251;0.0;108.0;67133;9238.0;0.0;6.0;0.5199334633694417;11.0;38.0;5.0;1.0;8.0;1.0;10.6;-0.9581717481425716;0.6;10767.0;;0.4656105876591193;0.0;;0.2653361653551545;0.0;9.0;-0.4590991992390889;0.6900557610275667;0.0;0.4704217044429879;;0.8344192422751492;11.166666666666666;1.0;2.02;81352;-1.3121163947476666;1.0;;0.5166530828139859;33400;-0.5501905751944769;;11.1;Enrolled
5.0;0.0;4.0;0.5077270963387507;0.0;2.0;3.0;1.0;-0.46446477568049493;112.0;0.0;0.599088946165252;25608;1.0;-1.2825446297039873;;120.0;51040;;0.0;5.0;-1.0669989976076355;10.0;;4.0;1.0;2.0;1.0;11.0;-0.8481837840342408;2.8;97315.0;46.0;0.5732973027154844;0.0;0.0;0.48778464575221486;0.0;;-0.2741999521494339;0.6307084491469476;0.0;-0.3210779079774146;;-0.10172052314883664;11.5;;-4.06;20680;-2.09488084782995;1.0;20.0;0.3389153580775631;29952;2.958334669358155;0.0;15.5;Enrolled
;0.0;;0.5878312589785422;0.0;5.0;34.0;5.0;-0.784435509674762;129.8;0.0;1.1430755885056563;45347;1.0;-0.20494226636163507;0.0;134.0;47912;9070.0;0.0;6.0;-0.17542972112430152;7.0;1.0;2.0;1.0;7.0;1.0;11.0;0.6494807999399321;-0.8;26353.0;;0.24426513744191575;1.0;0.0;-0.881115583200441;0.0;0.0;0.33592347224050134;-0.4630095862817586;0.0;-1.2083079189211956;1.0;-0.5806274992663778;0.0;1.0;-3.12;21161;0.8938667968394352;1.0;18.0;0.08563770765617514;20312;-0.7394039200345133;0.0;9.4;Dropout
8.0;0.0;0.0;-0.23314721662939625;0.0;5.0;1.0;1.0;-0.022957713448647867;161.0;;2.701967934273884;32695;1.0;-0.626190369125724;;168.0;87577;9500.0;0.0;7.0;1.6226620185250187;7.0;1.0;7.0;1.0;5.0;1.0;16.142857142857142;-0.08126307538162784;;29193.0;57.0;-1.2776323551684412;1.0;;0.6975930518882538;0.0;9.0;-1.4247079130747367;0.5260040829109638;;0.6723710196709654;1.0;-0.22584211067313115;0.0;1.0;-0.92;43336;-0.5215551635352856;1.0;18.0;-2.1512070041123073;99814;2.1052750968606646;0.0;16.2;Dropout
6.0;0.0;5.0;0.6315992022913007;0.0;;38.0;1.0;2.5039260048522243;128.4;;-0.4656732962826614;74268;1.0;-0.40288595717563497;0.0;142.0;43657;9670.0;0.0;6.0;0.17985213093467198;11.0;19.0;6.0;1.0;10.0;1.0;11.875;-0.6272044142101095;;;69.0;0.342705746112182;0.0;0.0;-0.5138901289409595;0.0;9.0;0.07465357487864907;-0.6939453002836168;;0.5486191775086652;1.0;-2.382089422255963;12.833333333333334;1.0;2.02;37807;0.4002606835074461;;23.0;0.7778926289381731;85614;0.748367383587467;0.0;11.1;Dropout
5.0;1.0;5.0;1.139895716484215;0.0;9.0;1.0;2.0;-0.2874276948939605;116.1;1.0;-0.4157287143420289;40676;1.0;-0.7498950313803366;0.0;122.0;67531;9670.0;0.0;5.0;-1.052932795757408;6.0;1.0;4.0;1.0;9.0;1.0;12.25;-0.3083883695545716;-0.8;77970.0;14.0;-0.4215534637480234;1.0;0.0;0.6951424275179644;0.0;5.0;0.5344969948855168;-0.6302553686284555;0.0;1.4152990097184606;1.0;-1.143484345648465;12.2;1.0;-3.12;97829;-0.26376002627357087;1.0;18.0;0.4883540951064767;56966;-1.0282643993213667;0.0;9.4;Dropout
6.0;0.0;5.0;-0.1645717054235552;0.0;5.0;37.0;1.0;0.36143780336482245;95.0;1.0;0.5885700156377142;42682;1.0;-0.28709680819556727;0.0;95.0;85373;9670.0;0.0;;-0.3397846170427152;9.0;37.0;4.0;0.0;8.0;1.0;13.25;2.2058831255474276;3.7;79255.0;100.0;1.7028611922056234;0.0;0.0;-1.8395954925862088;0.0;6.0;0.36406418946306923;0.7751053490849977;0.0;-1.316228954621749;1.0;0.9482793742187017;11.0;1.0;-1.7;45504;-0.034238973107300626;1.0;21.0;-0.9847612766712409;83827;0.23214378864358656;0.0;12.7;Dropout
;0.0;;-1.3371602671649832;0.0;9.0;37.0;2.0;-0.8283985150905401;122.0;1.0;-0.6822167189548592;23299;1.0;0.5322326862649144;0.0;129.0;45878;171.0;0.0;0.0;-2.2329832775357636;0.0;37.0;0.0;0.0;;1.0;0.0;1.219623074205644;2.6;66392.0;11.0;1.1368784629352133;1.0;0.0;0.33497609022887453;0.0;;-0.598931251033421;0.43052743355188544;;-0.07038220379575202;1.0;1.1918998441788446;0.0;1.0;0.32;59384;-0.5922507237826158;1.0;22.0;0.2805822783966414;69164;0.7713805265504663;;7.6;Dropout
5.0;0.0;0.0;1.4255728210777394;0.0;9.0;37.0;1.0;-2.7552720384017504;140.0;1.0;-0.1409618614905171;61589;1.0;-0.11949191043999567;;133.1;58657;9147.0;0.0;5.0;-0.0588600833327441;0.0;37.0;0.0;1.0;9.0;1.0;0.0;1.4686253296698477;-0.8;88307.0;59.0;-0.3862930759141056;0.0;0.0;-0.4121066726936051;0.0;;0.9919319635212448;-0.23194433673663892;;-0.23040019328724073;39.0;1.406166055092316;0.0;1.0;-3.12;19282;-0.07651002437067803;12.0;;0.6479384810802233;65196;-0.22525219251658304;0.0;;Dropout
6.0;0.0;0.0;0.8286948590409773;;;38.0;4.0;-0.789831331931656;;0.0;-0.41503810878354574;39000;1.0;-1.8643731977553857;0.0;119.0;44716;9773.0;0.0;6.0;1.6476813609402634;8.0;19.0;4.0;1.0;9.0;1.0;11.25;-1.7521039456297145;2.8;72420.0;77.0;1.7657364784913037;0.0;0.0;1.1497037829678218;0.0;0.0;-0.9974959492459441;-0.3476661547958962;;-0.39621549336812084;17.0;0.4408693464480327;0.0;1.0;-4.06;41879;0.5770732363925406;1.0;19.0;1.171247065225061;74548;0.8379827105522986;0.0;15.5;Dropout
5.0;0.0;0.0;0.563756431645642;0.0;9.0;37.0;;2.3807095273537615;113.1;1.0;-2.621653921904179;73507;;-0.7461205648984861;0.0;119.0;65299;9254.0;0.0;;-1.1866029673884124;5.0;37.0;0.0;0.0;9.0;;0.0;-0.15110227783694102;2.8;23295.0;84.0;0.3437114092918606;1.0;0.0;-0.04398072977095047;0.0;;-0.625521632378334;0.17477274930612724;0.0;-1.5410198964026438;18.0;-2.25606887428627;;1.0;-4.06;28549;-0.2757285201122239;1.0;22.0;0.5103014431738871;61420;0.81595715934866;0.0;15.5;Dropout
7.0;;1.0;-0.6909666491187524;;5.0;37.0;1.0;0.595390294724766;116.5;0.0;0.12323323015154566;11982;1.0;-1.5193993525582523;0.0;133.1;59246;9853.0;0.0;7.0;-1.456046871114051;11.0;37.0;1.0;1.0;5.0;;10.0;-0.6447890991508832;0.3;80520.0;73.0;-1.671636531442145;0.0;0.0;;0.0;7.0;-0.13600143552714444;-1.835400548731546;0.0;-1.0662846100146381;39.0;-0.6350065291871417;13.0;1.0;-0.92;42808;-0.3328235607720078;1.0;34.0;0.3216018068163673;60426;0.5963385005941313;0.0;16.2;Dropout
5.0;0.0;0.0;0.9854358742941127;0.0;4.0;1.0;3.0;1.6409242010534517;101.0;1.0;-0.18236095930279028;67851;1.0;0.24406022598176774;0.0;133.1;86698;9147.0;0.0;5.0;-0.6532600167504974;0.0;38.0;0.0;0.0;7.0;1.0;0.0;0.543840195833846;1.4;33668.0;68.0;-0.07830528280636669;1.0;0.0;0.5076127650330521;0.0;0.0;0.2954683592718488;-0.7577694178475648;0.0;0.2705212989294757;18.0;1.324655676548632;0.0;1.0;3.51;37328;0.607537891476659;1.0;23.0;0.9467723175007429;22269;-0.016473368047505613;0.0;;Dropout
6.0;0.0;2.0;2.0424256432884373;0.0;8.0;19.0;1.0;-0.34772223493197585;102.6;0.0;1.2712310502568995;82087;1.0;0.5033173640541875;0.0;105.0;32802;9085.0;;6.0;0.9213163403295124;13.0;37.0;4.0;1.0;8.0;1.0;12.0;1.0598068784522;0.6;56766.0;33.0;;;;-0.1275084590481573;0.0;17.0;-0.32454331835599154;-1.2651091130158285;0.0;-0.49974943979828645;;1.6230542386835534;11.5;1.0;;20560;0.6741798987973775;1.0;21.0;-0.3065400201941163;64933;-1.1749400893061266;1.0;11.1;Enrolled
7.0;0.0;6.0;-0.12131033024875619;0.0;4.0;2.0;1.0;-2.356831103756661;136.6;1.0;0.005490407536354829;74062;;0.25654822185416504;0.0;120.0;24554;9500.0;0.0;7.0;1.704637584196864;14.0;4.0;5.0;1.0;;1.0;11.94;0.3264262129200396;-0.3;64662.0;14.0;-0.8198385028152636;0.0;0.0;;;14.0;1.2285868990015936;0.011853067660183687;0.0;-0.8264097118122482;43.0;1.3626477430072432;12.2;1.0;0.79;59914;-1.1374902138780185;1.0;23.0;0.41200321959505254;50205;-0.07678537547523347;0.0;13.9;Dropout
5.0;0.0;1.0;0.0944926997905119;0.0;9.0;38.0;;-1.1087090034624454;118.3;1.0;-1.2547474783141723;33719;1.0;-0.7874043932993874;0.0;120.0;48055;9147.0;0.0;5.0;0.44821215061289027;;38.0;1.0;1.0;8.0;1.0;10.0;-0.8724700426594589;3.7;45290.0;66.0;-0.06823990513573179;0.0;0.0;0.7940584645271217;0.0;5.0;0.29528621360115204;1.088618460662226;0.0;1.4303958575581566;17.0;-0.2362524647697995;10.0;1.0;-1.7;56530;-0.028908841851069383;1.0;18.0;-0.6211131942038228;32141;0.176064663715843;;12.7;Dropout
5.0;;0.0;-1.0651906536963711;0.0;90.0;37.0;1.0;0.3970247610441687;119.0;;-0.25809887297952333;72706;0.0;0.2468539291312162;0.0;130.0;65115;;0.0;5.0;-1.2859097211106185;;37.0;0.0;0.0;90.0;6.0;0.0;-0.6610133379972355;2.6;42488.0;60.0;-1.359846317763803;1.0;0.0;0.4719100044912137;0.0;5.0;0.07565796369986828;0.4771587194779645;0.0;2.3737210991000257;39.0;-1.3065758665745653;0.0;1.0;0.32;56682;-0.5237628098334449;12.0;55.0;1.1102967076213035;53547;-1.8760508710378245;0.0;7.6;Dropout
;0.0;2.0;-0.7195420015508934;;9.0;19.0;1.0;0.23761386093645073;100.0;1.0;-2.091082843136628;83599;1.0;-0.47011425576887506;;133.1;35653;9147.0;0.0;5.0;-0.022224872626710527;7.0;19.0;4.0;1.0;7.0;1.0;10.75;0.6205708661328546;0.3;34112.0;1.0;-1.2011329665351465;0.0;3.0;-2.2923013746251835;0.0;10.0;0.2601361591231718;-0.5114979681066519;0.0;-0.05643001255169677;17.0;-0.04063158995848167;11.0;1.0;-0.92;48176;0.013717975958005035;1.0;21.0;-1.6097111142566722;85004;0.16923531599134378;0.0;16.2;Dropout
11.0;0.0;10.0;-1.0745693863829666;0.0;2.0;3.0;1.0;-0.010423796578229094;155.3;0.0;-1.2109178351996426;57413;1.0;-1.1382254497502524;0.0;129.0;99834;9130.0;0.0;6.0;1.7894254820903963;9.0;;5.0;1.0;2.0;1.0;13.0;0.7200731732094269;0.5;36811.0;45.0;-0.8342397439039501;1.0;0.0;-0.9825604907643978;5.0;13.0;0.7329059309617004;-0.7065968437816478;0.0;-1.5021779971327522;;0.014807018230262495;12.9;1.0;1.79;57242;1.4339668882029502;40.0;27.0;0.8167371741503242;51526;-0.09680126481014333;0.0;12.4;Dropout
6.0;0.0;5.0;0.13082252989655052;0.0;9.0;37.0;1.0;-0.5302490124363188;121.5;1.0;0.6355059681529976;68222;1.0;0.7419299197089303;0.0;;56391;9254.0;0.0;6.0;-0.31090070188514457;9.0;37.0;6.0;;6.0;1.0;13.714285714285714;0.14095237243740402;0.3;;13.0;-1.2273982447914742;0.0;0.0;1.3841058465059235;0.0;13.0;0.24077489314101702;-0.7538663981784076;;0.396404412516963;39.0;1.565564820091453;;;-0.92;75595;0.35896730701307744;1.0;54.0;0.01770896184800714;52877;-1.2966260707849544;0.0;16.2;Dropout
5.0;1.0;3.0;-0.340778952724859;;;37.0;1.0;0.939715686803244;116.9;1.0;-0.24734043995366325;83427;1.0;0.8180277537237719;0.0;;83058;9147.0;0.0;5.0;0.1404725051754363;;37.0;3.0;1.0;7.0;1.0;11.666666666666666;0.12979091938957085;3.7;44498.0;26.0;-0.6182740847024535;0.0;0.0;-1.2559458554352658;0.0;;-1.8095168331490818;1.9996171235548674;0.0;-2.085370541206638;17.0;0.2277913001222113;11.666666666666666;1.0;-1.7;33529;2.164244908956421;;19.0;0.9653873307262931;31788;-0.3330063906917568;;12.7;Enrolled
6.0;0.0;0.0;0.3728002566626673;0.0;2.0;3.0;1.0;-0.5013466740009617;120.0;0.0;0.9225082394980657;53248;1.0;0.948895481083506;0.0;120.0;59193;9130.0;0.0;6.0;0.2405596039990614;6.0;1.0;0.0;1.0;;1.0;0.0;0.05012253576855028;0.5;52555.0;;1.7382832845010314;1.0;0.0;0.8824611500658068;0.0;6.0;1.0895088640288708;0.06806229650933039;0.0;-1.3501682185637771;44.0;0.0166811788807713;0.0;1.0;1.79;27275;0.21959452973512267;39.0;20.0;-0.7805443703912978;82532;-0.3118463468342989;0.0;;Dropout
6.0;;4.0;-0.8919008374075167;0.0;2.0;40.0;1.0;0.30781687016269993;130.7;;-1.9668922508780478;23409;1.0;-0.6083486000324562;0.0;137.0;45357;9130.0;0.0;;-1.54586295916699;8.0;19.0;5.0;1.0;9.0;1.0;;0.26909655774723035;1.4;73142.0;18.0;-0.036072565999093545;1.0;0.0;0.7064526567796688;0.0;11.0;0.11967520807609801;0.19975094028884885;0.0;0.4136489258189696;1.0;0.07349514814345873;14.6;1.0;3.51;70990;-0.16645850884722765;1.0;18.0;0.08998357881629604;21142;1.9300945334934188;0.0;;Dropout
5.0;0.0;0.0;-0.1675565497658116;;;19.0;1.0;0.1953281650326036;128.2;;-0.242461397323753;97505;0.0;1.1793623126930788;0.0;120.0;86211;9991.0;0.0;5.0;0.9979467126202256;;37.0;2.0;0.0;5.0;1.0;11.0;0.7159609751718123;3.7;32379.0;4.0;0.7855217009121037;0.0;0.0;-0.7257523615820294;0.0;0.0;0.6848528072217465;-2.11112962590805;0.0;-1.383734202049422;39.0;0.3998588297626864;0.0;1.0;-1.7;22360;-0.01968246606047596;1.0;31.0;0.060630089731278085;85364;0.22011834617736706;0.0;12.7;Dropout
8.0;0.0;0.0;-0.953536225042117;;2.0;3.0;2.0;-0.36850244336221244;123.0;0.0;-0.47551249838778537;39399;1.0;-0.4935822513280676;0.0;135.0;24181;9500.0;0.0;7.0;0.8537617494964594;0.0;3.0;0.0;0.0;2.0;1.0;0.0;0.6301657072365295;;;47.0;1.0915690169080874;1.0;;;0.0;0.0;-0.4059435260331593;-1.1809385843936873;0.0;-0.29603385429108764;;0.6264400860615683;0.0;;-1.7;41631;0.142629849748258;1.0;19.0;0.43388356005045575;93823;1.0360452513145988;0.0;12.7;Dropout
6.0;0.0;0.0;0.18757157769779925;0.0;5.0;12.0;2.0;-0.8812960510395634;102.8;0.0;0.955848582613206;44799;1.0;0.653501321538513;0.0;107.0;32605;9254.0;0.0;6.0;-1.9935403978529294;16.0;;;1.0;5.0;1.0;10.0;0.023585433883416867;1.4;;34.0;-1.1084364648718115;1.0;;-0.5689125979479266;0.0;12.0;-1.8267165460869084;-0.04417688187012046;0.0;-1.4836275163255708;17.0;-0.7245374340179959;0.0;1.0;1.74;62330;0.32285142795424854;1.0;20.0;-1.0475619506479805;25964;-0.11781530449064863;0.0;10.8;Dropout
7.0;;5.0;-1.6323242999465004;0.0;2.0;3.0;1.0;-0.42733008672296113;152.8;0.0;0.6727627681666226;65166;1.0;-0.5109126617666753;;140.0;78858;33.0;0.0;7.0;-1.3306516183688983;9.0;1.0;7.0;1.0;4.0;1.0;14.75;-0.04904941732733615;0.3;15571.0;92.0;-0.8315124124259453;0.0;3.0;2.078015043633011;0.0;12.0;-2.2789096198743364;-0.49816206956786846;0.0;0.056259514535458965;39.0;-1.0576203946255687;13.8;1.0;-0.92;62598;-0.9919673543994914;1.0;26.0;0.6362150880843536;60070;-1.8739165168350838;0.0;16.2;Enrolled
6.0;;0.0;0.15157830765478958;0.0;5.0;1.0;1.0;1.873621782697747;124.5;1.0;0.642252150088298;26054;1.0;-0.22398216374577085;0.0;;91424;9254.0;0.0;;-0.9697001251355809;0.0;1.0;0.0;0.0;10.0;1.0;0.0;-0.08729830906975687;;;54.0;0.765818727460864;0.0;0.0;-0.8632772922093546;0.0;0.0;-0.9443677893577699;0.13305808021966187;;1.1232404917592171;;1.3705585214046985;0.0;1.0;-0.92;76779;-0.23316019146790992;39.0;26.0;-1.8458941280723569;62733;0.6723418488216234;0.0;16.2;Dropout
5.0;;3.0;-0.2787302787865048;0.0;9.0;19.0;1.0;1.1124478632661783;140.9;0.0;1.5414100380841014;41176;;-2.4211778573891896;0.0;150.0;36184;9991.0;0.0;5.0;0.7483492462588748;7.0;;3.0;1.0;8.0;1.0;10.666666666666666;-0.780330644199764;1.4;;66.0;-0.634283005513545;0.0;0.0;-0.7942573445992704;0.0;7.0;0.5172942368575506;0.11987887101521665;0.0;-0.6128486875756598;39.0;-1.6410412944356836;10.5;1.0;1.74;52456;-0.72439611023569;1.0;;-0.6678420571173637;87630;-0.6581867295875414;1.0;10.8;Dropout
5.0;0.0;3.0;0.18096408892248975;0.0;194.0;37.0;1.0;1.0203887312819784;131.0;0.0;-0.36808710928656624;61968;1.0;-0.30191321441691565;;138.0;58173;9147.0;0.0;5.0;-0.7511120701723841;9.0;37.0;4.0;1.0;171.0;1.0;11.0;-0.7930281493317485;0.5;44078.0;49.0;0.6995871716246348;1.0;0.0;;0.0;8.0;1.2978909549642772;0.6004522470203683;0.0;-0.01941641843247928;1.0;1.6377474592047725;10.666666666666666;1.0;1.79;54774;1.0296220504770006;1.0;19.0;-1.562730007139199;39349;-0.3356001299879106;0.0;12.4;Enrolled
5.0;0.0;3.0;-1.6522666732579177;0.0;5.0;;1.0;-0.786463706774815;138.7;0.0;1.335080835300719;76013;0.0;0.09108996678502743;0.0;133.1;53759;9991.0;0.0;5.0;0.4013510992555993;7.0;37.0;3.0;1.0;5.0;4.0;10.333333333333334;0.5439562748031107;1.4;57399.0;95.0;1.6773224210376476;0.0;;1.2147844765495195;;6.0;0.3019712252759173;-1.8691616414728263;0.0;-0.8158459588128644;39.0;-1.9106786972536998;;1.0;1.74;13995;-1.9256686248165118;;31.0;0.8282193996856262;70477;-1.0529712491154706;0.0;;Dropout
6.0;0.0;5.0;0.6547156739355009;0.0;2.0;3.0;1.0;-1.4376892729668895;132.9;0.0;-1.044206150879736;22613;1.0;-0.41004961736383877;;135.0;75414;9853.0;0.0;6.0;-0.18177499533404423;9.0;3.0;6.0;0.0;2.0;1.0;16.333333333333332;-0.7128688863945637;3.7;33225.0;43.0;;1.0;0.0;-0.24291571162510636;0.0;;-1.0522274093741641;-1.105228583235357;0.0;-0.7457893330731347;17.0;-0.584541132831021;15.6;1.0;-1.7;81102;0.15690301812096166;1.0;29.0;0.40013077750903614;18940;0.07276786392135985;0.0;12.7;Dropout
6.0;0.0;0.0;-0.2987428925935739;0.0;7.0;19.0;1.0;1.0964942157586206;117.0;0.0;-1.0808777497656938;84528;1.0;1.7561880680851394;0.0;133.1;54943;9070.0;0.0;6.0;0.07117175298314064;0.0;19.0;;1.0;7.0;1.0;0.0;0.8139338679130238;2.8;32501.0;11.0;;0.0;0.0;-0.6259062289491389;0.0;;-0.7841241436436474;-0.09961232794462768;0.0;-0.8313706178556588;1.0;0.9718539705834471;0.0;1.0;-4.06;31325;-1.5181697874624611;1.0;20.0;0.4560386468987366;83826;1.0651783616224522;0.0;15.5;Dropout
6.0;0.0;0.0;0.21711271536185886;;;19.0;1.0;0.9047672604499444;121.8;1.0;0.7527465714983388;34913;1.0;-1.1624660853252764;;;65049;9670.0;0.0;;0.49593542958198783;0.0;37.0;0.0;1.0;8.0;1.0;0.0;-0.05134271103562696;-0.3;64059.0;6.0;-0.1982713727109414;1.0;0.0;1.413474017195351;0.0;0.0;1.3607830986511766;-0.647403208316686;0.0;0.7859301330977354;17.0;0.00034188907827354173;;1.0;;85696;0.4322380052259032;;;1.4731893962485594;78215;0.9327381084746261;0.0;;Dropout
0.0;0.0;0.0;-1.8700742610772119;1.0;3.0;39.0;2.0;0.13724897668255226;134.3;0.0;-1.5047407384088016;92218;;-0.5635812371039258;0.0;136.0;70221;171.0;0.0;0.0;0.27233412140104685;0.0;1.0;0.0;1.0;4.0;1.0;0.0;0.8195952584351628;0.5;60546.0;34.0;;;0.0;0.5794940879355368;0.0;0.0;-1.3107808705415498;-0.3102775858105869;0.0;-1.4135019513661087;1.0;-1.3164768037618408;0.0;1.0;1.79;68010;-0.39890490414482815;1.0;19.0;-0.31594166916180233;29439;1.5861895077851644;0.0;;Dropout
6.0;0.0;;-1.2427332762339351;0.0;5.0;;1.0;-0.3705398875834608;126.0;1.0;0.5727656284189578;91695;1.0;-0.9048726099858533;0.0;;84612;9254.0;0.0;6.0;-0.01897187556716511;12.0;37.0;0.0;0.0;1.0;1.0;0.0;0.6369588035548069;-0.8;80987.0;75.0;-0.6079740066655511;0.0;6.0;-0.9192902417102595;;6.0;2.1017728815143633;0.10902742134336145;0.0;-0.33185407037291953;17.0;0.4264281541259961;0.0;;-3.12;92495;-1.8167945662650447;1.0;29.0;0.6095856814126602;21255;1.7279594579541113;0.0;9.4;Dropout
6.0;0.0;0.0;-0.39015416111174067;;9.0;19.0;1.0;-1.4639446542350316;;1.0;0.10131319372132609;74015;1.0;-0.5637769789954712;0.0;133.1;22487;9003.0;0.0;6.0;0.3270804293008874;8.0;37.0;0.0;1.0;7.0;1.0;;0.8429299247720777;0.3;89288.0;52.0;-0.4921208147483594;1.0;0.0;-1.2235839110617803;0.0;10.0;1.8760375258246291;-0.7449330371514816;0.0;0.4098168764637709;39.0;0.06700434180048112;0.0;;-0.92;88761;0.9422305562460016;1.0;31.0;0.06602234717647512;19542;-2.0458742302582236;0.0;16.2;Dropout
5.0;;3.0;1.3755001385101429;1.0;6.0;37.0;1.0;0.8674004443785023;140.0;1.0;1.0718527286548727;90293;;1.031413062940705;0.0;133.1;69681;9991.0;0.0;5.0;0.2169720771883846;10.0;;;1.0;3.0;2.0;10.75;-0.47636575650187174;-0.8;32345.0;40.0;-0.015250725961813726;0.0;0.0;1.1581699648799733;0.0;12.0;2.1347220698698854;0.19227012259332638;0.0;0.909798383062696;39.0;-0.21604828844197785;13.333333333333334;1.0;-3.12;44035;-2.516387192763096;1.0;37.0;-0.08623455466860809;84636;-1.193620560929132;;;Dropout
7.0;0.0;6.0;0.5272713484300947;0.0;;38.0;;1.1861351149659096;106.0;1.0;-0.05944396495488946;24389;1.0;1.4780317943269636;0.0;;26265;9500.0;0.0;7.0;-0.20966697129479356;7.0;38.0;;1.0;8.0;1.0;12.666666666666666;0.4088994504790421;2.6;36428.0;81.0;0.16488480163371386;1.0;;0.016788163741715875;0.0;7.0;0.3807014874844444;0.5439845313447714;1.0;0.4406073756215073;39.0;-0.6239222907829078;12.666666666666666;1.0;0.32;45449;-0.03141948540072621;19.0;24.0;1.306625832078896;65247;-1.808191578326553;0.0;7.6;Graduate
6.0;0.0;0.0;0.12987504139043662;0.0;5.0;19.0;1.0;-0.6790924284911947;;1.0;0.056048946295527126;51914;;-0.7007926109189417;0.0;141.0;10996;9670.0;0.0;6.0;-0.43123540510627817;6.0;37.0;6.0;1.0;8.0;1.0;13.5;0.7378879895483643;3.7;57202.0;;0.9534108426429804;0.0;0.0;-1.5490640198561128;0.0;0.0;-0.34152481759849457;0.06507906809798011;0.0;-0.07263345828699384;17.0;-0.034605999530600194;0.0;1.0;-1.7;91390;0.6911905095302368;1.0;;2.081879363402041;43404;0.6319304103895901;0.0;12.7;Dropout
5.0;0.0;0.0;-0.9243081659486009;0.0;3.0;19.0;1.0;-0.762599600739623;152.0;0.0;0.5092649929249059;22686;0.0;-0.7230075427232033;0.0;130.0;74478;9991.0;0.0;5.0;1.8804428180286301;0.0;1.0;0.0;1.0;4.0;1.0;0.0;-1.5513266993994321;1.4;26521.0;84.0;-0.025118668810001635;;0.0;-1.783115686893549;0.0;0.0;0.3563462661515362;0.720727779316181;0.0;-0.5688889581402992;;-0.5819216119523554;0.0;1.0;3.51;89493;1.376731713058919;40.0;27.0;-0.4314666628634145;59440;-0.6930817837991526;0.0;;Dropout
5.0;;;-1.1062649495987384;0.0;1.0;1.0;1.0;1.241061925008803;111.0;1.0;-0.6626495500597784;53043;1.0;-1.157128648593915;0.0;151.0;45124;9147.0;0.0;5.0;-0.442704891862611;9.0;3.0;2.0;1.0;;1.0;10.0;1.7016934475488603;2.8;75535.0;78.0;1.1181749473009739;0.0;0.0;-1.1160387151997586;0.0;9.0;0.9085849510519427;-2.172941383679116;0.0;0.9253163468269409;43.0;2.4345326688491586;;1.0;-4.06;73814;-1.6101567975864288;1.0;28.0;0.8337195915198831;60255;-0.48918033184392967;0.0;15.5;Dropout
;0.0;0.0;0.27665519096546437;0.0;123.0;1.0;1.0;-0.6418644628934819;113.9;;-0.7062063074902213;62404;1.0;1.3062853865193034;;124.0;74501;171.0;0.0;0.0;1.366994994360372;0.0;19.0;0.0;1.0;103.0;1.0;;2.265953046114074;-0.3;10141.0;36.0;;1.0;0.0;-1.2394845881030299;0.0;0.0;-0.6507759057903191;-0.5860349527101134;0.0;-0.8672243261763762;1.0;-0.24001715181677286;0.0;;0.79;93114;-0.5160238540945036;1.0;19.0;0.31911691264681086;18681;-0.21659743192745534;1.0;13.9;Dropout
;0.0;;0.7006892981874261;0.0;2.0;3.0;1.0;1.7790602078563824;122.3;0.0;0.47442943984341945;61009;1.0;1.1210044069163025;0.0;137.0;94451;171.0;0.0;0.0;-0.6851291466682655;0.0;19.0;0.0;1.0;;1.0;0.0;0.9472882944978129;1.4;43073.0;26.0;-1.2013628376116197;0.0;0.0;-2.0460769709014364;0.0;0.0;-1.1012032378261611;0.8923309089036059;0.0;-0.8522034069223922;1.0;-0.3737569538191105;0.0;1.0;;66241;1.0836530276410437;1.0;19.0;0.3311124224504418;49560;0.38257068809075157;0.0;10.8;Dropout
6.0;0.0;;0.2089741014670074;0.0;;1.0;1.0;-0.10905175786570998;141.4;1.0;-0.02928780913063744;16829;1.0;-0.10598179998878679;0.0;;21599;;0.0;6.0;0.8101745149746348;0.0;;0.0;1.0;;1.0;0.0;0.8058807621299916;2.8;98320.0;20.0;-0.3047540344119187;0.0;0.0;-1.099506986648496;0.0;0.0;-0.2839364940306632;-0.8643530729705211;0.0;1.3524991302243692;1.0;-0.5416361454877889;0.0;1.0;-4.06;12224;1.1512407029592042;;19.0;0.24717772903348778;65015;-1.4853210480064563;0.0;15.5;Dropout
7.0;1.0;0.0;1.7095572080877297;0.0;4.0;1.0;6.0;-0.3865617068666497;115.0;1.0;-0.40731391730428035;17576;1.0;-1.39609919630688;0.0;119.0;50630;9500.0;0.0;;1.7837582299786434;14.0;1.0;1.0;1.0;4.0;1.0;13.0;0.5887585974595184;0.6;76050.0;34.0;0.46249265457199035;;0.0;-0.9190805616438537;0.0;15.0;-0.7723077775323667;-1.0000590596448673;0.0;0.36026174033743336;1.0;1.7769508428381933;0.0;1.0;2.02;59839;1.2807435208511746;1.0;20.0;-0.333077991461158;64661;-1.258863462634087;0.0;11.1;Dropout
6.0;0.0;0.0;-0.6824617232361911;1.0;;1.0;1.0;0.04510800121339664;120.0;1.0;-0.08278409969766753;99833;1.0;-1.306662565456252;0.0;110.0;18896;9003.0;0.0;6.0;-0.33750648687751095;;1.0;;;4.0;1.0;0.0;-0.3234333416867257;-0.3;;1.0;0.8604667031447575;;0.0;-0.46268128838457045;;0.0;1.2408864786503602;-0.12626818990532832;0.0;0.3956064622187181;39.0;-1.6390668778955666;0.0;1.0;0.79;43302;2.561581364177257;1.0;27.0;-3.5849805609217023;26370;0.0012962065311068023;0.0;13.9;Dropout
5.0;0.0;0.0;0.17936994077494722;0.0;;19.0;1.0;-0.38663173436401965;127.0;0.0;1.59455950783833;32783;;0.1706294503845932;0.0;138.0;84553;;0.0;4.0;-0.66739215574352;4.0;;0.0;0.0;90.0;4.0;0.0;-0.1101702112685181;1.4;10334.0;46.0;;0.0;0.0;1.6929100451277126;0.0;10.0;-0.616429513729315;-0.017319030776585302;0.0;0.5985492431624022;39.0;0.3594324218994177;0.0;1.0;1.74;11774;-0.5086928807305496;1.0;;1.5348093245984886;93528;1.1987459361544675;0.0;10.8;Dropout
5.0;0.0;0.0;-1.693174724102902;0.0;4.0;19.0;1.0;1.1262123863476818;132.1;1.0;-0.4430184067398925;54510;1.0;0.5493379184464988;0.0;145.0;99954;;0.0;5.0;-0.4292296206787462;10.0;38.0;1.0;1.0;4.0;1.0;10.0;0.9644048953605289;0.6;82187.0;85.0;0.29020030398368707;1.0;0.0;-0.2668432720982738;;5.0;0.09564146659734256;-0.5346969295724221;0.0;-0.09485495905102329;17.0;-0.23928997187640463;0.0;1.0;2.02;60023;0.3723819101038867;1.0;21.0;-0.6947325876723991;19734;-0.025397403251084714;0.0;11.1;Dropout
12.0;0.0;11.0;0.211045520667232;0.0;4.0;1.0;1.0;0.8858101395753868;152.4;;-0.4720196132820156;62198;1.0;-2.0661448050211484;4.0;130.0;88205;9003.0;0.0;12.0;-0.019367634652855552;14.0;19.0;12.0;1.0;9.0;2.0;13.846153846153848;-0.9732171948664226;1.4;50121.0;62.0;0.7530260058338298;1.0;0.0;-0.1675748377442145;5.0;18.0;0.9830405206078427;1.8435738344886565;0.0;-1.4376930721273014;39.0;-1.4234001046420122;14.090909090909092;1.0;3.51;60429;-0.34586450026767396;1.0;36.0;-0.2415571449506083;87587;-0.7916597063820323;0.0;8.9;Graduate
6.0;1.0;2.0;1.4693732133552966;0.0;5.0;1.0;1.0;1.0881062927508316;125.8;;-1.707444224662495;24339;;-0.3213099105378827;0.0;137.0;99429;9238.0;0.0;;0.32187133842529425;10.0;38.0;6.0;0.0;8.0;1.0;12.666666666666666;-1.0607169131291252;3.7;87228.0;9.0;1.3687793673814597;0.0;;;0.0;6.0;1.2798423103458394;0.28649075380289185;0.0;0.25116658599345254;;-0.8190763278631161;11.5;;-1.7;75869;-1.9751137550058533;1.0;18.0;-0.22029290001808802;98669;-2.1482086803376363;0.0;12.7;Dropout
5.0;;0.0;-1.0415088826118641;;;3.0;1.0;0.18451974069406274;121.7;1.0;-0.042352938157114994;38904;0.0;1.6182958895573838;0.0;133.1;39931;9991.0;0.0;5.0;-0.03999718963038264;5.0;38.0;0.0;;7.0;1.0;0.0;-0.3973291887424982;-0.3;80536.0;65.0;-0.7792468981385897;0.0;0.0;-0.23731807106656005;0.0;7.0;0.20855928185472122;-0.902882881115051;0.0;-0.01823427711111517;39.0;0.3169539939058328;0.0;1.0;;80108;-0.09000291335260065;;31.0;-0.7838033932533778;77586;0.952675585060279;0.0;13.9;Dropout
4.0;0.0;;0.8421315419620594;0.0;0.0;37.0;1.0;-0.456354498308363;114.3;0.0;0.656883511240392;64137;1.0;-0.21750920663028547;0.0;116.0;35030;;0.0;4.0;-0.4199845596014019;8.0;;0.0;1.0;5.0;1.0;0.0;0.6562531748955085;2.6;99568.0;31.0;-0.2101409993909198;1.0;0.0;0.4001529638867084;0.0;8.0;0.3842962366132518;-1.4395074379327757;0.0;-0.8590725853305915;1.0;-0.8643932196560877;0.0;1.0;;39027;-1.994364488639188;1.0;20.0;0.24024014199562185;60013;-0.7359316493904802;0.0;7.6;Dropout
6.0;0.0;2.0;1.4410397463655;0.0;3.0;1.0;3.0;-0.00906400742773296;117.5;0.0;0.8361981156808681;29204;1.0;1.489638090790624;0.0;115.0;87194;9254.0;0.0;6.0;1.9545418578099718;9.0;1.0;4.0;1.0;3.0;1.0;11.25;-0.8659361582742;-0.8;;29.0;2.770913210532955;1.0;0.0;0.2806148769517333;0.0;13.0;-1.0169906275034755;0.40557654200246823;0.0;-1.0890519313599338;1.0;0.2595639282200429;;;-3.12;98952;-0.5208285243553756;1.0;18.0;-0.04431243542208476;27347;-1.1474369157517212;;9.4;Dropout
6.0;0.0;4.0;-0.6897127748314813;0.0;0.0;34.0;1.0;-0.42569679157027407;106.0;0.0;0.10821760163053258;81319;0.0;0.6490461289556837;0.0;133.1;68655;8014.0;;6.0;-0.20043882545249336;;34.0;5.0;1.0;0.0;;13.0;-0.22541606691735783;2.6;;6.0;0.8563889423025746;1.0;;0.12258856559924342;0.0;10.0;1.023056646923904;-0.9265787424755649;0.0;-0.04653717537903437;43.0;1.7291532286863516;12.5;1.0;0.32;49750;-1.468158118026261;12.0;48.0;-0.7165359788295381;39678;-1.715325226458781;0.0;7.6;Enrolled
8.0;0.0;0.0;0.4669396940780137;0.0;7.0;1.0;;1.4665965131829597;123.5;0.0;0.9558335730808833;68261;1.0;-1.0842796008353577;0.0;;43968;9500.0;0.0;7.0;-0.6201013771395222;0.0;37.0;0.0;1.0;7.0;1.0;0.0;-0.10667560405200974;3.7;74048.0;81.0;;1.0;0.0;2.7664660844189584;0.0;0.0;1.263523242297267;2.152619302412611;0.0;-1.3577996917369404;1.0;0.17060067721733546;0.0;1.0;-1.7;48979;0.43885713475818106;1.0;19.0;0.14930201665135504;59394;-1.4391008111419654;0.0;12.7;Dropout
6.0;1.0;4.0;1.5796317448086095;0.0;5.0;19.0;2.0;1.0022737237986012;121.2;1.0;0.7312304018802419;98997;1.0;-0.292671293351856;;118.0;28932;9254.0;0.0;6.0;0.8305111675805551;12.0;19.0;3.0;1.0;7.0;1.0;10.666666666666666;-1.011869238634457;2.8;36464.0;20.0;0.8936908443257267;;0.0;0.9111258440443519;0.0;9.0;-1.8703530724191204;0.4279428042383947;0.0;-0.1434079966945483;17.0;-1.4535124785244957;12.0;1.0;-4.06;26259;-0.7785262855443501;1.0;18.0;-0.03304669295836457;18824;-0.9612142204538527;0.0;15.5;Enrolled
5.0;;3.0;0.23047516227954284;1.0;9.0;37.0;1.0;-0.09152306685720993;135.5;0.0;1.1129502296922626;60978;0.0;-0.1286942385447029;0.0;140.0;12282;9991.0;0.0;5.0;0.8464357994936189;15.0;38.0;2.0;0.0;8.0;;13.25;-2.4397679167857196;0.3;86004.0;30.0;-1.3356771456393552;0.0;3.0;-1.0817219847067305;0.0;;1.7629458205356219;0.5599719713724903;0.0;-0.2640398002767215;43.0;-0.8467962618468898;;;-0.92;99113;-1.785208033856962;1.0;29.0;0.9278385712881022;73694;-0.23884873619415106;;16.2;Dropout
7.0;0.0;0.0;0.7867149975116339;1.0;4.0;37.0;1.0;-0.9264749567712708;120.0;0.0;0.9843026554775617;82027;1.0;-0.9525115680935066;;120.0;13431;;0.0;;1.41248937690785;7.0;37.0;0.0;0.0;5.0;1.0;0.0;-1.0265125394188044;-0.3;60792.0;22.0;-0.6468264285816633;0.0;7.0;0.37022218618916386;0.0;7.0;-0.7006594668703151;0.24868716853881256;7.0;-0.11914973407098493;;-0.2854057387452622;0.0;1.0;0.79;45466;0.8656586631993596;3.0;;-1.3403827876817327;92504;-1.208741704760657;0.0;13.9;Dropout
6.0;1.0;5.0;-1.7739493594180071;0.0;5.0;19.0;2.0;1.5408396882038173;129.4;0.0;1.5699781961072512;39436;1.0;-0.9698680228109412;0.0;129.0;72495;9670.0;0.0;6.0;1.9278637590493328;7.0;;5.0;1.0;4.0;1.0;;0.2608865173166925;1.4;69384.0;56.0;-1.0122978794780464;0.0;0.0;-0.7917368066597202;0.0;10.0;0.5946308881352735;1.1215694359067985;0.0;0.4026559042091364;17.0;-0.352235118994659;13.125;1.0;1.74;25397;-0.603751521762687;1.0;19.0;-0.8053893208917831;76815;0.18570803754763732;0.0;10.8;Dropout
8.0;0.0;3.0;0.5971365267723902;1.0;1.0;12.0;1.0;0.13668413554430087;115.0;1.0;-0.16969316656624964;72474;1.0;1.5067685921185607;5.0;115.0;33748;9070.0;0.0;11.0;0.3462720202385652;12.0;12.0;9.0;1.0;10.0;1.0;;0.48614346827747346;;;59.0;;0.0;0.0;0.44625076405985364;3.0;11.0;0.07756172481588772;-2.395348694439995;0.0;0.6219545452154498;43.0;0.15201384511591828;13.666666666666666;1.0;;86175;-0.43210211243366137;1.0;21.0;0.7252976108374047;94831;-0.24644773991810232;0.0;15.5;Dropout
8.0;0.0;3.0;0.5172377405196646;0.0;9.0;37.0;1.0;-0.13016746019673428;120.0;0.0;-1.3270580423615084;94364;1.0;-0.9773606196929516;0.0;160.0;83825;9556.0;;;-0.2882542455432438;21.0;37.0;5.0;1.0;;2.0;10.9;0.494362983861405;3.7;61559.0;78.0;-0.36896606491027684;0.0;1.0;-1.3751874171082699;0.0;21.0;-0.060375846110576135;-1.2032700339818299;3.0;-0.7114969946040056;39.0;0.31244294207806683;11.7;1.0;-1.7;96237;-0.9777572635867892;1.0;31.0;-0.639742943448223;52685;2.221992289184527;0.0;;Dropout
10.0;0.0;9.0;-1.326212065960792;0.0;3.0;37.0;1.0;1.549652719718958;107.8;0.0;0.6637187436854202;84007;0.0;1.0784360764086802;8.0;140.0;86155;9991.0;0.0;10.0;-1.9022370670391793;15.0;37.0;8.0;1.0;10.0;2.0;10.375;0.6095723948431382;2.6;67003.0;14.0;0.09538848913042;0.0;0.0;-1.1077794480839789;7.0;13.0;-0.20651797827686397;1.0341380070154667;;0.8697915135420266;43.0;1.7305279551188588;10.444444444444445;1.0;0.32;29266;1.1490761869827804;;33.0;-0.9034022625450834;33125;-1.7044431163926619;0.0;7.6;Enrolled
5.0;1.0;3.0;-0.9643286539702169;0.0;9.0;19.0;;-0.5099488133780679;131.8;0.0;0.7805531893227763;79991;1.0;-0.4364844783650164;0.0;130.0;50644;9147.0;0.0;5.0;-0.9378514183480544;8.0;37.0;2.0;;9.0;1.0;10.5;-0.626394900537446;2.6;;78.0;-0.31101624729882466;;0.0;;0.0;11.0;-0.9925633320235557;1.5005799118379979;0.0;-0.21937071807241018;1.0;-0.003719665087893742;13.333333333333334;1.0;0.32;63068;0.270519000502679;1.0;19.0;-0.5902909410086109;11509;0.1614794303123818;0.0;7.6;Enrolled
;0.0;2.0;0.6040018021981676;0.0;;12.0;1.0;-0.31892690132953483;160.0;1.0;1.5699953933811395;50546;;-0.025639329883172433;1.0;160.0;36987;9085.0;;6.0;0.2085617683328967;10.0;38.0;5.0;1.0;8.0;;12.5;-0.8406091249871873;0.5;79214.0;69.0;-1.6264059274856337;1.0;0.0;0.9976691135980253;1.0;8.0;0.5238280106479776;-1.2352820261781197;0.0;1.7533013854905501;44.0;-1.15219444687591;13.5;1.0;1.79;91461;-0.6130884644868523;39.0;23.0;-0.10097871668938288;49151;0.17400498904095704;;12.4;Dropout
5.0;0.0;;-0.3027119043169736;0.0;9.0;37.0;4.0;-0.23075894837576463;119.9;;1.281290356169706;63652;1.0;0.5618444182385726;0.0;130.0;25606;;0.0;;-1.1809418465691557;5.0;37.0;0.0;0.0;9.0;1.0;0.0;0.3750580048508564;;67695.0;86.0;0.884976437154022;1.0;0.0;0.5026443487530131;0.0;0.0;-0.28604466875568385;-1.818631166042216;0.0;-0.5854209122904813;18.0;1.153806130248567;0.0;1.0;-3.12;69630;-1.9140355518513745;1.0;;-0.09717893606704177;20376;-1.0305574039231487;0.0;9.4;Dropout
8.0;0.0;8.0;1.1119383889693057;0.0;3.0;3.0;;-1.316569171641841;126.4;0.0;1.9454724558645653;63341;1.0;-0.5985586729046787;0.0;140.0;33094;9500.0;0.0;7.0;-1.5851217546914538;7.0;2.0;7.0;;3.0;1.0;13.884285714285712;-0.2117500702369409;;91598.0;10.0;-1.7621964371379413;1.0;0.0;0.8541173345352181;;9.0;-1.3094223213243914;0.16752178701697598;0.0;-1.6113300399863975;17.0;1.2630245767810238;14.75;;2.02;49303;2.5106342022971253;1.0;18.0;-0.2099584361023333;68098;0.09525239744746067;0.0;11.1;Dropout
4.0;0.0;0.0;0.31072693050544836;1.0;9.0;19.0;1.0;0.3157353654259481;;1.0;0.619853980326533;28851;1.0;0.5679043134945333;0.0;133.1;65375;9773.0;0.0;4.0;0.065827894951539;5.0;19.0;0.0;0.0;4.0;2.0;0.0;0.9070786225461024;-0.3;91936.0;38.0;-0.7276467392713127;0.0;0.0;;0.0;4.0;-1.0350046884490358;0.48541241875264324;0.0;0.8336420677883326;;0.2324430940059693;0.0;;0.79;61630;1.9793674165883217;19.0;42.0;-1.0285651484486498;82201;0.7695943664067156;;13.9;Dropout
0.0;1.0;0.0;0.05645556654227363;0.0;8.0;19.0;;-0.7623447446784509;176.7;0.0;0.22881059193862816;33665;1.0;-2.046429699548382;;170.0;78039;171.0;0.0;0.0;0.7767592190756132;0.0;19.0;0.0;1.0;8.0;1.0;0.0;0.3813735643375491;0.6;65228.0;3.0;-1.315472279988113;1.0;0.0;0.1724960990323319;0.0;0.0;-1.2924462636913838;0.1473823771780872;0.0;0.42562091378057937;1.0;-0.24639439520896178;;1.0;2.02;19149;1.443102014502811;1.0;19.0;0.7731589272535316;20003;0.09649148255783252;;11.1;Dropout
6.0;0.0;0.0;-0.17044903322301097;1.0;7.0;38.0;2.0;-0.5707217323111227;115.0;0.0;-1.3849831213257466;68328;1.0;0.43970738841463686;0.0;108.0;76442;;0.0;6.0;-0.24647804588918623;0.0;38.0;0.0;0.0;;1.0;0.0;1.2838205628328871;1.4;18857.0;67.0;-0.879741170206896;;0.0;-0.5036932742584369;0.0;0.0;-0.5245905503020182;-0.05962907594450082;0.0;1.2016614990549126;1.0;0.6225464025490614;0.0;1.0;3.51;98455;-0.7031716935338241;1.0;20.0;1.3262197622576775;56486;1.3844628848198377;0.0;8.9;Dropout
6.0;0.0;2.0;0.29268213193451403;;4.0;19.0;1.0;-0.704435479401664;114.8;0.0;0.30809653451408037;67309;1.0;-2.468530124571636;0.0;120.0;96281;9238.0;0.0;6.0;0.8967876027269497;10.0;19.0;5.0;0.0;5.0;1.0;11.714285714285714;-0.46553630432559556;0.3;72321.0;91.0;0.20185856281974357;1.0;0.0;0.813001808716797;0.0;;0.4850993084323594;-1.8518550486073069;0.0;0.3096438081906756;17.0;-0.21107981367953002;;1.0;-0.92;56179;-0.5009472082492787;1.0;19.0;-1.910428686386731;58325;-2.1776876180953386;;16.2;Dropout
5.0;0.0;0.0;0.8029323725161529;0.0;0.0;34.0;2.0;-0.5870702033039437;118.9;1.0;-0.5525033568713179;71895;1.0;-0.2268467266984575;0.0;129.0;68932;;0.0;6.0;0.6165829639240712;11.0;30.0;0.0;1.0;5.0;1.0;0.0;1.0675342501078458;-0.8;39938.0;59.0;1.2350229606028202;1.0;0.0;1.0248792328266414;0.0;10.0;-0.71111805059888;-0.3750101390841253;0.0;2.3400089084654048;43.0;-2.0557089287774843;0.0;1.0;-3.12;13986;0.4006653991575063;1.0;22.0;-1.5535406174235262;38007;-0.8422334128027206;0.0;9.4;Dropout
8.0;;8.0;0.5338506930209715;0.0;5.0;1.0;1.0;-0.8389144640158145;131.3;0.0;0.21151001343247092;64330;1.0;0.8542429853184914;0.0;133.0;55719;9853.0;0.0;6.0;1.1492333130986592;9.0;38.0;5.0;1.0;10.0;1.0;;2.0346758971383183;2.8;62944.0;59.0;-1.5609949889336996;1.0;0.0;-0.06311569132977517;4.0;8.0;0.9754415567366225;-0.22590103098916242;0.0;-0.188888008504289;1.0;0.5634742829724668;12.625;1.0;-4.06;40415;-0.8938536326974625;1.0;20.0;1.0028569747749874;29677;1.4750560472309444;0.0;15.5;Enrolled
6.0;0.0;0.0;-0.42300866040898233;0.0;194.0;19.0;;0.24721417761997155;117.6;0.0;0.05451318630965609;62313;;0.6222953060583759;0.0;127.0;42020;9085.0;0.0;6.0;2.1734384583955917;0.0;38.0;;1.0;193.0;1.0;0.0;0.05374256160762678;;43939.0;26.0;-0.5572080183009285;0.0;0.0;;0.0;0.0;-0.11921447941736316;-0.5482402015131969;0.0;1.046301865705618;17.0;0.8922514769745777;0.0;1.0;1.79;46941;-0.9893992155103973;1.0;;1.569796340625739;74223;0.9120263332638503;0.0;12.4;Dropout
;0.0;3.0;1.239437052540271;1.0;4.0;1.0;2.0;-0.15559309248571443;130.4;1.0;0.47173358885013494;56798;1.0;-1.298410478961941;0.0;137.0;40270;9119.0;0.0;5.0;2.6140266406690955;10.0;1.0;1.0;1.0;4.0;1.0;12.0;0.49930667694076825;2.6;40477.0;;-1.7490442929426302;;2.0;1.591405811722237;0.0;7.0;-0.2894049218413703;-1.9187384268936865;0.0;-0.5254573854862161;17.0;1.4410872303793294;10.666666666666666;;0.32;99506;1.4585585616241907;1.0;18.0;-2.1291789717047367;30273;0.5405117112662879;;7.6;Dropout
6.0;0.0;4.0;0.6576942394618999;;3.0;1.0;1.0;0.048008138208115815;118.1;0.0;-0.09733070953851063;67415;1.0;-1.169664396093517;;124.0;43149;9773.0;1.0;6.0;0.7316711165043761;8.0;1.0;5.0;0.0;5.0;;12.2;-0.9305282886984875;0.3;97723.0;19.0;-0.6054120256941014;1.0;0.0;-0.020421779816222816;;6.0;0.01676543029606905;0.5847365333247866;0.0;0.4917765263340029;1.0;-0.7307584429525649;11.75;17.0;-0.92;88770;-0.05514036027420956;1.0;19.0;0.8154365012788337;12873;1.2332154065194592;0.0;16.2;Dropout
;0.0;0.0;0.3852338916401919;0.0;2.0;3.0;1.0;2.353788076462313;100.0;1.0;0.9350201907325847;42610;1.0;-0.6886720403226348;0.0;133.1;89167;;0.0;6.0;-0.45985018990876947;13.0;1.0;3.0;1.0;8.0;1.0;11.75;0.8940565258823384;;32391.0;87.0;0.07189206863294748;1.0;0.0;0.07568587036596909;0.0;10.0;1.395154931756322;0.8657624815880115;0.0;0.6780224403960575;39.0;0.22616531586127328;0.0;1.0;0.79;37356;-1.119868987138514;19.0;35.0;1.6378798864487796;64274;-1.91655787870177;0.0;13.9;Dropout
5.0;0.0;0.0;0.09169717741232955;0.0;1.0;6.0;1.0;-0.15556118109919748;150.0;0.0;-2.723154312875058;24600;1.0;0.18621586235813473;0.0;150.0;59418;9147.0;0.0;;0.06183588652156771;5.0;27.0;0.0;1.0;7.0;1.0;0.0;1.1290581695243005;-0.8;24447.0;74.0;0.7670775671525658;0.0;0.0;0.48422590775289504;0.0;0.0;-1.3713386919423076;-0.7946445606944802;0.0;0.8325627895749692;7.0;0.24779955785298277;0.0;1.0;-3.12;25038;0.9526673368709699;3.0;26.0;-0.8624122658328115;16075;0.7956106627228209;0.0;9.4;Dropout
5.0;0.0;;0.5000495643384668;;9.0;;5.0;0.6049476222363666;123.2;1.0;0.18999357515784446;70926;1.0;-2.0319331900437034;0.0;;29889;9147.0;0.0;;1.5732545851272686;14.0;3.0;;1.0;9.0;1.0;11.0;-0.4944531840666109;-0.3;67017.0;26.0;;1.0;0.0;-0.09780625595415364;0.0;9.0;1.6563669714191442;-0.18597160813029445;0.0;0.7763265766431535;1.0;0.08538255970381457;10.5;1.0;0.79;13844;-0.573898318988514;1.0;18.0;1.5796678268932107;37906;1.0643701624194226;0.0;13.9;Dropout
5.0;0.0;0.0;-1.8316789397250854;0.0;90.0;1.0;1.0;0.7187495993359789;107.0;;1.202489779152562;40149;1.0;-0.013223575848558187;;133.1;27405;9670.0;0.0;5.0;-0.8932249552925694;5.0;1.0;0.0;1.0;3.0;1.0;0.0;0.586159571074838;;67993.0;21.0;0.5505518199245228;1.0;0.0;-0.8203403227430952;;5.0;0.960160108924635;-0.4969115415060088;0.0;-3.2367349954632108;39.0;0.11485603828621535;0.0;1.0;0.32;61262;-1.9793545544031983;6.0;;-0.17799428088000593;17867;-0.6587001661757365;0.0;7.6;Dropout
5.0;0.0;0.0;0.2413092743812357;1.0;;;1.0;-0.06285662436427385;;;1.8700485084562146;78202;1.0;0.31142937380006447;0.0;130.0;12555;9119.0;0.0;5.0;1.4476610966426298;5.0;3.0;0.0;;4.0;1.0;0.0;0.28047273884460494;2.8;;86.0;-0.9726400090720136;0.0;0.0;0.3779655755235219;0.0;5.0;-0.02165649503739868;-0.48719226644026625;0.0;-0.06867725574860199;44.0;0.037136015376966126;0.0;1.0;-4.06;50091;-1.1348124983865335;;23.0;0.31463709057311984;59531;2.6292371178912264;0.0;15.5;Dropout
6.0;;0.0;1.6401829295660564;0.0;3.0;3.0;2.0;0.27379913154503815;;0.0;0.7319613383850628;90166;1.0;-0.2830371808709837;0.0;144.0;86155;9773.0;0.0;6.0;-0.16992405991785067;0.0;3.0;0.0;;2.0;1.0;0.0;0.39078529027585124;0.3;15171.0;90.0;-1.2161907771935654;1.0;0.0;-0.038755010022321526;0.0;;1.1830256847701135;0.49316588560677127;;-0.5751076398774299;;0.21174940158281658;0.0;1.0;-0.92;57121;-0.5164934303488141;1.0;20.0;-0.7192333145470888;29583;0.19634896406205754;0.0;16.2;Dropout
8.0;0.0;0.0;0.2199866867044663;0.0;2.0;;6.0;0.020698190262425645;124.7;1.0;1.6848830225825389;45215;1.0;0.5253209680530518;0.0;138.0;29769;9500.0;0.0;7.0;0.22712595147916922;0.0;19.0;0.0;1.0;3.0;;0.0;0.8120197407652732;0.3;92451.0;53.0;0.06748769509174689;1.0;;1.8422497564744964;0.0;0.0;-0.32247285207431253;0.5173189519571325;0.0;-0.377885233806479;1.0;0.7406810339953532;;1.0;-0.92;34546;0.2199593929655201;1.0;18.0;1.0010285260213891;33607;-2.192769042508541;;16.2;Dropout
6.0;0.0;5.0;0.08347731870697218;0.0;9.0;1.0;1.0;0.2025583957114783;140.0;0.0;0.16893599575874238;22339;1.0;0.22372415832620401;1.0;140.0;19208;9085.0;0.0;6.0;-0.8076875617602703;13.0;19.0;6.0;1.0;9.0;;12.555555555555555;0.5188995089994819;0.3;85565.0;89.0;;1.0;0.0;0.7884485502923761;1.0;11.0;0.2856783753269752;1.074771237937543;0.0;-0.2834097747702;44.0;1.2202875245843159;11.8;1.0;-0.92;82667;0.17173761860476894;39.0;20.0;0.8344521176154668;45956;0.38127199793375394;0.0;16.2;Enrolled
6.0;0.0;0.0;-0.5958843054724052;1.0;7.0;19.0;1.0;-0.5865167893481371;130.9;1.0;0.002862575927063058;10087;1.0;-0.5416542593988953;0.0;148.0;36060;9670.0;0.0;6.0;-1.3237252025914688;12.0;;0.0;0.0;7.0;1.0;0.0;-0.13898782617284264;1.4;28887.0;44.0;;0.0;0.0;-0.5954822864430015;0.0;9.0;-0.5414145075417328;1.0539290200227642;0.0;0.9774739999614781;39.0;-0.7563324206936382;;1.0;1.74;56488;1.2277702084587485;1.0;24.0;1.7247093557298234;53891;-0.7198600299893989;0.0;10.8;Dropout
6.0;0.0;;0.49272728021696205;0.0;0.0;34.0;1.0;-0.49421130957982384;104.0;0.0;0.5294156432277516;63071;;-1.9361893602594902;;120.0;53788;8014.0;0.0;6.0;-0.27883600756127996;8.0;34.0;4.0;;0.0;;12.75;0.8332963554301374;2.6;;90.0;-1.0931306445721;0.0;0.0;;0.0;12.0;0.9664751638852932;-0.17180609322150653;0.0;0.20257921296804057;39.0;-0.1723013547881824;12.6;1.0;;92641;-0.23703288187389265;1.0;54.0;1.4406073691102246;74719;1.164995273929518;0.0;7.6;Dropout
5.0;0.0;0.0;-0.1950744073381489;1.0;9.0;37.0;1.0;0.016922253283076227;110.3;1.0;-0.0031942828910650643;89401;;0.13341308157082288;0.0;110.0;96359;9147.0;0.0;5.0;1.3030116943355474;5.0;37.0;0.0;0.0;9.0;1.0;0.0;1.1118560895246137;1.4;85847.0;20.0;-0.10098100114286084;0.0;0.0;0.3078658347309799;0.0;9.0;-0.7072556052356674;2.842104436112793;0.0;-0.5075232625900649;39.0;-0.4226081198876573;0.0;1.0;1.74;31575;-0.4656530726109896;1.0;26.0;-0.009150044217235304;93899;0.5479440333912979;0.0;10.8;Dropout
6.0;0.0;5.0;1.3092997823905892;0.0;;;1.0;-1.9719036438509936;101.8;;-0.7823574680173606;90788;1.0;-0.9530753652299778;0.0;100.0;87348;9254.0;;6.0;-0.7019605602850594;8.0;19.0;5.0;1.0;5.0;1.0;11.6;-0.5541944340199974;0.5;20345.0;52.0;-0.7251785334997313;1.0;0.0;;;6.0;-0.05136778900174049;1.5499519578287684;0.0;-1.4682647803416555;1.0;-0.5656723572000585;13.0;1.0;1.79;33294;1.2450466404826634;;21.0;3.1083786151818966;64283;-0.597922072276191;0.0;;Enrolled
5.0;0.0;1.0;-0.8636196913474898;;9.0;1.0;1.0;1.4960727897653245;136.0;1.0;-0.5152402441318994;90887;1.0;-0.5783426248615452;;133.1;25388;9119.0;0.0;;1.612521160020552;12.0;1.0;1.0;1.0;3.0;1.0;;-0.0017991270465755513;0.3;11899.0;53.0;;0.0;;-0.5244542128290394;0.0;9.0;0.679138818325196;-0.658139936508738;;1.5330576602026356;43.0;-1.6160314153060262;11.0;1.0;-0.92;62748;0.9787003834026526;1.0;31.0;1.3507926484737003;53624;1.502451918262896;0.0;16.2;Dropout
6.0;;4.0;-0.4523049342670339;0.0;4.0;38.0;1.0;2.1608580179991295;121.7;0.0;-1.1121529060761572;11274;1.0;0.47912421796308585;0.0;135.0;57647;9238.0;0.0;6.0;-0.5728733812651744;14.0;38.0;0.0;1.0;7.0;1.0;0.0;-1.768692805220901;2.6;69470.0;97.0;1.075357831302598;1.0;;0.18867614835952437;0.0;9.0;1.0481896414881822;0.1265987865922102;0.0;-0.647317997785969;1.0;0.024222455852962142;11.0;1.0;;72382;-0.21345762813971317;1.0;18.0;0.5405160350456568;62548;0.9394513059793105;0.0;7.6;Enrolled
;0.0;3.0;-0.600878056905611;;4.0;1.0;1.0;0.17035025992471434;140.0;0.0;0.5283770948652446;14893;;1.4173333834343511;2.0;140.0;84178;9085.0;0.0;6.0;-1.0682271563811259;9.0;1.0;6.0;1.0;7.0;1.0;;0.5835980475312131;-0.3;63049.0;17.0;1.0114619908847764;1.0;0.0;-0.09909364909249228;1.0;12.0;-0.8211550417688822;-1.985813329247044;;-0.13070644640922346;44.0;0.47932036954528806;12.0;1.0;0.79;36564;0.29202958098114623;39.0;22.0;-0.9971543976536117;55121;-0.8279199876821015;0.0;13.9;Dropout
6.0;1.0;5.0;1.8345790887114215;;7.0;;1.0;0.6654691772510047;120.0;0.0;0.011391812500477263;97039;1.0;-0.038060123442009;0.0;128.0;78484;9254.0;0.0;6.0;0.25363704858107305;6.0;19.0;6.0;1.0;8.0;1.0;14.5;1.2231175762642705;0.5;;51.0;-0.019748497980012797;1.0;0.0;0.05847942305829942;;7.0;0.7531382351203657;0.027257632826938362;0.0;2.1388688847059933;1.0;-0.1550997518988721;15.0;1.0;1.79;59291;-0.47532224473630746;1.0;20.0;-1.530032729227635;10503;-0.15204508056084765;0.0;12.4;Enrolled
6.0;0.0;0.0;-0.18976566161240316;0.0;9.0;19.0;1.0;1.0810576700504966;113.9;1.0;-0.3602861167580975;70678;1.0;0.5540648364458706;0.0;124.0;52274;9070.0;0.0;6.0;0.6790719877940862;;19.0;0.0;1.0;7.0;1.0;0.0;-0.25729522748926126;0.5;93729.0;10.0;1.1226606845622364;1.0;;-0.8851989490039494;0.0;0.0;-0.9819850811261792;1.6736947625658618;;-0.620107577686253;1.0;-0.008957896397085302;0.0;1.0;1.79;55987;-1.1621618620252094;1.0;18.0;-1.4450278570766606;54355;0.5169167907640803;0.0;12.4;Dropout
;0.0;2.0;-0.5480774628714136;1.0;4.0;37.0;1.0;-1.324669739578269;132.1;0.0;-0.5666837568372902;89499;1.0;-1.4444793411528907;4.0;150.0;31561;9085.0;0.0;5.0;0.18808791652050877;11.0;37.0;4.0;1.0;9.0;1.0;12.5;0.13343615783469404;3.7;19361.0;54.0;-1.020980286621599;1.0;0.0;0.5759116679131766;1.0;11.0;-2.150330825608929;2.781304470368258;2.0;-0.27567922767524683;1.0;0.4184369279091314;12.5;1.0;;69650;2.1972361359016217;1.0;29.0;-0.9336654869245457;76952;-0.3642632627726218;;12.7;Dropout
6.0;;5.0;-2.090594545454645;0.0;7.0;38.0;1.0;0.9282779452844234;124.7;0.0;0.5050563461996265;98201;1.0;0.2455235809950345;0.0;138.0;80668;9853.0;0.0;6.0;0.15095339559197893;;38.0;3.0;;6.0;1.0;12.333333333333334;-0.22019573494393999;-0.8;96339.0;6.0;1.782866332424791;1.0;0.0;0.41796427584949686;0.0;10.0;-0.748063647230787;-0.12127853236459919;0.0;0.23217928382569913;17.0;1.4111196951636316;10.833333333333334;1.0;-3.12;67270;-0.5418884033874034;1.0;18.0;1.3773026558902282;87089;-0.334399403847255;0.0;9.4;Enrolled
8.0;0.0;8.0;-0.9113719855360253;0.0;9.0;37.0;2.0;-0.4264397944342251;138.0;1.0;0.7804481806100702;74355;;-0.059905937677162444;0.0;140.0;50095;9500.0;0.0;7.0;1.6029602109413394;7.0;38.0;7.0;1.0;9.0;1.0;14.114285714285714;-0.38389622387586386;0.3;86787.0;;-1.0265820773981216;0.0;0.0;1.2852236169217952;;9.0;0.8346599760763175;0.334882385033006;0.0;-1.6059465016871095;7.0;-0.419764529523036;15.91111111111111;1.0;-0.92;28033;0.2949927136260243;3.0;28.0;0.4870889133375232;18278;0.03672502826448412;0.0;16.2;Dropout
5.0;1.0;0.0;0.5278849433926043;0.0;99.0;36.0;1.0;2.290724229816844;;0.0;-1.1305139965051827;46113;1.0;1.2292275806261819;0.0;133.1;31335;9085.0;0.0;5.0;0.09491454749212686;14.0;36.0;1.0;0.0;5.0;2.0;12.0;0.23217128684659583;-0.8;64274.0;91.0;-2.030119190350568;0.0;5.0;-0.010025851986780639;0.0;;-0.012216878977847257;0.6053120288993791;3.0;-1.7217989005736543;39.0;-1.1716121143338896;0.0;1.0;-3.12;20237;-1.5153474489756464;1.0;28.0;-0.6133731833684581;71355;-1.0657985840373894;;9.4;Dropout
;0.0;2.0;0.5238757415913377;1.0;9.0;;1.0;-0.1882595699986947;135.0;1.0;-1.2876846697756177;73821;1.0;-0.5404584760287566;;130.0;74174;9119.0;0.0;5.0;-0.4704067854089067;5.0;37.0;0.0;1.0;3.0;1.0;0.0;-0.7842425390277837;-0.3;;4.0;1.3654364094947014;0.0;0.0;-0.41183950824813503;2.0;;-0.5349979717561932;1.9797035715234061;0.0;-0.48161320193831697;42.0;-0.09044014699361407;14.0;1.0;0.79;34540;0.736451614579722;1.0;25.0;-0.1358690108967075;19920;-2.232765338576968;0.0;13.9;Dropout
6.0;0.0;3.0;-0.6512032324535616;0.0;4.0;1.0;1.0;0.9081822231716602;130.0;1.0;0.954509955621015;66394;1.0;-0.24163761716237078;2.0;130.0;89432;9085.0;0.0;;-1.132969543249645;20.0;1.0;4.0;1.0;4.0;1.0;12.5;-0.23527693644343234;2.8;66772.0;;-0.7101344212026242;;0.0;0.789294377944037;1.0;16.0;0.055478323491008334;-0.9829743379975451;;-0.44700311249730473;44.0;1.8835612633699454;10.0;;-4.06;21371;-1.205857758022943;39.0;26.0;-0.25774640292788603;12756;0.23913486233203762;1.0;15.5;Dropout
6.0;0.0;;-0.5956558996330859;0.0;3.0;1.0;2.0;-0.17841293036013312;126.6;0.0;-1.3751332384885957;88094;1.0;1.0588144671327948;;136.0;89948;9238.0;0.0;6.0;1.273635689430338;6.0;3.0;6.0;1.0;4.0;1.0;16.5;-0.9045509281058803;0.6;60821.0;;;1.0;0.0;-0.7942043815996842;0.0;7.0;0.02239967301675527;2.6555130487193583;0.0;0.1342262153074535;17.0;-1.160900558428388;17.428571428571427;1.0;;59485;1.6779585814546472;1.0;18.0;0.8000506705236631;14137;-1.9888999492951858;0.0;11.1;Dropout
0.0;0.0;0.0;1.859871068064664;0.0;9.0;3.0;1.0;2.196692756330447;126.9;0.0;0.5474868338224844;87516;1.0;-0.09203379239464947;0.0;130.0;94366;171.0;;0.0;-0.425678023094178;;;0.0;1.0;9.0;1.0;0.0;0.5890765858496766;3.7;45091.0;31.0;-1.0308080469242775;1.0;0.0;;0.0;0.0;0.6218985488643262;-0.31707188676775244;0.0;-0.9779943323043194;17.0;0.650135695580284;0.0;1.0;-1.7;56093;1.797410060386223;1.0;20.0;-0.8787977624358302;20615;-0.9930387031447206;0.0;12.7;Dropout
5.0;0.0;3.0;2.6963797625551447;0.0;9.0;19.0;1.0;-0.5123502170389053;160.0;1.0;1.6169091987540132;25389;1.0;-1.1088413812872686;0.0;150.0;67873;9130.0;0.0;5.0;-0.32810298828670365;13.0;19.0;4.0;1.0;5.0;;13.75;0.23923812026770214;-0.8;17037.0;37.0;2.3636034073404546;1.0;0.0;1.082841997413703;0.0;9.0;-1.611709924425648;-1.1701539389205355;1.0;0.43398043243366125;39.0;1.157913229285114;12.0;1.0;-3.12;10265;0.5656390558099446;1.0;24.0;0.3496863861162428;17561;-1.7715823589485722;0.0;9.4;Enrolled
5.0;0.0;3.0;1.1497725901185043;;5.0;37.0;1.0;1.1650887873273892;133.2;1.0;1.6192348033931345;89255;0.0;2.551633273290123;0.0;133.1;79108;;;5.0;1.0518794050695068;13.0;37.0;2.0;0.0;8.0;2.0;11.5;-0.43123791738492423;-0.3;75126.0;65.0;1.8218176700575637;0.0;0.0;1.2572789011344085;0.0;12.0;-0.10235295683451828;-0.3152612039224809;;-2.156716916043929;39.0;-2.3655342193942603;;1.0;0.79;84230;0.11488154540731366;1.0;;0.3000857759467001;62009;-1.6484444477613032;0.0;13.9;Dropout
5.0;0.0;;1.5592798872946922;0.0;2.0;3.0;2.0;0.6266778824519463;136.1;1.0;0.7378725906320917;72993;;-1.0785927633367334;0.0;133.1;31848;9556.0;0.0;7.0;2.0541477947773124;7.0;1.0;2.0;;4.0;1.0;;0.037078745622395604;0.5;37505.0;31.0;;;0.0;0.37662298467949346;0.0;10.0;0.12427727154152424;-0.8096050056963733;0.0;-0.07029139998800298;39.0;0.4102225236084852;0.0;1.0;1.79;74477;-0.1874151201715186;1.0;26.0;-0.8488680101529118;92847;0.4263551741192916;0.0;12.4;Dropout
6.0;0.0;0.0;1.771425263118786;0.0;7.0;1.0;;0.4043099616641605;116.5;;0.7088095153221207;76142;1.0;-0.06470008154952371;0.0;127.0;39153;9670.0;;6.0;0.2513319138308109;7.0;1.0;0.0;1.0;7.0;1.0;;-0.2207252557763486;0.3;32113.0;;0.08835773727434934;1.0;0.0;-0.4864963825977661;0.0;6.0;-1.3653701638542566;0.4192556916251278;0.0;0.3601763071768177;1.0;0.6034106370730951;0.0;1.0;-0.92;51984;-0.047544005809299295;1.0;20.0;1.5880060292103488;78415;-0.22230816506007336;0.0;16.2;Dropout
;0.0;6.0;2.2145715499047167;0.0;3.0;1.0;1.0;0.22900740104477266;;1.0;2.251907450196455;40909;1.0;0.3466881560256132;4.0;130.0;23166;9003.0;;10.0;-0.13699827306465254;21.0;1.0;5.0;1.0;10.0;1.0;11.4;1.1438951705726343;2.8;43761.0;47.0;0.9806992297503594;0.0;0.0;0.10918772630536258;2.0;13.0;-1.3790824212346355;-1.65239413763393;1.0;0.32844424052182875;44.0;-0.2673352013798542;11.666666666666666;1.0;-4.06;24540;0.40923512447303334;39.0;22.0;-0.2955712065231284;75793;-0.2584004554681235;0.0;15.5;Dropout
6.0;0.0;6.0;-0.30192786040735226;;;;1.0;-0.667012517696863;160.0;1.0;-2.3343956628937708;53740;1.0;0.26761750903111453;2.0;;17301;9085.0;0.0;6.0;-0.005652475173104181;6.0;1.0;6.0;0.0;4.0;1.0;14.0;-0.441012315343429;0.5;;73.0;-0.05305206365869113;1.0;0.0;0.38006889507920627;1.0;11.0;-0.3647084189823896;0.14164003806090744;0.0;-0.16277648971472744;44.0;-0.6464385610897172;;;1.79;24486;0.0897450711494196;39.0;19.0;-0.9927501245562359;20530;-1.3159017836240094;;12.4;Dropout
0.0;1.0;0.0;-0.8782679627400033;;4.0;1.0;1.0;-2.5860563104340772;149.7;0.0;-0.4643356760806351;88806;1.0;-0.18974370400639878;0.0;163.0;85737;171.0;0.0;0.0;-0.4555382847366319;0.0;1.0;0.0;1.0;;1.0;0.0;0.6350449654318838;-0.3;45248.0;84.0;1.1222013463934573;;0.0;-0.560141645187876;0.0;0.0;0.00852428327012511;0.6639689393531096;0.0;-0.6603385910658913;1.0;-0.5906623525239804;0.0;1.0;0.79;93816;0.9817048173146039;1.0;;0.8528799795201931;94440;-0.6558490888385612;0.0;13.9;Dropout
6.0;0.0;0.0;1.8334897831382375;0.0;4.0;38.0;1.0;1.0743921084616148;130.2;;0.8484918490766015;22476;1.0;-0.18476037052630803;0.0;147.0;51149;;0.0;1.0;-0.3558473656683313;;34.0;0.0;1.0;0.0;1.0;;-0.7052072853082931;1.4;85176.0;89.0;-0.41060936368170925;0.0;0.0;;0.0;;0.012046025055529607;1.4828339925095613;1.0;-0.19187040417668064;18.0;-0.32856849587562137;0.0;;;31241;-0.9182981257382491;1.0;18.0;0.05449557715464238;55250;0.3764551592101874;0.0;10.8;Dropout
6.0;0.0;0.0;-0.9642940179416516;0.0;5.0;37.0;1.0;-0.48883911034428434;114.3;0.0;-0.33728700784195703;57999;1.0;-0.23493186628795537;0.0;122.0;59862;9254.0;0.0;6.0;-0.3504892306963654;;37.0;0.0;0.0;6.0;1.0;0.0;0.8142384003799;2.8;75819.0;;1.5847044157369163;0.0;;0.580084167568543;0.0;0.0;-0.5563484813432451;0.6806060876196242;0.0;1.2339592386706628;17.0;-0.3020960316877769;;1.0;-4.06;87453;1.5280824010767269;1.0;;0.4084283126590545;12819;-0.05208726530650062;0.0;15.5;Dropout
6.0;0.0;;-1.0285960942212329;0.0;99.0;37.0;1.0;1.1696001436820296;100.0;0.0;1.2397783086070346;97038;;-1.115933858591372;;100.0;17860;8014.0;0.0;6.0;0.9107280780043294;0.0;;0.0;1.0;99.0;1.0;;1.037305600003608;;15432.0;57.0;-0.4608723132490582;;0.0;-0.8922229553220049;0.0;0.0;-0.597334592967124;1.4212744789983416;0.0;-0.5994674356994198;39.0;-0.49077704275676737;0.0;1.0;-1.7;69712;-0.4226587611088901;1.0;34.0;-1.18467980019154;67823;0.8226740610419853;0.0;12.7;Dropout
6.0;0.0;4.0;-1.005634684261482;0.0;9.0;37.0;1.0;0.351697767915665;;;-0.039354060310192646;78922;1.0;2.150219214422729;0.0;;26548;9773.0;0.0;6.0;-0.08817059256739312;12.0;;5.0;1.0;3.0;2.0;13.8;1.084506292594542;3.7;39706.0;19.0;-0.3472909043253106;0.0;0.0;1.882873676465777;0.0;13.0;-0.3951763214792695;-0.6056676727082282;0.0;0.9781107376787682;39.0;-0.3444752526824457;14.0;1.0;;66100;-0.7458789697133866;1.0;47.0;0.8124162516419721;73419;0.9650920121259146;0.0;12.7;Dropout
5.0;0.0;3.0;-0.13139633776526344;1.0;4.0;19.0;1.0;1.2002567810201206;120.7;0.0;0.13174386033759755;23397;1.0;-0.219990917713377;0.0;127.0;16860;9130.0;0.0;5.0;1.3593124126093414;11.0;38.0;1.0;1.0;5.0;1.0;12.0;1.4710168911386976;3.7;;74.0;-0.4665289746918543;1.0;0.0;0.09738927517017688;0.0;9.0;0.2985217613487433;0.3941902562441439;;1.1372446658984114;43.0;1.1907918238466282;12.0;1.0;;85226;0.3626109034316211;;18.0;2.172428364524554;46071;-0.25221985825821086;0.0;12.7;Enrolled
5.0;;3.0;-1.9843758714514073;0.0;4.0;1.0;1.0;0.8018925201094736;120.0;1.0;-0.27467466424593767;25032;1.0;0.5969309928230956;0.0;100.0;53710;9670.0;0.0;5.0;-0.11627715999444423;7.0;1.0;3.0;1.0;4.0;1.0;11.333333333333334;0.29244500007902535;-0.8;93800.0;8.0;0.19245236471668217;0.0;0.0;-1.0941030428499863;0.0;7.0;1.244621006793318;-2.2292269944610985;0.0;-1.7358918262580079;;-1.214428778915135;13.666666666666666;1.0;-3.12;90194;0.4265524967597343;1.0;26.0;-1.2628337297844632;74384;-1.8522492859204922;;9.4;Dropout
6.0;0.0;0.0;-1.4331094235599389;1.0;9.0;38.0;3.0;-2.4646951804792008;127.3;0.0;-0.5225109588080608;55345;1.0;-0.3346528576816054;0.0;114.0;62273;9254.0;;6.0;-0.3670291509426011;14.0;3.0;3.0;0.0;3.0;1.0;12.333333333333334;1.2379467016632417;1.4;49323.0;91.0;-0.3881958429258556;1.0;0.0;-0.8302541227472741;0.0;16.0;-2.22039688644412;-0.11398795885256933;0.0;-0.12815099403535957;17.0;-1.7490584232715904;;26.0;1.74;34343;-1.7366700934096848;1.0;20.0;0.3542088059895286;72414;-0.7566448990662162;0.0;10.8;Dropout
5.0;0.0;0.0;-0.6223387938333408;1.0;;37.0;1.0;0.614895616247997;163.5;1.0;-0.5471099631476519;31783;1.0;-0.3547636723554835;0.0;100.0;21368;9773.0;;6.0;1.2778750041065372;7.0;37.0;1.0;0.0;0.0;2.0;;1.6241799523204246;1.4;98948.0;31.0;0.48725556920696034;0.0;0.0;;;12.0;0.6230021213018256;0.3867512824095934;0.0;-0.9777417231970083;39.0;1.2067851072343152;0.0;1.0;;98851;-0.48110978692308654;19.0;50.0;-0.7853096953500125;62279;-0.09768928087269177;0.0;10.8;Dropout
5.0;0.0;3.0;-1.1959253138250674;;;19.0;1.0;-0.3436754856144842;133.9;1.0;0.2711662968367763;89334;;-0.4554436626696503;;136.0;73754;9130.0;0.0;5.0;0.021550019626334203;7.0;19.0;4.0;0.0;8.0;1.0;13.0;-1.122052363884504;1.4;13893.0;69.0;-0.4809869834013514;1.0;2.0;1.8249849162168217;0.0;11.0;-0.11115166119347974;0.4772325426010965;0.0;-1.5018338541836782;1.0;-0.19201775934058218;12.0;1.0;;21532;-2.172049974217483;1.0;20.0;2.689606059597463;40836;-0.7764870520041143;0.0;10.8;Dropout
5.0;0.0;;1.062411814024592;0.0;4.0;1.0;1.0;1.1650111872681763;130.0;1.0;-0.7745649658228669;85434;1.0;-1.5498457879892507;4.0;130.0;19465;9119.0;;6.0;-0.12643426709623662;6.0;1.0;6.0;1.0;4.0;1.0;13.166666666666666;-0.6032381417632023;0.6;91930.0;87.0;0.7907885211840321;0.0;0.0;;2.0;7.0;0.5257222810988356;-1.5740771714323234;0.0;0.7920308379944858;7.0;-0.3882322924825359;15.142857142857142;1.0;;79745;-0.6757070868755435;40.0;27.0;1.2396324781502501;99876;-1.0546242113337532;0.0;11.1;Dropout
6.0;0.0;3.0;0.006648201517649987;0.0;;1.0;1.0;0.5912074951367997;117.2;0.0;0.9532048834912875;95849;1.0;-0.16062114012076936;0.0;113.0;85487;9254.0;0.0;6.0;0.03356064281594556;8.0;37.0;5.0;1.0;10.0;1.0;11.2;-1.495700709517121;2.6;24383.0;77.0;1.5183670181085638;;0.0;1.3193086485871355;0.0;;1.1855433372609887;-0.39016591090067043;0.0;0.4733229189333892;17.0;-0.11121712373266902;11.666666666666666;;;44757;-0.6326432726042854;1.0;20.0;0.28210734302997015;66071;0.06975228422348613;0.0;;Dropout
9.0;0.0;6.0;0.5770219209361136;0.0;5.0;1.0;1.0;0.6029690379656071;143.3;0.0;0.6532259246028234;45570;1.0;-0.4070076543194302;7.0;140.0;92797;9085.0;0.0;12.0;1.4666495131783384;19.0;1.0;;0.0;5.0;1.0;13.666666666666666;1.0611441247247708;1.4;75640.0;19.0;0.07754714379504593;;0.0;1.216615458798611;4.0;15.0;-0.7551260758165749;-0.2507605008574842;;0.2634594064777584;;0.2092767007791268;13.5;1.0;3.51;66396;0.2974609850565123;42.0;23.0;-1.2278674758694206;51580;2.430303102733281;0.0;8.9;Enrolled
6.0;0.0;1.0;0.46753017929393614;1.0;9.0;37.0;1.0;-0.2722427957082504;115.8;1.0;1.0994164409698404;35701;0.0;1.171524509184777;4.0;120.0;67612;;0.0;9.0;0.30607773178738834;14.0;37.0;4.0;0.0;9.0;1.0;10.0;-1.5085322673883428;3.7;19064.0;13.0;2.2183284347698473;0.0;0.0;0.5569161527640661;1.0;;0.9443046778972468;-0.42907509632434643;0.0;-1.0854969217852741;43.0;-0.5240512271183657;10.0;;-1.7;85151;-0.7877957562307373;;28.0;-0.9860560747762581;78913;-0.48818806203637516;0.0;;Dropout
8.0;1.0;7.0;-0.20677308976638484;0.0;7.0;38.0;6.0;-0.9126061921077914;129.5;0.0;-1.1289243559929987;57503;;-1.1967001175845153;0.0;143.0;59015;9500.0;0.0;;1.2494839889235163;8.0;19.0;7.0;1.0;9.0;1.0;13.79857142857143;-1.7798423404806971;1.4;99046.0;;1.1275293428717001;1.0;0.0;0.32904178781092575;0.0;8.0;-1.2540428643279284;0.7250058466395507;0.0;0.21046426297414933;1.0;0.505931127647303;13.79857142857143;1.0;1.74;50434;-0.5510477552275928;1.0;18.0;0.7462745056817888;31845;-0.0028058524917748207;0.0;10.8;Graduate
6.0;0.0;0.0;0.9881315252266694;0.0;5.0;37.0;1.0;-0.4328869589705256;161.1;1.0;-1.6994765467864439;20352;0.0;-0.577147177554855;;120.0;75862;8014.0;0.0;6.0;-0.23462440215894628;9.0;37.0;6.0;;5.0;2.0;12.142857142857142;-1.0973926808951608;0.3;29296.0;37.0;;0.0;0.0;0.5398631944766077;;;0.12759923276725563;-0.21682743459836076;0.0;-1.3104631879337514;43.0;-0.9622625738088963;;1.0;-0.92;17343;1.3038877101934838;1.0;47.0;-1.3624921977174909;96022;-1.3120358772309886;0.0;16.2;Dropout
0.0;0.0;0.0;0.4521478851829387;0.0;4.0;3.0;;-1.7998922615309485;119.7;0.0;-0.004185755631763539;75297;;-0.8984404667540822;0.0;120.0;32401;171.0;0.0;0.0;1.089403907228681;0.0;;0.0;1.0;7.0;1.0;0.0;-1.7383120105244307;1.4;43124.0;29.0;-0.06119892705183975;1.0;0.0;0.7360154431432946;0.0;0.0;-0.2425167693359833;0.09932696059857436;0.0;0.07726194217350209;1.0;-0.3018261778491861;0.0;;3.51;83219;2.064192129289445;1.0;21.0;-1.331113844742068;76228;1.2434010550415135;;8.9;Dropout
13.0;0.0;;-0.31840027312214836;0.0;3.0;38.0;1.0;-0.5903437345466456;120.1;;2.898800613559521;88263;0.0;1.4425303940118088;11.0;150.0;92907;;0.0;15.0;0.23768483642294919;15.0;19.0;12.0;0.0;3.0;2.0;11.916666666666666;0.27215802982543186;1.4;67174.0;5.0;-1.6614592002832689;0.0;0.0;-0.7415980065263982;8.0;14.0;0.04627946800738833;-0.489619599268823;0.0;-0.6615508390795274;43.0;-2.2146962552847524;11.25;1.0;1.74;21843;-0.920904428185305;1.0;39.0;0.008831265167877921;67499;0.8747430433514232;0.0;10.8;Dropout
5.0;0.0;3.0;-1.683909861113983;0.0;4.0;;1.0;-1.4641590995394322;;1.0;1.2662087780945706;25271;1.0;-0.8694084448546713;0.0;150.0;89313;9130.0;0.0;4.0;0.8825756619804925;12.0;19.0;2.0;0.0;4.0;2.0;;-1.0845426453859683;-0.8;14514.0;24.0;-0.7061372242607193;0.0;0.0;0.73195872931211;0.0;9.0;-0.9890342848495;1.0648244418400847;2.0;1.0507908188324662;;1.172237134863775;11.666666666666666;1.0;-3.12;73398;1.0192567375916903;1.0;31.0;0.1334166695435745;33974;0.8057341394659173;;9.4;Dropout
5.0;0.0;;0.5206583924017935;0.0;2.0;2.0;1.0;-1.4377408037578108;140.0;1.0;-0.5544463085067131;27800;1.0;0.5622998447261367;2.0;140.0;72598;9130.0;0.0;5.0;0.966646236679964;7.0;38.0;2.0;0.0;3.0;1.0;13.0;-1.690282912003786;3.7;61355.0;67.0;-0.6041366901672663;1.0;0.0;;0.0;5.0;0.4368834560502014;1.1392341863148012;0.0;-0.3631449908286577;7.0;-0.1760876965596295;0.0;1.0;-1.7;49604;0.387807292776588;3.0;18.0;0.38003140719429374;41641;1.359795811304745;0.0;12.7;Dropout
11.0;;5.0;-1.2613033780259002;1.0;2.0;5.0;1.0;0.11647884722620945;;1.0;0.424512134431341;37226;1.0;0.97016147340598;8.0;140.0;99898;9085.0;0.0;13.0;-0.9416195290399083;13.0;3.0;8.0;1.0;2.0;1.0;13.5;-0.04187332010517151;0.6;36294.0;;-0.9530254487620436;0.0;0.0;-0.20637242832903097;5.0;;1.5862872655147806;-0.30834174443895124;2.0;0.23124216041285123;7.0;0.6701040917371585;14.4;1.0;2.02;52537;-1.7387887328326623;40.0;27.0;-0.43952529781711375;95462;-0.4273413546948073;;11.1;Dropout
6.0;0.0;4.0;0.38028312559085314;;9.0;1.0;1.0;0.5340489395039607;141.7;1.0;0.7275869074436836;82079;;-0.1461229114154082;0.0;148.0;37255;9130.0;0.0;6.0;0.07195760638406297;8.0;;5.0;;9.0;1.0;;0.017112028447046856;1.4;48963.0;15.0;-2.1959046462989926;;0.0;-0.313247785321797;;;-0.9718568708163785;2.850589233202246;0.0;0.2333680239557779;1.0;0.4765745842662499;13.0;1.0;;33599;-0.7911702568315877;1.0;18.0;0.9201465461310853;74910;-0.3024178198456219;0.0;8.9;Dropout
5.0;0.0;0.0;0.07888855867289704;0.0;;;1.0;-0.0317934801752158;;;-1.3683882407328614;39308;0.0;-1.3768110009404684;0.0;120.0;89577;9991.0;0.0;5.0;0.957197952550523;9.0;19.0;1.0;1.0;9.0;1.0;10.0;-1.8697830974860992;3.7;39968.0;80.0;1.0246467407122566;1.0;0.0;0.47654630923866603;0.0;;0.18964552166322302;-0.7664777977330396;0.0;-0.07579961205376942;39.0;0.549813780371322;;1.0;-1.7;55002;-3.027832705736764;1.0;27.0;-0.8618147129764268;20004;1.7098785318866498;0.0;12.7;Dropout
5.0;0.0;;-1.3603691840398002;0.0;4.0;2.0;1.0;-0.4987904973384019;127.5;1.0;1.3696258690346048;75634;0.0;-1.3641538587636903;0.0;145.0;13058;9991.0;0.0;5.0;1.116485369737188;;37.0;5.0;1.0;9.0;1.0;12.428571428571429;-0.7137011734705238;2.6;85873.0;8.0;-1.8600191617644113;1.0;0.0;-0.6496575504081362;0.0;;0.8558731210790134;1.007196913880258;1.0;0.10533208967699074;1.0;-0.007775528574346402;11.8;1.0;0.32;26843;0.32356628458903347;1.0;22.0;0.6266443535564412;82402;0.6327281029445585;0.0;7.6;Graduate
14.0;0.0;12.0;0.25839704103481737;0.0;9.0;37.0;6.0;-0.9474081622389258;110.4;1.0;-0.1674241268209407;92500;1.0;0.8597640647960797;13.0;130.0;77282;9147.0;0.0;15.0;1.2534344767925931;15.0;37.0;13.0;1.0;9.0;;10.76923076923077;-0.07463875197299875;2.6;51089.0;15.0;0.9288792838403086;;;-1.3168186166275062;11.0;;-0.2967407281654502;-0.9510006745873693;0.0;0.30378024003451876;17.0;0.3882273927391748;;;0.32;30604;-1.0767909978244041;1.0;25.0;0.2141206786681254;20680;-2.2192218213441612;0.0;7.6;Dropout
8.0;0.0;;0.1913194369304747;0.0;7.0;38.0;1.0;-0.31719299236471077;;0.0;-0.09068084460786036;49440;1.0;-1.2605940187998574;0.0;140.0;36051;;0.0;8.0;0.10472772510249213;14.0;37.0;4.0;1.0;8.0;1.0;;-0.35682327346988724;3.7;;28.0;2.1855499694698497;0.0;1.0;1.147719040105178;;14.0;1.3603929215566573;0.7730242482628913;1.0;-0.8963940276830782;7.0;-0.9612844126119443;11.325;1.0;;52588;0.1339269370939702;2.0;29.0;0.6006490856285324;47316;0.4548209756370096;0.0;12.7;Dropout
6.0;0.0;0.0;0.1949475013950915;1.0;;2.0;1.0;-0.8222230412277458;120.0;1.0;0.02378465943385564;22382;;0.3920266110599123;1.0;133.1;96585;9670.0;0.0;6.0;1.5402095411294408;;;2.0;1.0;10.0;1.0;12.0;-0.32948322705273764;0.6;13743.0;47.0;-0.7783332723543573;0.0;0.0;-0.45095126002343294;0.0;7.0;-0.42968834141871515;0.6950039934664294;0.0;0.4029393409613626;51.0;-1.1711785562297325;0.0;1.0;2.02;80972;2.5709519217185655;19.0;32.0;1.1819980519255384;47530;-0.5816980607695965;0.0;11.1;Dropout
6.0;1.0;3.0;0.14699691728869863;0.0;9.0;;;-0.06283074212131123;114.3;0.0;1.1445401393078949;92425;1.0;0.11434910982059632;0.0;122.0;61049;9254.0;0.0;6.0;-0.6572065696155527;12.0;;4.0;0.0;9.0;1.0;11.25;1.1792869787361118;2.6;71442.0;65.0;0.38757049113403363;1.0;;0.0184485787202093;0.0;12.0;-0.11629470319879494;-1.0117381173518114;0.0;0.8638641631478498;1.0;-0.10110593350525482;11.333333333333334;1.0;0.32;56233;1.5931380062474882;1.0;20.0;-0.4553323451048814;42630;0.8981718246566575;0.0;7.6;Dropout
5.0;0.0;;-0.6523881861231408;0.0;6.0;37.0;1.0;-1.5215317740789056;150.0;1.0;-0.755182158201408;43418;0.0;0.3771324843110272;3.0;150.0;27764;9991.0;0.0;;-1.4947651696910236;9.0;37.0;;1.0;6.0;1.0;13.5;2.146544792323574;1.4;44506.0;1.0;-0.3986322912947266;1.0;0.0;-0.6101250410080655;0.0;6.0;-0.9931541964265714;-0.13060296450556305;0.0;0.39734804343584346;7.0;-0.6797763803957657;16.2;1.0;3.51;89048;-0.7670063211468412;40.0;44.0;-0.6610775318194285;54585;0.4081904694201736;0.0;8.9;Dropout
8.0;0.0;7.0;0.5916091341003569;0.0;2.0;3.0;1.0;0.7013175782057279;121.3;0.0;-1.7069700047844523;63915;1.0;0.4715848078458876;0.0;100.0;38338;9500.0;0.0;8.0;-0.2776108938522768;11.0;1.0;7.0;1.0;5.0;1.0;11.705714285714285;-0.31329848598180216;;63897.0;40.0;0.8270759467747779;1.0;0.0;;0.0;11.0;0.126590357069789;1.8677394463645325;0.0;-0.3541734110693161;39.0;1.4254641732494264;11.705714285714285;1.0;1.74;34694;-1.008782218746916;;34.0;-1.6883937561515834;23721;-1.740542764022799;0.0;;Enrolled
8.0;0.0;7.0;-0.6876557942866617;1.0;9.0;37.0;3.0;-0.5670311220756922;141.5;0.0;0.3229552929000445;96337;1.0;-0.9336707844179017;0.0;140.0;88991;9500.0;0.0;8.0;1.1958422843464558;8.0;37.0;7.0;0.0;9.0;1.0;13.327142857142857;-1.3218815325797542;1.4;86193.0;25.0;-1.1944107865051334;1.0;0.0;0.8531761582840144;0.0;8.0;0.0030229454989701434;-0.8143015702481182;0.0;0.17440166382805158;1.0;0.37514442930711006;13.327142857142857;1.0;1.74;11483;1.2929815391113106;1.0;19.0;-2.0190020959228363;69514;0.26883017049547747;0.0;10.8;Dropout
6.0;0.0;0.0;-1.0745909140082592;0.0;9.0;;1.0;0.3762569002823384;120.0;0.0;-2.043658086173129;90762;0.0;-0.9755281790147413;0.0;120.0;82406;;0.0;6.0;-1.086207171125085;;1.0;0.0;0.0;9.0;2.0;0.0;-0.2345830986138149;;72649.0;23.0;-0.13179107959052716;0.0;;-0.24073954115370055;0.0;0.0;0.6359012448448663;0.4018659871179711;0.0;-0.3637611723073049;;-0.7164813901205392;0.0;1.0;1.74;37725;-1.0048014641148848;3.0;35.0;-0.17597415806947792;70920;0.21062772725160755;0.0;10.8;Dropout
8.0;0.0;7.0;0.6746337043314335;0.0;9.0;19.0;;0.887221995631192;128.8;0.0;-0.3011035951355401;85137;1.0;0.7149271341004025;0.0;130.0;42286;9500.0;0.0;7.0;-1.4698580128777539;;1.0;;1.0;4.0;1.0;13.39;0.19429310341952244;0.6;41817.0;14.0;1.1211802637319142;;0.0;;0.0;;-0.6362060404222939;0.3354838862849767;0.0;-0.11873992377100727;17.0;-0.2715404385055802;12.757142857142856;1.0;2.02;20070;0.991122767039087;1.0;18.0;-0.10752288086961366;86649;0.3634624864647865;0.0;11.1;Enrolled
5.0;0.0;1.0;0.9364306008908072;;4.0;1.0;1.0;0.3278708819310001;129.8;1.0;1.1868742898588183;41813;;-0.6293446105643965;0.0;142.0;33626;9119.0;;5.0;-1.7205089878778843;5.0;38.0;0.0;1.0;;1.0;0.0;-0.05327854476984291;1.4;30393.0;55.0;-0.04887052982786454;1.0;0.0;;0.0;;-0.6819956245505742;-0.04228295456847738;0.0;-1.1876873263603505;1.0;0.13300658198809953;15.0;1.0;1.74;57077;2.7358655045915286;1.0;18.0;-1.0860831239438267;50037;0.5755288519133087;0.0;;Enrolled
6.0;0.0;3.0;0.6061980999477652;0.0;9.0;;1.0;0.7991267895980826;114.8;0.0;0.5790939035087382;70341;1.0;-2.7501484920051484;0.0;120.0;12901;9773.0;0.0;;0.7359442841916457;11.0;37.0;4.0;1.0;9.0;1.0;12.25;0.6106911182243943;2.6;89859.0;23.0;-1.628627687756003;1.0;0.0;0.5701526999497136;0.0;11.0;0.4624921178999815;-1.731130387540856;;1.3800660171988146;1.0;-0.06800295614891692;11.0;1.0;0.32;99210;0.6754182278013282;1.0;19.0;-0.8710996998684417;57758;1.4959659598217314;1.0;7.6;Enrolled
5.0;0.0;5.0;-0.20719486146244043;0.0;1.0;3.0;;-2.0666392628540713;160.0;0.0;1.042356065725276;40059;0.0;0.6487552978838649;0.0;130.0;21109;9991.0;0.0;;-1.447604725280935;5.0;1.0;;1.0;10.0;2.0;14.6;2.2119092501962143;3.7;33383.0;81.0;1.2416534170506592;0.0;0.0;;0.0;5.0;1.3971904900745638;0.8286250343133083;0.0;1.935487537635181;39.0;0.2717460329342649;15.4;1.0;-1.7;53986;1.184013718282857;;30.0;1.5234538572959289;21961;0.41388898961429843;0.0;;Dropout
6.0;;0.0;-1.9394657039169663;0.0;9.0;19.0;1.0;-0.49285666370388637;140.0;0.0;0.620351365202829;59403;1.0;-1.0362612880687683;0.0;140.0;12913;9130.0;0.0;;0.5490303260169846;0.0;;0.0;1.0;9.0;1.0;0.0;-1.7131208570803202;0.5;13181.0;84.0;-1.2959759103663546;1.0;0.0;0.10909804445198702;0.0;0.0;0.6290102476309841;0.011616281868419641;0.0;-0.7039308007205357;7.0;0.06865454446230801;0.0;1.0;1.79;26029;1.068029990157068;3.0;23.0;0.875839780302813;41265;0.022898460474464498;0.0;12.4;Dropout
6.0;1.0;0.0;1.4816901708869763;0.0;7.0;19.0;2.0;1.103076666789084;;0.0;2.410334488783408;40360;1.0;0.4671358779052533;0.0;130.0;39697;9254.0;0.0;6.0;-0.3280865836401776;9.0;19.0;1.0;1.0;7.0;1.0;10.0;-0.5070796670338041;3.7;;83.0;0.07873414321421825;1.0;0.0;0.2116987594698118;0.0;6.0;1.8474122486111448;1.1038456727027126;1.0;0.7861709406314517;17.0;-1.39065674847008;0.0;1.0;-1.7;62538;-0.5570983272440767;1.0;18.0;-1.2616068747216234;60530;1.1479675541882248;0.0;;Dropout
6.0;0.0;0.0;-1.9550974407886346;0.0;4.0;1.0;3.0;0.5092295383162215;112.4;;-0.588239627656815;85484;1.0;1.3928218493169693;0.0;118.0;26904;9238.0;0.0;6.0;-0.7705981836478748;10.0;19.0;;1.0;;1.0;11.285714285714286;1.5411431773615063;0.3;10963.0;71.0;0.5826442968590089;1.0;0.0;0.7587962314981597;0.0;7.0;0.5553074712219529;0.23175810520281678;0.0;1.4578681877180113;17.0;-2.1509045675039107;;1.0;-0.92;76286;0.29019055987471154;1.0;19.0;-0.4423480511189051;47483;2.2427407235897676;0.0;16.2;Dropout
0.0;1.0;0.0;0.5860613934188822;0.0;4.0;1.0;1.0;1.8484632655514626;136.8;0.0;0.3981316770083233;77604;1.0;0.016762457261947625;0.0;141.0;11818;171.0;0.0;0.0;-0.9987223254239641;0.0;38.0;0.0;1.0;8.0;1.0;0.0;-0.5220455602658349;-0.3;76694.0;61.0;0.1198503182351572;;0.0;-0.04185920406504428;;;0.5192928558543685;0.06446923159692655;;-0.9576270690748248;1.0;-0.373609044891991;0.0;1.0;0.79;88352;-0.9564356505285982;1.0;18.0;0.40600269165640335;99088;0.9150707541680891;0.0;13.9;Graduate
6.0;0.0;0.0;2.1102368511391236;0.0;0.0;34.0;1.0;1.7043804799670172;135.0;0.0;-0.43812047121265035;95174;0.0;0.9957658316635309;0.0;133.1;80153;8014.0;0.0;6.0;0.20629084067694553;12.0;34.0;0.0;1.0;0.0;2.0;0.0;0.7894935055744232;2.6;90067.0;53.0;;0.0;1.0;0.4500134504595026;1.0;11.0;0.6792928806699192;0.37254103263737026;0.0;-2.158432732356189;;0.5604927050983572;0.0;1.0;0.32;53275;1.2899281407622671;12.0;51.0;-0.6264510243605412;34959;0.20620612680809017;0.0;7.6;Dropout
6.0;1.0;5.0;0.14946644794310449;;9.0;38.0;1.0;0.29959213445063676;124.8;0.0;0.9568012699148709;33971;1.0;0.15379768053620216;0.0;123.0;89127;9070.0;0.0;6.0;-0.7541578142475256;7.0;38.0;5.0;0.0;5.0;;;0.6309006973476589;;48904.0;26.0;0.7338134110719444;0.0;0.0;-0.9869192077450982;0.0;7.0;1.4881707557791632;-0.9875308144435018;;1.5167993360401737;;-0.3623690345635789;13.0;1.0;3.51;48191;-1.0851269562418255;1.0;18.0;-0.8086953154054325;14619;0.43253054976891864;0.0;8.9;Enrolled
10.0;0.0;5.0;0.29123304459846505;0.0;;38.0;1.0;-0.25197861888480677;;1.0;-0.06157487605049596;93165;0.0;1.5874293281411473;10.0;130.0;90699;9991.0;0.0;10.0;-0.00497280969399933;10.0;38.0;10.0;1.0;7.0;1.0;13.6;1.2368798568138026;1.4;65244.0;51.0;-0.20235012074701347;;0.0;2.5538507769753256;5.0;10.0;1.2375700661171865;1.5581062272686785;0.0;-0.010324624219021496;7.0;1.2365641134052252;13.6;1.0;3.51;56921;0.7009884932815473;40.0;38.0;-0.3382457837825317;88072;0.256043759398258;;8.9;Dropout
5.0;0.0;5.0;0.37932094961350066;0.0;9.0;2.0;1.0;-0.9584387130669897;117.6;1.0;1.7188448794440452;32276;1.0;-1.0621071087571061;0.0;130.0;85314;9130.0;0.0;5.0;0.4014063867732146;14.0;3.0;2.0;1.0;1.0;1.0;11.5;1.913339744159529;-0.8;96354.0;21.0;0.6026629045979297;0.0;3.0;-0.28385931931625463;0.0;8.0;-1.0848782331087696;-0.37541434278450503;2.0;-0.5194906923144303;;-0.04688669929889871;11.4;1.0;-3.12;29248;1.1317180168575465;1.0;19.0;1.090660885332474;56396;0.01851841527332736;;9.4;Enrolled
5.0;0.0;0.0;0.1981673396599849;0.0;9.0;37.0;1.0;-0.47580856553524736;;0.0;-0.5308159554019765;67520;;-0.00821498041648976;;133.1;21516;;0.0;5.0;0.6126612341642417;;37.0;;1.0;9.0;2.0;0.0;0.33307270710052334;-0.8;93256.0;84.0;0.2099446286073568;0.0;;0.20359300788397736;0.0;0.0;0.8005818876100711;-0.3625615342725832;0.0;0.0473394034653178;39.0;1.3571960642519787;0.0;1.0;-3.12;19753;-0.49164237640851;12.0;25.0;1.1814013025187393;16393;2.1651708315063805;0.0;9.4;Dropout
6.0;0.0;1.0;2.35061348394051;0.0;3.0;;4.0;-0.4082469084893662;126.1;0.0;1.4071265257169843;25640;1.0;0.6731616050414675;0.0;124.0;24795;9254.0;0.0;5.0;0.9343204118063413;5.0;3.0;5.0;1.0;3.0;1.0;11.4;-1.7458297854199043;1.4;13618.0;30.0;0.04436941260527091;1.0;0.0;0.5664655247862109;0.0;11.0;0.26535650579850817;1.2922963172519384;0.0;-0.3690791745269606;17.0;1.1519034392643055;11.0;1.0;1.74;79453;-0.7209955706588379;1.0;20.0;-0.7354468177922702;94223;-0.7490533743164325;0.0;10.8;Dropout
5.0;0.0;3.0;-0.843164852728583;1.0;;19.0;3.0;-0.5932491923817148;115.5;1.0;0.5931395305439708;75508;;-0.19041175701004545;0.0;120.0;86083;9147.0;0.0;5.0;0.16472834528712296;8.0;19.0;3.0;1.0;7.0;1.0;10.333333333333334;-0.7004071762641193;1.4;16214.0;19.0;0.24378719373272661;1.0;0.0;-0.4107905124005407;0.0;11.0;-0.1940350158889276;0.24734219550672992;0.0;2.959457718093084;17.0;1.051286865174467;10.857142857142858;1.0;1.74;22406;-0.1696929436914264;1.0;;0.4605510946343112;28668;1.1549058282426994;0.0;10.8;Dropout
;1.0;6.0;-0.9687266466130996;0.0;9.0;1.0;1.0;-0.9183377477410463;;1.0;-0.032461069086980585;79744;1.0;1.1522189966526697;0.0;110.0;11357;;0.0;;-1.0500900523095997;7.0;19.0;5.0;1.0;9.0;1.0;13.0;2.1860528665936143;;44484.0;49.0;-0.43408697541210967;0.0;0.0;0.007824794249462879;0.0;;-1.7729291554574207;-0.23645003179603927;0.0;-0.5307075321793215;53.0;-1.2035116342070005;12.857142857142858;1.0;3.51;72011;-0.8924315882240806;42.0;23.0;-0.006411752877750488;96320;-0.12585694270057374;0.0;8.9;Graduate
6.0;1.0;0.0;-0.3275010668261888;0.0;5.0;1.0;;0.40157658752204495;102.5;0.0;0.5424423378599244;79776;0.0;-0.4320395395107805;0.0;133.1;77991;;0.0;6.0;0.46572733492027424;16.0;19.0;1.0;1.0;4.0;1.0;10.0;-1.4141978093849739;1.4;35111.0;20.0;0.21290166362990579;0.0;0.0;-0.00432472534322486;;13.0;-1.5401609102602785;0.4138200935533031;;0.3273254123084641;39.0;0.017140667973201705;0.0;1.0;3.51;62011;0.15639759452865903;1.0;27.0;-1.0082354924860506;40987;-1.480419170138724;0.0;8.9;Dropout
5.0;0.0;0.0;1.7408315925815088;0.0;9.0;37.0;;1.6966396781422344;153.0;;0.26126438752919223;34957;0.0;2.0693711516288884;0.0;;21341;9991.0;0.0;;0.6562036422686036;10.0;37.0;0.0;0.0;9.0;4.0;;0.49680656919057314;2.6;23925.0;81.0;-0.505491138155891;0.0;0.0;;0.0;;-0.364467220113099;0.6259840786266159;;1.2922458831548107;43.0;1.2227734874823142;0.0;1.0;0.32;52427;-0.9169701424365914;12.0;40.0;-0.2970745132500433;40754;-0.1883177435865066;0.0;7.6;Dropout
6.0;1.0;2.0;-0.576876608978567;0.0;9.0;37.0;1.0;0.9332567682302587;154.6;0.0;0.35595468025181004;82840;1.0;2.122197504272245;0.0;140.0;14700;9085.0;0.0;6.0;-0.18155923056207843;12.0;37.0;4.0;0.0;;;12.75;-2.5145092240681874;1.4;23607.0;23.0;-1.8961962578243126;0.0;0.0;0.43858942553963837;0.0;15.0;-1.4645915084347443;-0.11833962674372245;0.0;1.2874271963376382;39.0;0.27234472475803834;10.0;1.0;3.51;43986;-0.8445559706661119;1.0;44.0;-1.2642341879976393;29056;-0.5467758337539146;0.0;8.9;Enrolled
6.0;0.0;3.0;0.43029825179079645;0.0;9.0;19.0;;-0.3224200582703233;100.7;0.0;-0.2068710730943909;24314;1.0;0.28207199622729967;0.0;133.1;80236;9003.0;0.0;6.0;-0.2879031284145349;;19.0;2.0;;4.0;4.0;;-1.3512271818895092;;83468.0;38.0;1.1402006107627027;0.0;1.0;-1.649221838258731;0.0;13.0;-0.3437568187539144;0.9223300850147598;2.0;1.0959878489119954;;0.5543599049989679;13.0;1.0;-4.06;98542;0.5469028976583571;1.0;39.0;1.1630552371530958;25444;0.5775773184176594;0.0;15.5;Enrolled
6.0;;0.0;1.0710085412486485;0.0;4.0;1.0;1.0;1.0140288476007093;134.0;0.0;-0.7015885075549914;75975;;0.5526011803546168;0.0;139.0;75824;;0.0;6.0;2.4751773853640233;0.0;1.0;;1.0;10.0;1.0;0.0;0.8869372813999129;0.5;27449.0;;-0.5654478274346068;0.0;0.0;1.7527084424166142;0.0;0.0;0.714341252761957;-1.2705543696607806;0.0;-0.42567575873250213;51.0;-1.3878873051156215;0.0;1.0;1.79;81770;0.6175581695364014;1.0;;1.552472042655303;82033;0.09130022265857075;0.0;12.4;Dropout
9.0;0.0;7.0;0.7789836199251122;0.0;5.0;1.0;1.0;0.34665086683888213;;1.0;-0.3350711199625306;52312;1.0;1.1916714356246376;2.0;120.0;17664;9070.0;0.0;7.0;-1.29305116830348;7.0;19.0;2.0;;8.0;;12.0;0.03596092032975573;0.5;;;0.1413870373327949;0.0;0.0;;5.0;10.0;-0.5809563234561563;0.2618097890549199;0.0;-0.15209864243786073;44.0;1.9187899306080671;12.142857142857142;1.0;1.79;24734;-0.29351432765736535;39.0;21.0;-0.41057308157409034;47864;-1.0220268636479688;0.0;12.4;Dropout
6.0;0.0;5.0;1.018073841563032;0.0;4.0;37.0;1.0;-0.04070435093684261;130.0;1.0;-1.6831449779482226;26195;1.0;-1.1871973989673668;0.0;120.0;13454;9773.0;0.0;6.0;0.4936743719428874;8.0;37.0;5.0;0.0;9.0;4.0;11.4;-0.37644182538827886;1.4;14048.0;74.0;-0.7604223965127959;0.0;0.0;0.6391223576533764;;9.0;0.08346260275123667;0.800269684156359;0.0;-2.1744646468998057;;-0.7913744025654164;12.4;1.0;1.74;97477;-1.646423768116458;12.0;55.0;-0.6490793125443132;60073;1.4710079134897154;0.0;10.8;Dropout
6.0;;;1.4179863692441252;0.0;4.0;19.0;1.0;-0.1031227256474043;130.0;0.0;0.8419483325326256;97682;1.0;-1.3120000145777906;0.0;130.0;89499;9085.0;0.0;6.0;1.0460314463831493;12.0;38.0;5.0;0.0;9.0;1.0;13.0;-0.8143560243549126;-0.3;65800.0;;-0.7302361621819414;1.0;0.0;-1.7366421124332418;0.0;12.0;-1.0699519582790673;0.621795104950817;0.0;-0.07449543636922677;43.0;-1.9944251417501968;11.666666666666666;1.0;0.79;21674;1.1708606234339867;1.0;19.0;1.0545944376485756;38667;1.0901340044757244;0.0;13.9;Enrolled
7.0;0.0;4.0;0.3082317096919268;0.0;;37.0;1.0;-0.19994013798826385;124.5;1.0;-1.2351639721754797;78361;1.0;1.2564189138576347;0.0;133.1;33632;9500.0;0.0;7.0;-0.3412652412228724;11.0;37.0;5.0;0.0;7.0;;12.18;-1.9965425396350924;0.6;76716.0;;-1.0389891372689044;0.0;0.0;-0.7925286732930206;0.0;11.0;0.29876728497083155;-2.2410494576741877;0.0;0.03280671093190586;39.0;-0.3511257378250668;11.8125;1.0;2.02;83107;-0.44840136608260234;1.0;38.0;1.216148940980018;48124;1.5860555320964014;0.0;;Dropout
5.0;;0.0;-0.4570488983217358;0.0;4.0;1.0;1.0;0.6510661227372702;95.0;1.0;-0.21764705523569966;23161;1.0;0.2739884728729994;0.0;133.1;97218;9147.0;0.0;5.0;-0.1685167519008272;14.0;19.0;0.0;1.0;8.0;1.0;0.0;0.6934058862266377;0.6;63814.0;68.0;0.9482969578735007;;0.0;1.389345120805054;0.0;5.0;0.508135391469566;-0.12659255553717957;0.0;0.741723203612461;17.0;-2.4474838515210666;0.0;1.0;2.02;48396;2.062315018745959;;20.0;-1.1144114018925153;53432;0.2369646640681163;0.0;;Dropout
0.0;0.0;;0.14721889056049428;0.0;9.0;37.0;4.0;0.1396700822764214;123.8;;0.6480450414810331;45133;1.0;-0.22650524597978958;0.0;136.0;57781;171.0;0.0;0.0;-0.4014666307291741;;37.0;0.0;;;1.0;0.0;-0.28314736965757137;2.6;35643.0;38.0;;1.0;0.0;4.151241397039601;0.0;0.0;-1.422934257014142;-1.2140369125253818;0.0;1.7954873629768249;43.0;-1.0851251447911667;0.0;1.0;0.32;46532;-0.13239687179122708;1.0;19.0;-0.1480446687526502;37934;-0.03573306828069045;0.0;7.6;Dropout
11.0;0.0;9.0;-0.33905346112943335;0.0;2.0;2.0;1.0;-0.72842279757699;120.0;0.0;0.8393967170999113;76433;0.0;0.011123302881161038;10.0;120.0;98088;;0.0;16.0;0.00022231286408052955;24.0;;;1.0;;1.0;13.846153846153848;-1.521865174513654;2.8;17115.0;36.0;0.025934564565606395;;0.0;1.1946924650570308;;15.0;-0.7518862965979884;1.285771704336988;0.0;0.7113096439996707;7.0;2.5585118331044456;12.555555555555555;1.0;-4.06;55384;0.13577738739547338;4.0;18.0;-0.05893838787123415;63635;0.703560482618621;0.0;15.5;Dropout
5.0;0.0;0.0;2.5215519817090657;0.0;3.0;3.0;4.0;-0.7768521091003517;138.7;1.0;-1.7746519368372387;27981;1.0;-2.3860414723640693;0.0;146.0;91832;9147.0;0.0;5.0;0.8994925626872124;0.0;1.0;0.0;;10.0;1.0;0.0;0.030189139510283732;1.4;;30.0;-0.5366577300982632;0.0;0.0;1.036943410250951;0.0;0.0;-1.2671702674073555;-0.390673901996621;0.0;1.070645154415591;1.0;-0.3800407775032198;0.0;1.0;3.51;53395;-0.43175143065452837;1.0;18.0;-0.770776273654919;51884;-0.5774750209209021;;8.9;Dropout
7.0;;;-0.5326566529512831;1.0;5.0;19.0;1.0;0.3059039812816682;121.4;0.0;-0.09184807522507778;52570;1.0;-0.19056231445700128;;133.1;65421;9500.0;;7.0;-0.19820795390176538;12.0;19.0;4.0;1.0;;1.0;13.375;0.581248015410128;-0.3;;44.0;-1.693070064351189;0.0;0.0;;0.0;7.0;0.5092147968178518;1.1747038525397995;0.0;-0.017466039429279313;39.0;-1.4277871679797909;13.5;1.0;0.79;21345;0.24340916908415777;1.0;28.0;0.385981694087448;79140;0.1300595547198361;0.0;;Enrolled
6.0;0.0;0.0;0.48314100447964037;0.0;;37.0;2.0;0.42865121568327524;106.1;;0.45974469944882207;19227;1.0;-0.7530467391932236;0.0;112.0;19481;9254.0;0.0;6.0;3.1105921390630384;0.0;37.0;0.0;0.0;6.0;1.0;;-0.20067369012537317;0.6;20774.0;15.0;0.7954311841718266;1.0;0.0;-0.8474971957101705;0.0;0.0;0.16400656054818072;-1.2170438417526102;0.0;1.2842975636237735;1.0;0.025297886566117544;0.0;1.0;2.02;24101;3.4765673550531067;;20.0;-0.6999453350839511;79980;-0.17567789932136524;0.0;11.1;Dropout
;0.0;6.0;-1.5008655991366413;1.0;;1.0;1.0;-0.3131326443167842;160.0;0.0;0.052016109262326755;12025;1.0;0.9180716336150824;0.0;110.0;90744;9085.0;0.0;6.0;-0.45273759254281193;7.0;1.0;6.0;1.0;5.0;1.0;16.428571428571427;0.11599268331242134;-0.3;83977.0;;-0.6765570691592956;;0.0;0.9951740832003304;0.0;;-0.049711794235579934;0.39064278406520636;;0.011132328812615474;39.0;-0.8978037450319751;16.666666666666668;;0.79;76210;-0.3489689911360931;1.0;30.0;-0.5402607453563752;67073;-1.4610343171899207;0.0;13.9;Dropout
6.0;;5.0;0.13281839312141236;0.0;5.0;37.0;3.0;-1.1320056227462443;;0.0;1.3440749576735447;31628;1.0;0.9950307783840061;0.0;;41347;9853.0;0.0;;1.3775151656656583;6.0;37.0;6.0;1.0;;1.0;13.5;0.0381268154874417;3.7;92192.0;53.0;-1.1172606724355594;1.0;0.0;;0.0;8.0;-0.1282815381413193;0.00794060205469651;0.0;1.1406061989369434;17.0;0.8645191996739301;;1.0;-1.7;72611;1.2763285179936914;1.0;;-0.10134272983504104;19306;0.12745550483907234;1.0;12.7;Dropout
6.0;0.0;;-0.28710385543127714;0.0;9.0;37.0;1.0;1.2509651170851321;130.0;1.0;-0.8218068999146023;74022;1.0;0.5766802341299105;0.0;130.0;32682;9003.0;0.0;6.0;0.543924862372721;6.0;37.0;0.0;1.0;10.0;1.0;0.0;-0.706794808628176;;64668.0;86.0;;0.0;0.0;-1.2105851651398536;0.0;8.0;0.32283543543259097;2.764069260055646;0.0;0.8044996096885147;44.0;-0.8895447793860404;0.0;;-4.06;45369;0.0906337175905492;39.0;25.0;-1.489062282225359;90284;-0.440966891743302;0.0;15.5;Dropout
;0.0;0.0;0.6756853858444289;0.0;9.0;37.0;;1.0386046095271007;119.4;1.0;-2.0490411301901967;55696;1.0;0.39545864879914155;0.0;132.0;61921;9119.0;0.0;5.0;0.108473121143375;8.0;37.0;0.0;1.0;6.0;;0.0;0.05425961329983219;2.6;85971.0;3.0;-0.33412569113368507;1.0;;-1.2735293254384898;0.0;5.0;0.34285149201140547;1.1779276876281528;0.0;0.39272573699621927;17.0;0.2707337101351589;0.0;1.0;0.32;50261;1.1737933114526904;1.0;21.0;-2.0564532699766427;72600;-0.2425521640183039;0.0;7.6;Dropout
7.0;0.0;3.0;0.7017530353646626;;4.0;19.0;1.0;-1.987376500973498;130.0;0.0;0.8103260167685212;37792;1.0;-1.4973467487202679;2.0;130.0;42152;9500.0;0.0;7.0;1.4707610943575977;10.0;19.0;5.0;0.0;6.0;4.0;12.62;0.7352169313239425;0.5;35284.0;62.0;-1.5180541993858732;0.0;0.0;0.975722646501593;3.0;11.0;-0.49557749381354266;1.1138842699707976;0.0;-1.540729020135706;7.0;-1.1470590368724591;14.166666666666666;1.0;1.79;44488;-1.9318868420149187;40.0;42.0;0.9182723666383265;76213;0.36378494564995456;0.0;12.4;Dropout
0.0;0.0;0.0;1.4169984722933255;1.0;9.0;19.0;1.0;1.3395829233135301;143.8;0.0;-0.5370861196184876;32218;1.0;0.5906430799968742;;135.0;76617;;;0.0;-1.6000762456567992;0.0;4.0;0.0;1.0;2.0;1.0;0.0;1.0346436733255826;3.7;;;-1.3807206006046315;1.0;0.0;-0.05741405492750189;0.0;0.0;-0.6355968038704153;2.0278077419724765;0.0;1.0933470002668417;1.0;2.5990281447905534;0.0;1.0;-1.7;87163;1.9448880728549494;1.0;;-0.7403230891118471;68442;1.2725331339866255;0.0;12.7;Enrolled
6.0;0.0;2.0;1.3375693341483217;0.0;4.0;19.0;4.0;-0.2089757973330139;122.6;0.0;-1.758540597585998;82337;1.0;0.6293979455233839;0.0;125.0;33849;9238.0;;6.0;0.4251784584665846;9.0;1.0;5.0;1.0;5.0;1.0;11.833333333333334;0.7907293385893434;-0.3;75167.0;47.0;0.3365431727677922;;;0.10085809990438051;0.0;;-0.058995195036868626;0.2837675912658137;0.0;0.3781356321799411;1.0;0.5036237200273143;;1.0;0.79;16240;0.34102544618931246;1.0;18.0;2.134864083025039;56677;-0.8487700905479784;1.0;13.9;Enrolled
6.0;0.0;2.0;-0.06630492879003086;0.0;9.0;38.0;1.0;0.18998708002714262;150.0;1.0;-0.15851239056647382;69931;1.0;1.2451926537687301;2.0;130.0;92384;9130.0;0.0;6.0;-0.716379938328155;8.0;19.0;4.0;1.0;9.0;1.0;11.75;-0.6750980312359129;;74344.0;51.0;-0.6556913355511337;0.0;0.0;-0.015403937050684434;1.0;8.0;-0.1897348979997314;-0.09950626104837888;0.0;0.7025750118764507;44.0;-0.14550579748246745;13.5;1.0;2.02;68682;-0.2677552381327063;39.0;24.0;1.9718379250836606;60737;-0.33655821512935696;0.0;;Dropout
5.0;;5.0;-0.9443861425023862;0.0;9.0;;1.0;1.138223060052627;;0.0;1.2305579759317014;87700;0.0;2.118209812430197;0.0;;18963;9991.0;0.0;5.0;-0.4359879351051745;8.0;37.0;5.0;1.0;7.0;4.0;11.0;0.6362125515697836;-0.8;73059.0;78.0;0.5102585746963781;0.0;0.0;-1.1257165411982248;0.0;7.0;2.0606822250493186;-0.21352387973576128;;0.3135413242314296;1.0;-0.29295825063128517;11.4;1.0;-3.12;37723;0.9033098986945629;1.0;;-0.5064786217190556;20736;-0.7650826963598107;0.0;9.4;Enrolled
5.0;0.0;0.0;-0.8271063496226796;0.0;7.0;37.0;1.0;1.6525387866290535;123.0;1.0;-1.2632526178126982;96794;1.0;-1.6925606735716086;0.0;;52196;9147.0;0.0;5.0;-0.4830022920360071;5.0;38.0;1.0;;3.0;4.0;10.0;0.4654664273365452;2.6;27473.0;71.0;0.14653130647672571;1.0;0.0;-0.670730906017404;0.0;5.0;-0.3838946723710809;0.32781665767115503;0.0;0.4859302517258676;42.0;-0.5535999832493642;0.0;1.0;0.32;25348;0.14391010276309918;1.0;33.0;2.3390529955826267;92691;-0.8301805877989914;0.0;7.6;Dropout
6.0;0.0;2.0;0.3027379760219803;0.0;9.0;38.0;1.0;1.00286528504553;140.0;0.0;2.3359959539472674;66943;1.0;-0.38847682561821334;;140.0;96441;9085.0;;6.0;-0.9638242931224077;9.0;38.0;6.0;1.0;7.0;1.0;12.666666666666666;-0.7097087924451952;-0.3;92127.0;;1.0475419663029002;0.0;0.0;-0.6204262062534526;1.0;12.0;0.2896653121143788;-2.770122618190775;0.0;1.3006539859447266;44.0;-0.7609134798075177;13.0;1.0;0.79;24141;-1.1478763094459161;;20.0;0.9375745293875763;82336;-0.5945689436497724;0.0;13.9;Enrolled
5.0;0.0;0.0;0.1577861133870961;0.0;0.0;34.0;;0.24103049895055914;;0.0;-0.8378815945366619;13964;1.0;-0.7422666371576447;0.0;140.0;85680;9853.0;0.0;6.0;-1.6525801830233464;12.0;34.0;0.0;;0.0;1.0;0.0;-0.4643127375394367;;71376.0;33.0;-0.8321450839832768;1.0;0.0;-1.4052714472253607;0.0;;0.46592648828314914;0.0023262077083820213;0.0;-0.4739235395370385;;-0.7883967261811863;0.0;1.0;-3.12;46988;-2.4232797756277664;3.0;24.0;-0.6453138029430764;91858;-0.1964502828151946;0.0;9.4;Dropout
8.0;0.0;8.0;0.2579265907812854;0.0;4.0;19.0;1.0;-1.3756406863029984;122.8;;0.08701085412574988;94417;1.0;0.17250718838507423;0.0;120.0;83827;9556.0;0.0;7.0;0.38878423552536284;12.0;19.0;6.0;1.0;5.0;1.0;12.166666666666666;0.6796931026475401;-0.3;20559.0;73.0;0.23271782750501074;0.0;0.0;-0.5042100953003512;0.0;8.0;1.4005242906141917;0.22679153713494227;0.0;0.4676385663807686;39.0;1.6783288504619516;11.675;1.0;0.79;23061;1.826058723574004;1.0;26.0;-2.5818397398122745;74274;0.5858716568775042;0.0;13.9;Dropout
6.0;0.0;4.0;-0.5351103063364816;0.0;1.0;1.0;1.0;-2.0262318239847383;140.0;1.0;-1.2191324178476084;21758;1.0;0.013401858218038697;0.0;140.0;65531;9003.0;0.0;6.0;-0.06586988341274394;16.0;38.0;3.0;1.0;9.0;1.0;11.25;1.3769081528064424;2.8;67550.0;99.0;0.638274589873962;0.0;0.0;;0.0;14.0;-0.8111845917461348;-0.15585047738786076;;-0.7774350188698199;44.0;-0.5526139577212386;11.2;;;70924;-0.22284962447729093;39.0;25.0;0.6881551376003264;33848;0.3204457647848381;0.0;15.5;Dropout
8.0;0.0;;1.4372374313120264;0.0;;3.0;3.0;0.8781589390245036;130.0;0.0;0.041610348696014196;73814;1.0;-0.23408207308014561;0.0;138.0;61241;9500.0;0.0;7.0;-0.30059131396685684;8.0;3.0;7.0;1.0;5.0;1.0;14.85;-1.8116718979804987;-0.3;91881.0;94.0;;1.0;0.0;;0.0;8.0;1.339647829141671;-1.5309075246194201;0.0;0.5766801345739193;17.0;-2.129418906638421;15.2;1.0;0.79;39519;-0.6129292953685761;1.0;18.0;0.031295874881145595;40254;-1.0568569990832495;0.0;13.9;Dropout
6.0;0.0;;-1.472683822319886;0.0;6.0;;1.0;1.3420303457444767;150.0;1.0;-0.13374782175867694;32255;1.0;1.0276043614011736;0.0;150.0;28364;9003.0;0.0;;0.7591746880797648;12.0;38.0;4.0;1.0;6.0;1.0;11.8;1.6400612383692947;0.3;12146.0;78.0;1.1272032556361231;1.0;0.0;0.6609710639668241;0.0;;-0.14739557432084088;-0.14983658594678062;0.0;0.25128713072420833;44.0;-1.1659677208798944;11.875;1.0;-0.92;87212;-0.5352166533324378;39.0;21.0;0.431361585743699;88008;1.294160323917153;0.0;16.2;Dropout
13.0;;9.0;-0.5904651816510577;0.0;4.0;1.0;1.0;-0.814644860838048;118.1;;-1.4894939023310871;79008;0.0;-1.1014142111807836;13.0;120.0;36804;9991.0;;15.0;0.4519348219505278;17.0;4.0;13.0;1.0;10.0;1.0;12.0;1.1641596759081714;1.4;89835.0;18.0;;0.0;;-1.2936391226398898;9.0;13.0;2.5013452296464025;-1.5336992092614223;0.0;-0.6309687366465533;51.0;0.9277246199991376;11.333333333333334;1.0;3.51;23126;1.4644695387589117;39.0;28.0;-0.22883617650444932;30875;0.9444123064770379;0.0;;Dropout
5.0;1.0;3.0;-1.0771071086308668;0.0;9.0;19.0;1.0;-0.2697799647387298;;0.0;2.82582696895091;82391;1.0;-1.0411214673926061;0.0;123.0;62162;9085.0;;5.0;-0.2668364545786087;13.0;37.0;;1.0;9.0;1.0;14.0;0.19911850016603302;-0.8;39721.0;90.0;-0.8329409969796399;1.0;1.0;-0.29663176424800064;0.0;10.0;0.3626022192261495;1.7737577394967203;2.0;0.09366393893363151;1.0;-0.25232405659133683;12.0;1.0;-3.12;41572;-0.49011144664883216;1.0;20.0;-1.1438569305988644;65330;-0.9011856506097037;0.0;9.4;Graduate
7.0;0.0;0.0;-0.20897318967664966;1.0;9.0;38.0;1.0;-0.5572658883854549;153.8;1.0;-0.4953371690186946;81378;;-1.0242252710980422;0.0;;37596;33.0;0.0;7.0;3.0509236822273977;9.0;1.0;0.0;1.0;5.0;2.0;0.0;-0.24071662335799826;0.6;;10.0;-1.703687771136912;0.0;0.0;1.8560598813167035;0.0;;-1.2289291293508675;-0.2573501994680813;0.0;-0.5687093177351814;39.0;-0.134081600136371;0.0;1.0;2.02;44431;0.6443656083425994;1.0;35.0;-0.42702666442117354;69226;1.2241108919195605;0.0;11.1;Dropout
14.0;0.0;;1.2465664093979574;0.0;9.0;37.0;1.0;-0.5839000734890034;;0.0;-0.49446255730602856;34414;;-0.3603275874259869;14.0;110.0;38243;9991.0;0.0;15.0;1.0179887158739134;16.0;37.0;14.0;;9.0;1.0;10.928571428571429;0.39043344921914314;-0.8;53884.0;90.0;-0.7358749733242059;0.0;0.0;-0.980762897678293;12.0;16.0;-0.19715867264288506;-2.062704053186245;0.0;-0.37800092984843997;43.0;1.1698144514190927;11.833333333333334;;-3.12;70253;-0.33463011603457793;2.0;38.0;0.7066372859450395;26481;0.32693841259627626;0.0;9.4;Dropout
;0.0;1.0;-0.28775390314921784;0.0;;38.0;4.0;1.0749611838919653;111.7;1.0;0.9690358793536544;67751;1.0;-1.2285902159118463;0.0;118.0;71111;9254.0;0.0;6.0;2.4448007081092404;12.0;37.0;3.0;1.0;7.0;1.0;;-0.6405653606589702;0.5;74457.0;88.0;-0.15458405544052448;1.0;0.0;0.42663781779506577;;12.0;1.3362693573282536;-0.20651095157000204;0.0;0.35480693184216633;17.0;-0.7771665891723032;12.0;1.0;1.79;36646;-1.2548093171430834;1.0;18.0;-0.354375367374211;17580;-0.1564553029252464;0.0;;Dropout
6.0;0.0;;0.10147733577392529;0.0;9.0;19.0;1.0;0.21837313275364237;132.0;1.0;1.8142548833484688;27237;;-0.048571488799270555;;140.0;73327;9238.0;0.0;6.0;-0.4149549242066796;10.0;38.0;5.0;1.0;9.0;1.0;;-0.17769501994666997;0.3;19270.0;37.0;0.8315007190262329;0.0;0.0;0.10552193400288436;0.0;10.0;0.08154115441122696;0.8953983864872654;0.0;0.2683988596218609;1.0;0.632417722130904;13.0;1.0;-0.92;25623;0.90128489979266;1.0;19.0;-0.3604178573426074;13027;0.3580800444793122;0.0;16.2;Dropout
6.0;1.0;5.0;0.6642428564252366;;9.0;37.0;;-0.22917831139566916;125.0;0.0;1.1264368680043029;89840;1.0;-0.1654901946308669;0.0;119.0;54647;9853.0;0.0;6.0;0.24969912103018654;9.0;38.0;5.0;1.0;9.0;1.0;12.0;-1.4750269514389793;1.4;33733.0;5.0;-0.15529033724538993;1.0;0.0;1.0928875578409072;0.0;8.0;-0.05962540759710453;0.17607807401479325;0.0;-1.92047826859402;;-0.6678831497875924;11.2;1.0;1.74;46518;1.10300454949771;;21.0;-1.519387088057646;80851;-0.025770795625521946;0.0;10.8;Dropout
5.0;0.0;;-0.335316358031428;1.0;2.0;;1.0;2.6575200205103724;180.0;;-1.2011801230265864;23757;1.0;-0.78651511399908;0.0;180.0;35608;9119.0;0.0;5.0;-1.2382692621706648;6.0;3.0;4.0;1.0;7.0;1.0;14.5;-1.7415229570683606;-0.3;82673.0;38.0;-0.5953737188875555;0.0;0.0;0.2954668413574063;0.0;10.0;0.7189971638676841;-0.9138560748347798;0.0;0.37048878709559746;7.0;0.5758766367523337;16.2;;0.79;91423;-0.6793187144430608;4.0;30.0;0.09120048177827504;36172;0.5450786544814065;0.0;13.9;Enrolled
6.0;0.0;4.0;0.38262766426124417;0.0;2.0;3.0;1.0;-1.4344208990075602;110.0;0.0;0.21390900949466274;85726;1.0;0.8737662540561958;0.0;;25866;9085.0;0.0;6.0;-0.33047831476545886;15.0;19.0;4.0;1.0;9.0;;12.0;2.332306634705884;0.6;31158.0;29.0;-1.5492227961846745;0.0;0.0;-0.43129547792375017;0.0;14.0;-0.3449976906675541;-0.6782481848419268;0.0;-0.3033330833056507;39.0;-0.3911352507696586;12.0;1.0;2.02;83294;-0.0377570664797626;1.0;28.0;-1.1119319414875295;30419;0.18731552313116723;0.0;11.1;Dropout
5.0;;0.0;0.25075575183203874;1.0;;;1.0;0.5479110814957855;99.7;0.0;-1.8813724823849947;23492;1.0;-0.059500528286736874;0.0;99.0;33655;9147.0;0.0;5.0;-0.5839592746330499;8.0;1.0;0.0;;3.0;1.0;0.0;0.0630752184082878;1.4;41451.0;9.0;-1.214178645408349;1.0;0.0;0.06676412147288507;0.0;7.0;-0.21073317578293682;-0.28684724474036566;0.0;-0.41430794105595076;51.0;-0.2415491748556903;0.0;1.0;3.51;61764;0.09700878698615982;1.0;;0.9185261996981124;91811;-0.33742605227220285;0.0;8.9;Enrolled
6.0;0.0;4.0;-1.1308093139660624;0.0;0.0;34.0;1.0;-1.048978285172195;;;0.9017050813223565;35972;1.0;1.0626473640318037;0.0;123.0;39678;9238.0;0.0;6.0;2.9955052466568364;9.0;38.0;5.0;;7.0;1.0;;0.2036890210023668;2.6;67737.0;67.0;0.31020595051186867;;;0.08136994395373587;0.0;10.0;-0.9446745099315496;-0.43966342800249425;0.0;-1.1271549096224132;1.0;0.8201336575112773;11.5;1.0;0.32;99615;0.4451247756450302;1.0;20.0;-0.7341009002301818;63412;-2.0258267591613834;0.0;;Dropout
6.0;0.0;0.0;-0.464315394551542;;90.0;19.0;1.0;-0.15743687199424147;107.2;1.0;-1.635188138530462;74782;;-0.19504985120443202;0.0;110.0;95081;;0.0;6.0;-0.6924772977057707;0.0;19.0;0.0;1.0;99.0;4.0;0.0;-0.03073279311087399;3.7;32555.0;68.0;0.8814547611838727;0.0;;-0.09169518228282378;;0.0;1.72882078096639;-1.2595661414528563;0.0;-0.045391301493390546;39.0;0.7480248076824996;;1.0;-1.7;79173;1.9712905723405343;1.0;42.0;-0.29570409049575697;12196;0.5271825406319262;0.0;12.7;Dropout
0.0;0.0;0.0;0.3545856130767431;0.0;3.0;3.0;1.0;0.14863838446267308;;1.0;-0.803201323609237;96261;1.0;-0.02419488823135469;0.0;114.0;39032;171.0;0.0;0.0;-0.2340338168084225;0.0;29.0;0.0;0.0;5.0;1.0;0.0;-0.8277740194808911;-0.8;14502.0;35.0;-0.4192219442049485;0.0;0.0;-1.3191114553240175;0.0;0.0;-1.2226112792475317;-0.06759774765030195;0.0;-0.5230176059708987;1.0;-0.16542798540458478;0.0;1.0;-3.12;78901;-0.32387029523465977;1.0;18.0;2.163983565744372;37320;-0.3736552783867337;0.0;9.4;Dropout
5.0;0.0;2.0;1.2821920256572852;0.0;9.0;1.0;2.0;0.844595719635092;115.0;0.0;-0.0032015040313106763;73730;1.0;-0.5627824046817108;0.0;120.0;91782;9085.0;0.0;5.0;-1.4536703068623935;8.0;1.0;2.0;0.0;10.0;1.0;10.5;-0.3070621097632671;2.6;57478.0;92.0;1.2110145228246147;0.0;0.0;1.2430886075978922;0.0;8.0;0.16946665976348838;-1.333734234532631;0.0;1.273522794304843;17.0;-0.47162366999478544;12.333333333333334;1.0;0.32;45716;-0.330044290305216;1.0;20.0;-0.3065742227005878;52769;0.7779466096452462;0.0;7.6;Dropout
;;;1.2812602922581782;1.0;5.0;38.0;1.0;-0.26118189516102236;120.0;1.0;0.44500656114101217;40860;1.0;-0.007046540535484532;;120.0;58459;33.0;0.0;21.0;0.5337233677588661;;37.0;21.0;;6.0;1.0;12.363636363636363;0.09118869396835061;0.6;18682.0;43.0;-0.9499173990791543;1.0;1.0;;12.0;21.0;0.47988454808193304;0.9490448458823602;0.0;-1.7494312016484235;7.0;1.599147584481654;12.25;1.0;2.02;54607;-0.17531510476446174;40.0;25.0;-0.44057481613307603;52951;0.4816750622757203;0.0;11.1;Dropout
;;0.0;2.0954870304333277;0.0;0.0;;2.0;-0.3669480977968419;97.0;0.0;-0.2609346233953191;38001;1.0;0.7122313061320464;0.0;140.0;50656;;0.0;5.0;-0.9002254100901701;5.0;34.0;0.0;1.0;0.0;1.0;0.0;-0.19663827755196503;2.6;44763.0;30.0;-0.39054061880285773;;0.0;-1.0441890268698575;;5.0;-0.01365111991846189;1.0711058488996108;0.0;-0.963923590058505;39.0;0.5893308114979687;0.0;1.0;0.32;94647;-0.9422147032057777;1.0;28.0;0.5856219858989308;80531;-0.34766421115600926;0.0;7.6;Dropout
5.0;0.0;0.0;0.48545715595446026;0.0;9.0;1.0;1.0;-0.2790850978135079;109.9;0.0;1.5190836767328817;66748;1.0;-0.41133423227029803;;130.0;34095;9147.0;0.0;4.0;0.9185457290263356;4.0;19.0;0.0;0.0;9.0;2.0;0.0;-0.7522027276944793;3.7;69412.0;;-0.30614557978066753;0.0;0.0;-0.30072563218375337;0.0;0.0;-1.2538627954898234;-1.00318743673336;0.0;-1.0316319706191186;39.0;-0.39114180865788506;0.0;1.0;;93347;-1.722161670653349;1.0;29.0;-1.785261802225653;82055;1.022988191077335;0.0;12.7;Dropout
;0.0;8.0;-0.4133145546843729;0.0;3.0;;4.0;-1.0799526863011757;126.7;0.0;0.7232395821922794;50449;1.0;0.5184119625346643;0.0;137.0;78891;9500.0;0.0;;-1.7883246075478243;8.0;1.0;7.0;1.0;4.0;1.0;13.6875;0.47948879322404475;-0.3;76554.0;73.0;1.5294137883044228;1.0;0.0;-0.22508566935421595;0.0;;-0.9987640277111334;-0.7166439130884359;0.0;0.25865774180653356;18.0;-0.653084363289755;15.622222222222222;1.0;0.79;74808;0.13376310377269732;1.0;18.0;1.2508093217785257;12852;0.204841661836571;0.0;13.9;Dropout
5.0;;2.0;-0.06395233187832489;0.0;3.0;19.0;;0.6323098020916865;130.0;1.0;0.6447247540642086;28633;0.0;-0.8127469610457412;0.0;130.0;85827;9991.0;;5.0;-0.12162329009869455;12.0;;;0.0;9.0;1.0;14.75;0.18836469186814336;;;59.0;0.1336591268009524;0.0;0.0;-1.1565188004995823;0.0;9.0;0.5225169183566184;-0.4230001351337505;0.0;1.1731279644780943;7.0;1.0248975069421395;15.0;1.0;-0.92;18752;0.5272768454157639;3.0;32.0;0.9939400434555947;35832;0.16364284737808724;0.0;;Dropout
;1.0;7.0;-0.11376481829694274;;4.0;19.0;;0.2813343707819083;;0.0;-1.2294009019846637;66536;1.0;0.7590505655222095;0.0;117.0;98384;9500.0;0.0;7.0;-1.845799900420517;9.0;1.0;5.0;1.0;7.0;1.0;13.188;0.3929077717436935;0.6;88451.0;34.0;;0.0;0.0;-1.8667962677622671;0.0;9.0;-0.7798793085961542;-0.03151779431405949;0.0;0.5031217865091798;1.0;0.11540008605315935;;1.0;2.02;23829;0.0024524577683976093;1.0;20.0;0.5244517448747253;64038;-0.1381106867631423;0.0;11.1;Enrolled
6.0;;4.0;-0.407880213235845;;;19.0;5.0;0.4351686713150501;119.6;0.0;1.6993678975454027;49096;1.0;-0.5799058273119273;0.0;122.0;83833;;0.0;6.0;-0.49051295675173257;6.0;38.0;4.0;0.0;7.0;1.0;13.0;0.7050448120198358;1.4;13063.0;56.0;;0.0;0.0;;;8.0;-2.0720172224884648;0.25684774343211086;;-1.0946471193231695;17.0;-0.16355299512608623;11.6;1.0;1.74;51120;-0.06270643018374158;1.0;21.0;-3.3770974934763096;12978;1.6835557122397977;0.0;10.8;Dropout
6.0;0.0;4.0;0.3829553434621597;1.0;5.0;1.0;1.0;-0.06954300253308074;111.7;;-0.8030651442785116;97754;;0.8516798732290504;0.0;112.0;17976;9773.0;0.0;6.0;-0.28721285068378954;;1.0;6.0;0.0;1.0;1.0;12.5;-0.1705239122982678;;53789.0;24.0;1.8459275766278866;0.0;0.0;-0.35640234025119183;0.0;10.0;0.3869783227890991;0.46305271584138724;0.0;-0.4292310366583807;17.0;0.11497517556259378;12.6;1.0;-4.06;59516;-0.8987299857243287;1.0;19.0;-0.25941169847577666;61366;-0.7132667290956584;0.0;15.5;Dropout
6.0;0.0;0.0;0.4294884966141465;0.0;;19.0;1.0;-0.1928779598900932;144.3;1.0;1.737542432987094;12644;1.0;0.06097654243366502;0.0;160.0;89139;9238.0;0.0;;-0.5990314643235232;0.0;37.0;0.0;1.0;6.0;1.0;0.0;-0.16888794028147805;-0.3;;3.0;-0.249740722101356;0.0;0.0;-1.441233333364019;0.0;0.0;-0.8724953799557809;0.4397218614675479;0.0;-0.8091767207440618;17.0;0.3377968746369915;0.0;1.0;0.79;66114;0.25240244191033284;1.0;22.0;-1.272866226005333;16965;-0.3226745374590551;0.0;13.9;Dropout
5.0;0.0;4.0;-1.1737574969424953;0.0;4.0;5.0;2.0;1.1756003382308513;131.5;1.0;2.0221950569255713;76882;0.0;1.5209537333910634;;143.0;64554;9991.0;0.0;5.0;-0.5002162657906308;11.0;1.0;4.0;1.0;4.0;1.0;11.0;1.482452562252055;2.8;82107.0;74.0;-0.8970823250462154;0.0;;0.17697776408547883;0.0;;0.6312192735702514;1.5538655528373382;0.0;0.5077313239007449;1.0;-0.05668914743077159;12.25;1.0;;34457;0.1698591879182411;;19.0;1.12410678395954;61569;-1.2373351450799965;0.0;15.5;Dropout
5.0;;0.0;1.0881700477746266;0.0;4.0;3.0;1.0;1.0217864701570158;150.0;1.0;0.5126565323637751;81830;1.0;-1.154067726254209;0.0;150.0;56181;9119.0;0.0;5.0;0.9711682693573526;10.0;3.0;1.0;1.0;;;14.0;-0.9440152089091198;1.4;16729.0;74.0;0.8642574146844122;;0.0;1.16285630331634;0.0;0.0;-0.2016212982242847;0.06036406565152272;0.0;-0.44957024021402237;39.0;1.2036868668429943;0.0;1.0;3.51;80217;0.47489183875357893;1.0;27.0;1.0525610872560116;16702;0.7267310773245059;0.0;8.9;Dropout
;0.0;0.0;-1.836803605074439;0.0;2.0;2.0;1.0;1.414800586184388;100.0;1.0;1.0320130976794208;82271;0.0;-1.4761767733118683;0.0;133.1;32814;;0.0;5.0;2.174454318542742;7.0;1.0;0.0;1.0;4.0;1.0;0.0;-1.8736317482243667;0.3;79953.0;9.0;1.964264636717578;0.0;;;;7.0;-0.24981232851380344;-1.302481514404029;0.0;-1.4127980152448707;39.0;1.2593384762119868;0.0;1.0;-0.92;85001;0.3236759982592827;19.0;24.0;0.3880098898307735;76480;-0.5821490063576735;;16.2;Dropout
5.0;0.0;4.0;-0.22248195292370715;0.0;7.0;19.0;1.0;0.37259435149587056;147.9;0.0;-3.0829197630568688;73008;0.0;-0.6162172459755669;0.0;147.0;55585;9991.0;0.0;5.0;0.33930720155955374;8.0;19.0;4.0;1.0;8.0;4.0;11.5;0.5555387020574802;1.4;10149.0;41.0;0.8487317539529187;;0.0;-0.1266856531587185;0.0;7.0;0.05223818301707456;-1.6091814348397324;0.0;0.5847065193942216;39.0;0.5318881192017995;12.0;1.0;1.74;28765;0.39381632993772;1.0;28.0;-1.2031111971400128;51311;-0.4700355817263217;0.0;10.8;Enrolled
5.0;0.0;3.0;1.149315273056193;0.0;9.0;37.0;1.0;1.3526640946554191;128.0;1.0;-0.1950024154903774;97994;1.0;-1.3846109480343132;0.0;;82000;;0.0;5.0;-0.8600435910170092;9.0;19.0;3.0;1.0;3.0;2.0;14.0;-0.6293500948742695;1.4;19989.0;5.0;;0.0;0.0;-1.8404116965211967;0.0;8.0;-1.1384933300603812;1.6357868749820632;0.0;1.2632585335677942;39.0;1.3747189904956274;;1.0;3.51;80453;1.3187813251601583;19.0;49.0;1.4942942105249304;95613;-0.5169366321571809;0.0;;Dropout
;0.0;7.0;0.6073914267983219;0.0;3.0;;1.0;-0.4160826397204141;127.0;;1.1021656399195396;37839;1.0;-1.3827348944282776;;;63025;9500.0;0.0;7.0;0.06407743931271655;8.0;38.0;6.0;1.0;7.0;1.0;13.046666666666669;-1.0773509572934485;0.6;93547.0;30.0;;1.0;0.0;0.7157023406590477;;10.0;-0.8254530875976114;0.5096558684500159;;-0.17867244770036064;39.0;0.008496768138222052;;1.0;2.02;23569;0.5721970357234402;4.0;26.0;-0.26226113901948783;17495;0.06272191606238789;0.0;11.1;Dropout
6.0;;4.0;-0.35697382597705546;0.0;4.0;19.0;3.0;-0.20085178614133123;107.5;0.0;0.9245102683140846;44298;1.0;0.6215507604598759;0.0;110.0;19126;9670.0;0.0;6.0;-0.3542691660752306;11.0;;4.0;1.0;4.0;1.0;12.25;0.8852380170924199;3.7;;5.0;0.404207387777017;1.0;0.0;0.14639216906455813;0.0;10.0;-0.2599240487546632;0.20645233146429737;0.0;0.12040037833971319;17.0;0.6903310050046153;;1.0;-1.7;54508;0.4806097419397185;;18.0;1.8053710669005658;88275;-1.250759584659146;0.0;12.7;Dropout
5.0;0.0;0.0;1.9688235134509828;0.0;9.0;37.0;1.0;1.1951007536819613;;1.0;-1.2197233380998775;94084;1.0;-0.004178793412658349;0.0;133.1;78004;9147.0;0.0;;0.8893928645978898;5.0;37.0;0.0;0.0;9.0;2.0;;-0.14476838375915804;1.4;52663.0;62.0;-0.9546303234392286;0.0;0.0;0.4243511092180204;0.0;9.0;-1.14434292477057;0.4490114461762098;0.0;-1.5063012089098053;42.0;1.0044563188719415;0.0;1.0;1.74;89002;-1.7425113998895798;1.0;;0.2653870668626484;47139;-2.243245266102261;0.0;10.8;Dropout
6.0;0.0;6.0;-0.4400735023061775;0.0;0.0;34.0;3.0;0.8434215382602388;143.6;0.0;-0.29372203986787376;16218;1.0;-0.47968097670425885;0.0;146.0;80992;9070.0;0.0;6.0;0.28786122683975823;6.0;34.0;6.0;1.0;0.0;1.0;12.5;-1.2635640576318425;;56834.0;46.0;1.2888178459492967;1.0;0.0;;0.0;6.0;0.713817659461643;0.16026892488205022;0.0;-2.0592376505028547;1.0;1.01903828001661;13.0;1.0;0.32;37173;1.0534968765614976;1.0;;0.5068080189166481;53886;0.45770403739277193;0.0;7.6;Dropout
6.0;0.0;2.0;-2.0019509690482806;1.0;9.0;37.0;1.0;-0.29045040691489654;128.5;0.0;-2.5363655052011467;84394;1.0;-0.3869625973054321;0.0;146.0;70504;9773.0;0.0;6.0;-1.577794948111944;13.0;38.0;3.0;1.0;7.0;1.0;12.666666666666666;1.9349461190095545;1.4;72289.0;68.0;;0.0;0.0;-0.8248116295306533;0.0;12.0;-0.30737898048809026;0.43318890311761304;0.0;-1.8490836665711425;1.0;0.9159991477383439;10.0;1.0;1.74;71650;-0.29785509542266375;;19.0;-0.4603043845625302;72806;-2.1135577062037103;0.0;10.8;Dropout
5.0;0.0;0.0;0.4527396883444347;0.0;5.0;12.0;2.0;-1.0462582360197108;121.0;1.0;0.41299284017275345;77220;1.0;-0.5972376643263394;0.0;135.0;28054;;0.0;5.0;1.0979354877243896;0.0;19.0;;1.0;;1.0;0.0;-1.6106862643973994;0.5;94156.0;14.0;;0.0;0.0;-2.8748159331220426;0.0;;-1.4494366016509068;-0.37258841855712194;0.0;-0.044721799461061425;17.0;0.6311891940816846;0.0;;1.79;86740;0.07921106051409219;1.0;19.0;1.4069555777818088;65991;0.8541377839773792;0.0;12.4;Dropout
;1.0;0.0;-1.7785135554433957;1.0;5.0;37.0;1.0;-0.20396420699247275;130.0;1.0;-1.8833284012268237;62995;1.0;1.6503691678190437;;;36572;9070.0;0.0;6.0;0.9668405395509013;6.0;38.0;0.0;0.0;10.0;2.0;0.0;-0.0866783923360997;2.8;47474.0;43.0;-1.0614761501138745;0.0;0.0;-1.053454577809757;0.0;6.0;-0.5590289787890287;1.0551965896374536;0.0;-0.3079419962508205;39.0;1.957128115638086;0.0;;-4.06;54171;-1.2729015308389127;12.0;46.0;0.6084338842936083;89187;1.5585277495351475;0.0;15.5;Dropout
5.0;0.0;0.0;-0.8314485284414707;0.0;7.0;37.0;1.0;-0.6848684412770348;150.0;0.0;1.1304778427875717;20898;0.0;-0.7355057076430367;0.0;110.0;51041;9991.0;0.0;5.0;1.4950287035678718;5.0;;1.0;0.0;10.0;1.0;10.0;-1.8892767748471897;2.8;64313.0;99.0;0.3987777443650246;0.0;0.0;0.4860450682678211;0.0;5.0;0.10120256492190757;-0.5248652445893731;0.0;0.5462326077797681;39.0;-0.5396957852654911;0.0;1.0;-4.06;86542;2.0898735252488163;1.0;48.0;1.4428916925146216;84828;-0.16422380393503327;0.0;15.5;Dropout
;0.0;;0.6227502650625915;1.0;1.0;1.0;1.0;1.7245034824886747;100.0;0.0;1.182724860717409;65004;;-1.3221338980832993;0.0;133.1;88233;9670.0;0.0;5.0;-0.5164409008308182;5.0;19.0;5.0;0.0;5.0;1.0;11.2;0.27065823385222715;-0.8;99751.0;29.0;-0.895094751738345;1.0;0.0;0.026925901748040507;0.0;5.0;-0.4460904535118868;-0.903287118324418;0.0;-0.1976531741309885;39.0;-0.15522078756021063;11.25;1.0;-3.12;67397;-2.474215711695459;12.0;25.0;0.17754119854703979;29928;1.2994929467204897;0.0;9.4;Dropout
;;3.0;-0.46085766589845123;0.0;9.0;37.0;1.0;0.7600406435197509;121.5;1.0;-0.47436681440649864;49473;0.0;0.7960506174863278;0.0;133.1;83243;9991.0;0.0;5.0;0.3009737769151125;11.0;;2.0;;9.0;1.0;10.5;-0.6411087002104213;2.6;19740.0;60.0;0.2476669784889451;0.0;1.0;-1.2156361295986817;0.0;9.0;0.3998158863956893;-1.6908446398733965;;0.9877618367397817;39.0;-0.21451047665013417;11.333333333333334;;0.32;55470;1.4881124505287724;12.0;38.0;-0.047038659255799566;34723;-0.024256419543219193;0.0;;Enrolled
5.0;0.0;0.0;0.5806095077529472;0.0;4.0;1.0;1.0;-0.7659225773867657;120.0;0.0;0.5212759304540885;17889;0.0;-0.2157556233478209;0.0;120.0;18590;9991.0;0.0;5.0;-1.184776675126419;5.0;19.0;;1.0;9.0;1.0;;0.8192748153293696;0.5;53193.0;83.0;1.4772254502548916;0.0;0.0;-1.4197173831764305;0.0;6.0;0.5740363495126378;-0.23772470898608855;0.0;0.8722665980352367;;-0.3680671447638095;0.0;1.0;1.79;20643;0.42516056657833223;40.0;24.0;0.5951301628988109;88899;1.5992411590778703;0.0;12.4;Dropout
6.0;0.0;0.0;-1.1580993319396735;0.0;5.0;1.0;1.0;-1.0449909606650125;133.3;1.0;-0.2170987240605085;76452;1.0;2.0387736888178853;0.0;134.0;16071;9070.0;0.0;;-0.0512448080364974;7.0;1.0;5.0;1.0;0.0;1.0;10.8;-0.01738638630670881;2.6;37310.0;55.0;;1.0;0.0;-0.35460901581739546;0.0;6.0;2.401700275953115;1.2675025614026643;1.0;-0.3224599248680109;17.0;-1.9887720434149363;0.0;1.0;;74552;-1.9052937917301227;1.0;18.0;1.442540509091208;82905;-0.4562178521132108;0.0;7.6;Dropout
12.0;0.0;6.0;0.8584800242620702;1.0;9.0;37.0;1.0;-0.7783132737845555;120.0;;0.24190839501486613;83115;1.0;-0.5262056387941353;8.0;130.0;14468;9119.0;0.0;12.0;0.39698533759904536;17.0;38.0;8.0;0.0;9.0;1.0;11.75;1.3506077790068294;2.6;94532.0;30.0;-1.3690011617125186;0.0;2.0;-1.2460946698818056;6.0;19.0;1.1506442013607254;-0.45735014248844685;0.0;-1.0034388739572893;43.0;1.3748648057082475;;1.0;0.32;37974;2.036397377747404;1.0;;1.0167343072391721;98026;-2.3648818094311217;0.0;7.6;Dropout
;0.0;5.0;-1.690946491261784;0.0;;37.0;;-0.558825238466334;140.9;1.0;-1.14725942324315;60251;1.0;0.845984179756792;0.0;;93534;9238.0;0.0;6.0;-0.6360557713618591;;37.0;4.0;1.0;7.0;1.0;12.0;-0.42971391740392456;-0.8;65344.0;33.0;0.9554746765375649;1.0;0.0;0.5206334182545254;0.0;7.0;-1.636370344363338;-1.3785478749837818;0.0;-1.9161613504073487;17.0;-1.0260404590462775;11.8;1.0;-3.12;35694;0.5137654865310898;1.0;18.0;0.1382238071542727;92430;-0.07991174410650202;0.0;9.4;Dropout
6.0;0.0;;1.3186316079585185;;9.0;;2.0;-0.16670039379719437;119.0;0.0;0.6224926232399093;24661;1.0;1.0821973305993051;0.0;120.0;87744;9773.0;1.0;6.0;0.34233998143219935;6.0;1.0;6.0;0.0;9.0;1.0;;-1.6045443561459176;0.6;68464.0;70.0;-0.014122774929450736;1.0;0.0;;0.0;6.0;-0.36023248499867455;0.2848280889699085;0.0;1.4335690531596066;1.0;0.1698149087460972;11.0;105.0;2.02;92761;-2.3583164693427228;1.0;18.0;-1.8572185076279;66313;1.7079631934107387;0.0;11.1;Dropout
5.0;1.0;2.0;-0.4753562369802145;0.0;;19.0;;1.1145464908808873;120.1;;-1.6411852302244163;43042;1.0;-0.5213358322020036;0.0;133.0;29561;;0.0;5.0;0.16800009413183298;15.0;1.0;2.0;1.0;3.0;1.0;10.0;0.23751605302686585;-0.3;26854.0;65.0;1.171263226152551;;;;0.0;14.0;-0.2666412924479661;-0.6510677962739593;0.0;-0.9425260049052361;17.0;-1.4218611776748866;12.0;1.0;0.79;41396;-0.4224566444148316;1.0;18.0;0.8103860393713236;96617;0.534968305940418;;13.9;Dropout
6.0;0.0;4.0;1.5311585220681867;0.0;1.0;3.0;2.0;-0.9665168913530036;130.2;0.0;-1.8299301623293818;58659;1.0;-0.7429207679090358;0.0;;92455;9853.0;0.0;6.0;-0.4498364567002642;8.0;;;1.0;5.0;1.0;;-0.252557480459196;3.7;95295.0;6.0;-0.8072847749628326;1.0;0.0;-0.7582764029230066;;7.0;0.5750709224246391;1.548267096227133;1.0;-1.4964339337774692;;0.6207157307197384;10.75;1.0;-1.7;42376;0.534514757201677;1.0;19.0;-1.4387047974539917;76349;-0.515323228537844;0.0;12.7;Enrolled
;0.0;2.0;-0.8405122889667441;1.0;7.0;37.0;;2.28953724484655;120.0;0.0;-0.12192831666699186;56291;1.0;0.7413665309309047;2.0;;55065;9130.0;0.0;6.0;1.3974714060712328;7.0;37.0;5.0;0.0;8.0;1.0;11.6;-1.8192598813774552;0.5;16060.0;71.0;;1.0;0.0;0.2631227265805943;;12.0;-0.9335860707017114;1.0745977654132517;0.0;0.12985740308626045;44.0;-0.7853960359401979;11.0;1.0;1.79;94964;1.7132378478469674;39.0;;0.035005756152338266;89871;0.32890116928473173;0.0;12.4;Dropout
5.0;;3.0;1.9247652817184364;0.0;5.0;19.0;1.0;-0.9433002368286546;117.3;0.0;-0.2112432796112795;63239;1.0;0.5748919179139307;0.0;126.0;38194;9147.0;0.0;;-0.23444276910095033;15.0;38.0;3.0;1.0;6.0;1.0;10.8;-1.0553802760857103;-0.3;54562.0;33.0;0.6881288199152573;1.0;0.0;0.042609223760035765;0.0;6.0;-0.5312521641983385;-1.2708947948745322;0.0;-1.4875413356710223;5.0;-1.1359619241090577;10.5;1.0;;36056;-0.40924814789921293;1.0;;-0.11576618737057508;53472;0.9711248384525527;0.0;;Enrolled
6.0;0.0;4.0;-0.957661114027176;0.0;4.0;38.0;2.0;-1.409047731094599;106.6;0.0;0.27230173055175044;32070;1.0;-1.4106101007109266;4.0;125.0;76110;9670.0;0.0;6.0;0.132848724678023;7.0;19.0;;1.0;3.0;1.0;11.5;-0.7371324454764893;1.4;72952.0;89.0;0.21020019004024018;1.0;0.0;0.2019572698625939;0.0;10.0;-1.2444118759093221;-0.17389473521889334;;0.1288512905548135;43.0;0.19434346448170625;10.571428571428571;1.0;1.74;76264;-2.6469108160636288;;;-1.4177684830656132;96880;-0.08561643891447089;0.0;10.8;Dropout
6.0;0.0;6.0;-1.793948680004687;0.0;9.0;37.0;3.0;1.688304825323471;110.8;0.0;-0.6495074902363289;81663;1.0;-1.1284356363047208;0.0;116.0;16210;9070.0;0.0;6.0;-1.4669032492321297;6.0;37.0;6.0;1.0;9.0;;11.833333333333334;1.5553833904007333;2.6;;47.0;;0.0;0.0;0.18012944380581153;0.0;6.0;-0.6022657234915083;-0.7552713435668612;0.0;-0.33631084253894494;17.0;-0.7007345804826288;12.5;1.0;0.32;56804;1.459020618178567;1.0;18.0;0.3725030898738332;16736;2.6263900853423796;0.0;7.6;Enrolled
6.0;0.0;5.0;0.04310327611924365;0.0;4.0;4.0;1.0;1.321255599836956;150.0;1.0;1.8856916657855893;16672;1.0;-2.5364300049480053;0.0;150.0;21114;9003.0;0.0;6.0;0.5191910720378051;;5.0;5.0;1.0;2.0;1.0;11.857142857142858;0.7074457995699789;0.3;34603.0;70.0;;;0.0;-0.07219553659670648;0.0;17.0;-0.5649655472520776;-1.1605045860811183;0.0;0.923678942498893;44.0;-0.5741590960863729;10.571428571428571;1.0;-0.92;16490;0.49820215869957285;39.0;21.0;2.154317740207277;91689;-0.5174179565194872;0.0;16.2;Enrolled
5.0;0.0;2.0;1.233989039096018;;9.0;;1.0;-0.18234879775628526;145.4;1.0;0.16060498937944198;98777;1.0;0.5953868539788023;0.0;120.0;33046;9119.0;0.0;5.0;-0.47689370840952616;11.0;38.0;;1.0;10.0;2.0;;-0.3477351627927347;0.3;40049.0;20.0;0.21232448190251538;0.0;0.0;-1.0331305834580906;0.0;5.0;-0.31300581285639156;-0.05593449180980837;0.0;0.8366963320180734;39.0;0.1717896151996206;12.5;1.0;-0.92;62349;-2.232553926669766;1.0;40.0;-0.3126055311799197;96393;1.0025107220447482;0.0;16.2;Dropout
5.0;0.0;;0.7907885126285962;0.0;0.0;34.0;2.0;0.38133231512452653;107.0;1.0;0.23288177851622544;47123;1.0;-0.2618271931357455;0.0;150.0;64786;9670.0;0.0;5.0;0.9572109694752086;5.0;34.0;0.0;1.0;0.0;1.0;0.0;0.4708697298722388;2.6;13416.0;44.0;-1.3404170855365174;1.0;0.0;-0.7303801267312622;0.0;5.0;-1.186512736919757;0.8182327638123443;0.0;1.103322603544528;39.0;0.7999894536344173;0.0;1.0;;51195;0.342696144667474;1.0;26.0;0.7658796624131298;81018;0.7619372364817996;0.0;7.6;Dropout
6.0;0.0;0.0;1.162971269163844;1.0;3.0;19.0;1.0;0.40656911910201393;104.0;0.0;0.19723387740704562;84613;;-0.162150420975282;0.0;;85460;9773.0;;6.0;-1.311146235532862;6.0;19.0;5.0;0.0;4.0;1.0;12.0;-2.0394598798600456;0.6;69507.0;59.0;0.3141998925402421;0.0;0.0;-0.3946749051389369;;6.0;0.9820257394008927;-0.08170728783595751;0.0;0.2062617278415875;39.0;-0.8184004878717116;0.0;1.0;2.02;75317;0.4485664752017807;19.0;27.0;2.3556898387421086;95073;-0.6998274246980576;0.0;11.1;Dropout
5.0;0.0;2.0;0.8105201978815615;1.0;;3.0;1.0;0.1367124287435586;135.8;1.0;1.002909868948078;15248;0.0;-1.6914440977018532;1.0;150.0;56400;9991.0;0.0;5.0;0.4306969509927208;9.0;5.0;3.0;1.0;2.0;;11.0;-0.5649061111480014;3.7;;19.0;0.42914504343949844;0.0;0.0;2.065195238088322;0.0;11.0;0.4722138628333851;-0.5161512516470967;0.0;-0.8583399897335252;39.0;-0.9911924739914997;13.5;;-1.7;45616;-0.3247163134027872;1.0;;0.8626132190088737;47857;-0.4244402673476728;0.0;12.7;Dropout
8.0;;0.0;-0.8202678889556686;1.0;7.0;37.0;5.0;-1.296479538470473;126.8;0.0;0.5760174144844643;70234;1.0;-1.0981023530893264;0.0;144.0;49558;;;7.0;-2.1820561918120336;0.0;37.0;0.0;0.0;9.0;1.0;0.0;0.4009953790083626;-0.8;65546.0;92.0;0.9939235745819641;1.0;;-1.3488363204168115;0.0;;-1.4488297727144503;-2.206236516191091;0.0;-1.0368858379558112;1.0;0.023483666682274893;0.0;1.0;-3.12;31628;-0.8272827602010095;1.0;18.0;-0.6448433076577283;39049;1.0180986474793647;0.0;;Dropout
6.0;0.0;;0.7664168950852729;0.0;0.0;34.0;;-2.4819671826662524;105.9;1.0;0.44201789970827926;98168;1.0;-0.4779589125675662;0.0;108.0;62724;9773.0;0.0;6.0;0.6158680983806648;11.0;38.0;4.0;;;;10.75;0.165376306395468;2.6;17639.0;48.0;0.9271449010588871;0.0;0.0;-0.4189765033168905;0.0;13.0;0.025972939167428134;-0.6658153197258457;0.0;-0.5306965732179645;;0.5392525802580823;10.0;1.0;0.32;30788;-0.6097313263301747;1.0;20.0;0.23701479612274823;22051;0.14478788760424122;0.0;;Dropout
8.0;;1.0;0.09283395235246969;0.0;4.0;1.0;3.0;-0.844726182323417;127.0;0.0;0.7359841048655908;96445;1.0;-0.672325600147821;0.0;136.0;11053;;0.0;8.0;-0.17480264077171226;10.0;1.0;1.0;1.0;4.0;;13.67;-0.5393561459036081;-0.8;53814.0;30.0;-0.213844545396523;1.0;7.0;0.09826706011048876;;10.0;-1.565254879742549;0.5518047614474653;7.0;1.9942748492617726;1.0;1.462755191860625;13.67;1.0;-3.12;57522;-0.3253537969902596;1.0;19.0;0.48078018310931514;27616;0.33807172672727276;;9.4;Enrolled
7.0;0.0;0.0;-0.7097313202063501;1.0;9.0;19.0;;1.8161544113709476;;0.0;-1.8246146370471914;50286;1.0;0.11783607551763121;0.0;120.0;69623;9853.0;0.0;7.0;0.3993535091474883;;37.0;5.0;0.0;4.0;1.0;12.2;-0.03830813213100007;0.5;;72.0;-1.7220796886360101;1.0;0.0;-0.30333275327249254;0.0;13.0;1.3422557260266326;-1.3419409316385686;0.0;-0.24918806465965193;;-1.0713295982937014;;1.0;1.79;99543;0.35472041603607496;;19.0;1.4338131332739619;87987;-1.6359673537043573;0.0;12.4;Dropout
5.0;0.0;3.0;0.179354087439254;0.0;9.0;19.0;2.0;1.8554135027266563;;1.0;-1.7868476505857773;43660;1.0;0.5834681266318139;0.0;140.0;82448;9147.0;0.0;5.0;-0.6001625196308872;7.0;19.0;3.0;1.0;4.0;1.0;10.666666666666666;0.3381085047120181;-0.8;55132.0;58.0;0.4613630318039141;;0.0;1.0739695414377377;0.0;7.0;1.6141083731566273;1.2825621179225057;1.0;0.16101549640009255;1.0;-0.31796710127038064;11.333333333333334;1.0;-3.12;50561;0.7883599282305649;1.0;23.0;1.2140503406380856;15893;0.6559986551621014;0.0;9.4;Dropout
6.0;0.0;;-0.05632580311555679;0.0;4.0;1.0;1.0;-0.26183696449230887;100.0;0.0;-0.07605874530144384;89412;;2.269612569285197;0.0;133.1;47856;9130.0;;6.0;-0.9492990987223658;7.0;1.0;2.0;1.0;4.0;1.0;;-0.009356660168487609;1.4;37779.0;81.0;-1.6424160543297204;0.0;0.0;-0.30849793050286634;0.0;6.0;-0.05573729388854536;-0.583634861846742;1.0;1.5185957403834418;15.0;1.1757860250752543;0.0;41.0;3.51;22221;-2.1478314820870046;1.0;;-2.7698836184845677;28017;0.28729684408256784;0.0;8.9;Dropout
0.0;0.0;;1.4159925153188726;1.0;9.0;;1.0;-0.9579642225236714;134.9;;-0.19767388268190214;67389;1.0;-0.020017030030925434;0.0;131.0;68299;171.0;0.0;0.0;-0.43450311468969866;0.0;19.0;0.0;1.0;9.0;1.0;0.0;0.8610039569234726;0.3;;25.0;1.2152446031855806;1.0;0.0;-0.2345413991506094;0.0;0.0;-0.8526451673546678;0.19371981997959664;0.0;0.2546131288818846;1.0;1.9730945361387187;0.0;1.0;-0.92;84001;0.2559718188221542;1.0;20.0;-0.8562045521961766;54803;-0.0639100226411535;0.0;16.2;Dropout
;0.0;13.0;-0.5148773927524785;;9.0;37.0;1.0;0.2781212197293803;136.0;1.0;0.5798098440482081;95659;1.0;1.1154026630969456;18.0;133.1;36888;9003.0;0.0;;0.19201199223521226;19.0;37.0;19.0;1.0;;2.0;12.68421052631579;0.31870210988764247;2.8;;64.0;-0.7327579655150183;0.0;0.0;0.8146285136163173;12.0;13.0;-0.6642693275955764;-0.3991391554780734;0.0;-0.7486513398801341;;-0.9930909993087541;;1.0;-4.06;38283;0.4879464803903447;;41.0;-0.07002672261360146;42368;0.3608918630590762;0.0;15.5;Graduate
;0.0;0.0;-0.5616176254009604;0.0;4.0;19.0;1.0;0.4389811954670256;130.5;0.0;0.020016902183505356;31085;1.0;-0.8299727769797747;0.0;133.1;94280;9254.0;0.0;6.0;0.5765706656608327;0.0;19.0;0.0;1.0;6.0;1.0;0.0;0.5112404704296791;2.8;91541.0;94.0;0.6349603346555124;;;1.8107116629183762;0.0;0.0;-0.45374208227580487;-1.1763167404216885;0.0;0.7301576748253484;39.0;-0.73881191980665;0.0;1.0;-4.06;48201;0.16914138073032464;3.0;38.0;-1.0152870625376953;93228;-0.40921770712424965;0.0;15.5;Dropout
1.0;0.0;0.0;-0.6986386403809086;;4.0;1.0;2.0;0.6007195192940576;120.4;0.0;0.5818649344542106;50442;1.0;-1.6749463149753558;0.0;127.0;26546;9773.0;0.0;5.0;0.30384362677984883;7.0;19.0;2.0;1.0;5.0;1.0;10.0;1.7135547882300832;3.7;34916.0;88.0;-0.6561688118438619;;0.0;1.407498373948328;0.0;1.0;-0.1068272359245996;0.4402960547483123;0.0;-0.42847580858614803;1.0;0.3811000946098597;0.0;1.0;-1.7;86383;-0.40485571964760636;1.0;18.0;-3.700091559090642;12679;-0.5919025038834741;0.0;12.7;Dropout
6.0;1.0;4.0;1.8968484696425045;0.0;2.0;19.0;1.0;-2.5270286828375976;126.9;0.0;-1.2455952695612857;38153;1.0;-0.35230164671012465;0.0;129.0;22394;9853.0;0.0;6.0;-0.9367607985026886;9.0;38.0;5.0;1.0;7.0;;12.2;0.8275063329650659;2.6;50878.0;9.0;-0.4920356621232251;1.0;0.0;-0.13665388410914364;0.0;10.0;1.3704696474063276;-0.59801270325181;0.0;0.2891252569412285;1.0;-0.5777431421930873;11.5;;0.32;19978;1.419810390210501;1.0;19.0;-0.7256184877506775;13684;-0.24188553163910984;0.0;7.6;Enrolled
;1.0;0.0;-0.6426864243324357;;2.0;1.0;1.0;3.157756183825162;110.0;1.0;-0.01074457040869473;47831;1.0;-1.5977217178742416;0.0;133.1;94514;171.0;1.0;;1.8376794179293596;0.0;19.0;0.0;1.0;7.0;;0.0;1.7409584463809726;2.8;19808.0;;-0.8009698165942107;;;-0.04951421173240328;;0.0;0.9556018103090642;-0.8330311640382132;0.0;0.512156851743375;39.0;-0.7592317545099526;;101.0;-4.06;21904;1.3444025957917438;19.0;25.0;-0.003610607487661706;34481;-0.4642031783182975;;15.5;Dropout
6.0;0.0;;1.2968382324450054;0.0;;37.0;1.0;1.1324746680436324;103.5;1.0;-1.3410567379577842;88553;1.0;0.014673167169103205;0.0;;55642;9238.0;0.0;6.0;0.33281407291950144;0.0;37.0;0.0;1.0;4.0;2.0;0.0;-0.67191436622018;2.8;23632.0;;0.7160815269607016;0.0;0.0;0.046719244784203945;0.0;0.0;0.9710045037340956;-2.3761492726841023;0.0;-0.49430519884808377;39.0;0.24447060636890713;0.0;1.0;-4.06;28134;-0.366212600271336;19.0;42.0;-0.5252846828114393;65038;2.1805295610432003;;15.5;Dropout
7.0;;0.0;-1.0313875001615005;0.0;2.0;3.0;1.0;-0.19786370373966655;149.0;;0.38685793437140087;90407;1.0;-0.7804541245086651;0.0;120.0;46123;9500.0;0.0;6.0;-0.6223645085746021;15.0;3.0;2.0;0.0;2.0;1.0;11.5;-1.5924138728455486;2.8;41728.0;19.0;-0.621346980719567;0.0;0.0;0.14699940846258552;0.0;9.0;0.17057827067284828;1.3026867733031924;0.0;0.18637156610995742;39.0;1.5494199537397775;0.0;1.0;-4.06;43852;-0.08307798876512847;1.0;36.0;-0.9969432550763406;42032;0.9118707288435897;0.0;15.5;Dropout
6.0;1.0;6.0;0.5066238221933962;0.0;7.0;38.0;3.0;-0.7184776301608532;127.2;0.0;-1.8782850423633206;63578;1.0;-1.9542713867545856;0.0;131.0;83433;9773.0;0.0;6.0;0.4242202051664839;6.0;37.0;6.0;1.0;7.0;1.0;15.0;-0.1402807907109069;;73388.0;82.0;0.7685320881911486;;0.0;-0.8473481143478149;0.0;6.0;-1.1536117239417165;0.006148748308978456;0.0;1.6000462018621546;1.0;-1.309482295099386;12.833333333333334;1.0;3.51;87188;0.7718402442922802;1.0;18.0;0.04146462478482887;85199;-0.968468923971701;0.0;8.9;Dropout
8.0;;;0.2625093986304683;0.0;9.0;3.0;2.0;0.9873056940796048;103.4;0.0;0.34831009854087963;13121;;1.7360251458601772;4.0;130.0;35399;9147.0;;7.0;0.2559872790051715;9.0;37.0;7.0;1.0;9.0;2.0;11.75;-0.22559636167738192;3.7;;2.0;-0.5951903587280902;0.0;;0.9365937988554389;3.0;12.0;-0.7700567096316285;1.1065693875550762;0.0;-0.6265347337326806;39.0;1.498334107779513;11.142857142857142;1.0;-1.7;67076;1.2826279947493293;3.0;30.0;0.3430881752521303;18638;2.0362960022608423;0.0;12.7;Dropout
6.0;;4.0;1.233368458255322;0.0;5.0;1.0;3.0;0.49539461503454135;111.9;1.0;-1.4689993808971122;49754;1.0;-0.5375617131053801;;121.0;36604;9670.0;0.0;6.0;-0.17533323613792748;7.0;19.0;6.0;1.0;5.0;1.0;11.333333333333334;1.4594141523893558;1.4;75443.0;31.0;;1.0;0.0;0.20660912772278656;0.0;10.0;0.06072126315243073;0.6201924069959888;0.0;1.316892582989337;1.0;-0.5747692185828881;10.571428571428571;1.0;;79794;-0.8155235098950259;1.0;20.0;-0.4685971139654719;44172;-0.43285661143631277;0.0;10.8;Enrolled
5.0;0.0;1.0;1.088378824590465;0.0;0.0;34.0;1.0;0.09214748803451132;119.5;1.0;-0.3835277932217955;53847;1.0;-1.6376193029441979;0.0;144.0;14729;9119.0;0.0;5.0;-0.2927886495314505;6.0;34.0;1.0;1.0;0.0;1.0;10.0;-1.130044432656839;1.4;18008.0;79.0;;0.0;;-0.04485618881531375;0.0;7.0;-1.2011000968440921;1.1064324181752578;0.0;-0.5904967981259379;42.0;0.3457919212581986;12.0;1.0;1.74;40320;-1.046199099328574;1.0;18.0;1.371743822473672;68416;0.029455367464284527;0.0;;Dropout
6.0;1.0;1.0;0.08189004374324715;0.0;7.0;19.0;;0.45833463364081156;106.0;1.0;0.894927691449249;74233;1.0;0.8981717905072897;0.0;106.0;56637;9254.0;0.0;6.0;0.9848712287398383;8.0;37.0;4.0;1.0;7.0;1.0;10.5;-0.07887896045994186;-0.8;14060.0;11.0;0.15382160591500038;1.0;0.0;;0.0;11.0;0.30398295055210667;-0.5641448153028094;0.0;1.8020688082671856;18.0;1.5908507211018605;11.0;1.0;-3.12;47128;0.27416186775619583;1.0;21.0;0.057714415879476136;65077;0.89741719493132;0.0;9.4;Dropout
0.0;0.0;0.0;-0.5370759294328917;0.0;5.0;38.0;1.0;-0.11271960422461444;111.1;;0.22737998859841746;34175;1.0;-0.7286143625392852;0.0;116.0;77607;171.0;0.0;0.0;1.7278476314627838;;1.0;0.0;1.0;1.0;1.0;;0.40517936604288673;-0.3;34758.0;13.0;-0.9242043345531175;0.0;0.0;0.06228620849061246;0.0;0.0;0.8051235214103482;-1.3724556119010523;0.0;-0.855485948976514;1.0;0.32532359230211194;0.0;;0.79;46793;-1.1235793134937833;1.0;21.0;-0.8715136696348803;56589;-1.9699885438976152;0.0;13.9;Dropout
6.0;0.0;4.0;1.6249616391019226;0.0;9.0;38.0;5.0;0.40186226571730205;114.6;;-1.645660223724301;62076;1.0;1.090166033690662;;117.0;98771;9853.0;0.0;6.0;-2.036003767156134;11.0;38.0;4.0;1.0;7.0;1.0;13.25;0.10010250398435848;-0.8;39953.0;75.0;0.7038076493013575;1.0;0.0;-1.8932123032208052;;;0.5453453919583249;0.7626928754138702;0.0;-0.3938557026175791;17.0;-0.29749104819918826;10.25;1.0;-3.12;20219;-1.9449974933826988;1.0;19.0;-1.1245373223498343;49942;-0.23702584694096898;0.0;9.4;Dropout
5.0;0.0;0.0;-0.6369474516701604;0.0;4.0;;;0.7263628509535036;118.0;0.0;-0.6723938446940241;77747;1.0;-0.7333943346780494;0.0;;57496;9147.0;0.0;5.0;1.2305355759830512;5.0;3.0;0.0;1.0;3.0;1.0;0.0;-0.17152964723869607;2.6;;46.0;-0.2713392059427344;1.0;;-0.581649344032232;0.0;5.0;0.5051894729183323;0.13019874366571751;0.0;1.508255774867143;39.0;0.7181756226947392;;1.0;0.32;59509;-0.8203759401715388;1.0;24.0;-0.21296980325866172;18463;-0.5733338509671676;0.0;7.6;Dropout
;0.0;0.0;-2.267723774874389;;4.0;37.0;;0.34331687408202705;140.0;;-1.501378525476802;61265;1.0;-0.5408976902627972;0.0;133.1;16728;9085.0;0.0;6.0;0.019929523406616915;;37.0;3.0;1.0;8.0;1.0;12.666666666666666;0.35856845320634534;0.6;62582.0;56.0;0.5439007373055086;0.0;0.0;-0.5630977064791987;0.0;7.0;-1.8662826499564005;-0.46636638292043014;;1.5522327508664944;;-0.17316620233244048;0.0;;2.02;39904;0.4171636171242488;19.0;35.0;1.113420653537455;15885;0.20508007954413482;0.0;11.1;Dropout
5.0;0.0;0.0;-1.858565456508074;0.0;;19.0;1.0;0.29092189832191895;131.0;1.0;-1.6947584996051934;85304;;0.3448317094770465;0.0;125.0;27186;9130.0;0.0;5.0;0.23669054382762458;11.0;19.0;2.0;1.0;10.0;1.0;;1.0790976309119762;1.4;26921.0;90.0;-0.016228269712760174;1.0;3.0;0.28699519308761895;0.0;;1.333355796671096;0.7427134077419892;2.0;0.8184266601018806;17.0;0.5213510495946143;0.0;1.0;1.74;95740;1.5536103032944955;1.0;19.0;-0.8236887091431336;14916;0.3700496832654426;0.0;10.8;Dropout
6.0;1.0;5.0;-1.615061349113567;0.0;2.0;3.0;1.0;1.3928601332111812;;0.0;0.1176631761339743;32731;1.0;0.5932193807041102;;133.1;35323;9254.0;0.0;6.0;1.3516423300834972;7.0;19.0;6.0;1.0;3.0;1.0;;1.535745471222662;0.3;83941.0;27.0;0.5864539004248975;0.0;0.0;1.8798500249452958;0.0;6.0;-1.5673853300320142;0.3081305950577901;0.0;-1.0818495018564669;39.0;-0.20468099837781942;12.8;1.0;-0.92;72219;-0.7087646631465633;19.0;;0.5958794839967012;55400;-0.07725936533235145;0.0;16.2;Dropout
6.0;0.0;4.0;0.5956955451999448;1.0;2.0;3.0;1.0;-1.5971071194184563;112.3;0.0;0.5602983435601032;65799;1.0;0.7684837373405985;;121.0;90402;9773.0;0.0;;-2.6548088922250805;7.0;3.0;5.0;;2.0;1.0;;0.03280720745608439;0.6;;69.0;;1.0;0.0;0.5719074656654372;0.0;11.0;-0.15274921384582316;0.6389384741346508;0.0;0.08240923797138432;1.0;0.8611528969890385;;1.0;2.02;88380;-0.12426644461817643;1.0;18.0;0.0945569100143128;89644;-0.12364729817898791;0.0;11.1;Dropout
6.0;1.0;3.0;2.214467601644522;0.0;5.0;1.0;1.0;-0.7978822785584306;118.4;1.0;0.4406059207156895;51006;1.0;-0.08974113872932903;;117.0;62262;9773.0;0.0;6.0;0.8147894092543744;8.0;37.0;;1.0;9.0;;11.833333333333334;-0.8158457535945645;2.8;37954.0;51.0;-0.7895980898743715;0.0;0.0;1.4484020726356133;0.0;11.0;0.618543543786074;-1.0223944308042814;0.0;0.0012486525569804752;1.0;-1.3942316925502163;13.0;1.0;-4.06;27558;0.1555450542677381;1.0;19.0;1.9932329695046769;18015;1.065131372635445;0.0;15.5;Graduate
7.0;0.0;3.0;-2.0399606717519947;0.0;2.0;44.0;1.0;0.026560685981022587;;0.0;0.6026268148797509;46623;1.0;0.5286167215545834;0.0;133.1;94039;;;;1.2824970617344205;13.0;40.0;5.0;1.0;2.0;;;1.5345340940933647;0.6;68123.0;84.0;0.42685823443891907;0.0;0.0;0.6452121731035768;0.0;14.0;0.3585975259848231;0.9776164619962204;0.0;-0.8558130926686129;39.0;-1.013521624093676;11.4;1.0;2.02;20076;-0.648599371735191;1.0;36.0;0.3902514636605695;15868;0.30148593033403814;0.0;11.1;Dropout
6.0;1.0;0.0;-0.782554883164555;1.0;9.0;37.0;1.0;-0.7298675829292409;100.0;0.0;-0.011910850885818457;48180;1.0;0.7456286069234205;0.0;;85974;9085.0;0.0;6.0;-0.6886167406501494;;37.0;0.0;0.0;;1.0;0.0;-1.0776334467354902;-0.3;36968.0;87.0;-0.49373383579925434;1.0;0.0;1.1250534896876154;;6.0;-1.2778363270459614;-0.004630675998198973;0.0;0.6968371654522438;39.0;-1.4089284248679461;0.0;1.0;0.79;49302;-0.7271638606713509;19.0;26.0;-0.6982262394258594;71646;0.04142501005194293;0.0;13.9;Dropout
6.0;0.0;3.0;0.08902579478820845;1.0;3.0;1.0;1.0;-0.396032538243941;160.0;0.0;-0.2733902187499678;59949;;0.20056913856684971;2.0;160.0;89259;;0.0;6.0;-1.3939530330535843;9.0;37.0;6.0;0.0;3.0;;12.0;1.790578843115133;0.5;15452.0;52.0;1.4587864497461098;1.0;0.0;1.857127352943106;1.0;8.0;-1.098325622903696;1.0848701715208642;0.0;-0.7766930970632456;44.0;-0.056429429196339594;14.666666666666666;1.0;;61248;0.3349849506561553;39.0;36.0;0.7363695287646863;55041;0.1478705914601392;;12.4;Dropout
7.0;0.0;0.0;1.5455069656705527;0.0;3.0;38.0;4.0;1.2877417828900442;129.0;0.0;-1.0730693270623144;56178;1.0;-0.14265811326429617;0.0;135.0;35178;9556.0;0.0;7.0;1.6399288161803287;;37.0;0.0;1.0;7.0;1.0;0.0;1.34413536491873;3.7;76290.0;73.0;0.06765670221171292;1.0;;-0.7318368323022549;0.0;0.0;0.28707162240678163;0.9682533204657595;0.0;-1.2905893874745975;17.0;-1.5295382188097704;0.0;1.0;-1.7;60385;-1.19743161043337;1.0;21.0;0.7700219908959701;37908;1.8358889975302184;0.0;12.7;Dropout
5.0;0.0;0.0;-0.7879375191522701;0.0;5.0;38.0;5.0;-0.14897097395772507;109.5;;-0.4400796717504989;61672;1.0;-1.4452949482311301;0.0;;60486;9254.0;0.0;5.0;-1.756391735801677;5.0;1.0;0.0;;9.0;1.0;0.0;1.48939879142887;1.4;17754.0;38.0;-1.3736312777948312;0.0;0.0;-0.7971044341315033;0.0;10.0;0.5108450137694908;0.6862979925548902;0.0;-1.620867548287736;17.0;-0.6918315750668192;0.0;1.0;1.74;68796;-0.7674137418937167;1.0;19.0;-0.3970110122958146;11612;0.17267397698410603;0.0;10.8;Dropout
;0.0;0.0;0.5907998224836434;1.0;9.0;;1.0;-1.829211027713974;119.0;1.0;-1.3213483853261705;96411;1.0;0.5991741567799889;0.0;119.0;15426;9003.0;;6.0;0.41864979537982216;6.0;37.0;0.0;1.0;6.0;1.0;;0.6853908559730856;;29728.0;74.0;-0.5854659534173516;0.0;0.0;0.6688109004773214;0.0;8.0;-1.1072038446128278;-0.11112621114219404;0.0;1.712295284694428;43.0;-1.1075086045688078;0.0;1.0;-4.06;84913;-0.20258787974279907;;23.0;-1.16399570433001;82224;-0.5144485049657053;0.0;15.5;Dropout
6.0;0.0;;-0.2500892484133701;0.0;4.0;19.0;2.0;-0.42334172933427894;133.7;0.0;-0.8451655271269194;67161;1.0;0.04217369914115087;0.0;133.0;43594;9238.0;0.0;6.0;1.0231083463913953;6.0;38.0;6.0;1.0;5.0;1.0;13.5;-2.112490040137815;1.4;37260.0;86.0;-0.999304539983591;1.0;0.0;-0.00367845406224581;0.0;6.0;0.39259263896497654;0.7095692231213884;0.0;-0.5104832738658133;16.0;1.479676229538824;12.166666666666666;1.0;1.74;39318;0.3224611620762996;1.0;18.0;0.5360351912265707;69336;-1.908999088611059;0.0;10.8;Graduate
5.0;0.0;0.0;2.6071616329152643;1.0;7.0;19.0;3.0;0.058113174133872056;116.0;0.0;0.08892687043804186;59213;1.0;-0.41361585235070747;0.0;124.0;38176;;0.0;6.0;0.3965990052496025;7.0;1.0;0.0;;10.0;1.0;0.0;-1.0391208310755444;-0.3;90638.0;28.0;1.0729187803816422;1.0;0.0;0.22035383280696072;;5.0;-1.5152734796940641;1.1107855536288451;0.0;-0.48950522152066184;1.0;-0.990680352175839;0.0;;;36243;-1.5152465778661566;;19.0;0.06351517676500196;62832;-1.4339373740349537;0.0;13.9;Dropout
5.0;0.0;1.0;0.1445402876332783;0.0;;38.0;1.0;0.039689532456326865;120.0;1.0;-0.1178060875409223;92996;0.0;1.27776636359166;0.0;133.1;24569;9991.0;0.0;5.0;0.5646325899934531;9.0;38.0;0.0;1.0;8.0;;0.0;0.3068882206930588;;62747.0;8.0;0.7735405928586261;0.0;0.0;;0.0;;0.62438925730379;0.6067328653834715;;-1.0306697654625794;39.0;-1.2865457029233422;10.0;1.0;-1.7;33777;-0.13081685447283856;19.0;39.0;-1.5165500917375536;31075;-0.467025895079761;0.0;12.7;Dropout
8.0;0.0;6.0;0.3556887731453272;0.0;;18.0;3.0;0.5560374413464144;130.8;;3.064728037894776;31412;1.0;-1.4278336329133157;0.0;139.0;15557;9500.0;0.0;8.0;-0.26501960457467;9.0;18.0;6.0;0.0;1.0;1.0;;-0.6756469985509331;-0.8;81136.0;35.0;-0.06104329600330352;1.0;1.0;-0.5962587170247173;0.0;9.0;-0.8838418217670303;0.20259734575706534;1.0;1.3679247297344348;1.0;0.2483385337657695;12.758333333333333;1.0;-3.12;42680;-1.290855732620402;;18.0;0.2545209989906128;94151;-0.10837684395414768;;9.4;Dropout
6.0;0.0;0.0;0.08425695926466475;0.0;9.0;37.0;1.0;0.47438857475547375;130.0;1.0;-1.3457955975050075;32420;1.0;1.6440363153648863;0.0;133.1;43951;9003.0;0.0;6.0;0.4627206918824197;6.0;1.0;0.0;;10.0;;0.0;-0.31527987833788707;0.6;91724.0;62.0;;0.0;0.0;1.6207646687750252;0.0;6.0;0.0805134579182048;0.7118488443128335;0.0;-1.380250235001923;39.0;1.6868211545616603;0.0;;2.02;63795;-0.6842007974699434;12.0;28.0;-0.6369928980212063;15651;-0.5556214596102388;;11.1;Dropout
5.0;1.0;;-0.41468656769362044;1.0;9.0;;1.0;-0.13882609852598576;123.7;0.0;-0.12509872083178206;20477;1.0;-0.022273278634465647;;138.0;16319;9147.0;0.0;5.0;-0.7084685958536481;;1.0;4.0;1.0;9.0;;11.0;0.6128081808259253;0.6;;86.0;-0.08767944288821511;;0.0;-1.0998611138199144;;5.0;-0.08739769229550559;-0.5257044954204685;0.0;-1.2041337841571602;17.0;-0.11606707924568499;0.0;1.0;2.02;82264;0.7886266611935043;1.0;19.0;-1.515602041862481;76396;0.3511439770458093;0.0;11.1;Dropout
6.0;0.0;5.0;0.9498704089020585;0.0;9.0;37.0;1.0;-1.1930397582454333;109.6;0.0;-1.4237321112037242;28141;;0.3175181785028984;0.0;133.1;65094;9085.0;1.0;;-0.578944453594594;13.0;37.0;4.0;1.0;9.0;1.0;12.25;-0.16997428502863698;0.6;64826.0;60.0;0.8604020506847176;0.0;0.0;0.6863922592415442;0.0;15.0;1.1606573279112682;1.5139895498360523;0.0;-0.3218281007629398;15.0;-0.038719306477064175;11.0;41.0;;47347;-0.07384551758582936;1.0;18.0;-0.35211634338830183;75487;-0.5685080445083084;0.0;11.1;Dropout
6.0;0.0;5.0;-1.1590275532607888;0.0;5.0;38.0;1.0;-0.4411392516375624;142.2;0.0;-0.3877858759699509;17025;;-0.39504411453027083;0.0;145.0;34964;9853.0;0.0;6.0;0.03554576417197056;9.0;37.0;4.0;1.0;5.0;1.0;12.5;-1.21902060432434;;41836.0;94.0;0.5198316428236619;;0.0;0.5242282857304499;0.0;9.0;0.2421300287003375;-1.681827384402176;0.0;-0.0215668154884143;1.0;1.290757461078476;12.5;1.0;-3.12;47632;1.6690700771702789;1.0;19.0;1.2829187342068633;75236;-0.9144892701354301;0.0;9.4;Enrolled
8.0;0.0;0.0;-2.0019624004109335;0.0;7.0;38.0;1.0;-0.6227765566217982;170.0;1.0;-0.34709318211518453;27120;1.0;-1.6670729125233301;0.0;133.1;30389;9500.0;0.0;;-1.539843865151051;9.0;38.0;;1.0;8.0;2.0;12.783333333333331;0.8856587131385649;0.3;46330.0;11.0;;0.0;;-1.579013297570244;;;-0.5991018546405157;0.034402720811446956;0.0;0.6586352504440592;39.0;0.8782293382164461;0.0;1.0;-0.92;91454;-0.072197522411948;;36.0;1.2080615000880572;64173;0.6126438353574128;0.0;16.2;Dropout
7.0;0.0;6.0;-0.15019462452352697;0.0;3.0;19.0;2.0;-0.285103802686256;121.1;1.0;0.8448800262331382;69016;;-0.1396098984657797;0.0;127.0;19965;9853.0;0.0;7.0;0.5770401132618533;10.0;38.0;6.0;1.0;3.0;1.0;13.666666666666666;0.5149027751537264;0.5;24916.0;;-0.19184598017954668;1.0;0.0;-0.8307803299935937;0.0;9.0;0.359592705544174;-0.4059579185913146;0.0;-0.6755952036075326;17.0;0.4254149846118925;12.5;1.0;1.79;40884;0.9680128227723279;1.0;19.0;0.9467521020073675;37414;1.3693944968780132;0.0;;Dropout
9.0;;;0.8155637206624808;0.0;9.0;19.0;1.0;0.6911685352578869;112.0;1.0;-0.4496665392179212;72752;1.0;0.33474490689279257;5.0;129.0;51756;9147.0;0.0;9.0;-2.4807383741296927;9.0;1.0;5.0;1.0;5.0;1.0;11.2;-0.24899594297956376;3.7;62976.0;12.0;;0.0;2.0;-0.6626905609498676;5.0;14.0;2.142413239220978;-0.6408916933271862;0.0;1.544333810390488;43.0;-0.5823407284001934;11.25;1.0;-1.7;24719;0.7947747084426946;1.0;;0.2692328900921232;51015;-1.1071675977465478;0.0;12.7;Dropout
6.0;0.0;2.0;-0.5807768951997203;0.0;2.0;3.0;1.0;0.40410274956375236;131.0;;-0.19131960005615892;68295;1.0;0.6762254464025941;;138.0;25206;;0.0;6.0;0.3628154653732807;8.0;19.0;4.0;1.0;4.0;1.0;;0.7112661841046735;0.6;62654.0;;0.665063085024205;;0.0;0.5645841133165913;0.0;14.0;0.7401229212868351;0.30519600016495774;0.0;-0.668787735193276;1.0;0.45595790628661287;13.0;1.0;2.02;41026;-0.013220278181534602;1.0;19.0;0.5957972033550994;49772;0.24371586370781181;;11.1;Dropout
;;6.0;0.18649054432316478;0.0;9.0;37.0;1.0;0.8240057137416856;;0.0;-0.4303179624722195;91439;0.0;-0.1980331984389014;0.0;117.0;61577;8014.0;0.0;6.0;0.4568719508736303;6.0;37.0;4.0;1.0;9.0;;12.5;0.09504706309758831;-0.3;97506.0;80.0;1.5513403487142;0.0;0.0;-0.367035105930551;0.0;6.0;-0.059167013733695435;-1.1254756057844835;0.0;-1.008580944996969;43.0;-1.360784095352687;14.333333333333334;1.0;0.79;13697;-1.3156526545452474;1.0;27.0;0.09864458147800159;87964;-1.905004658153818;0.0;13.9;Dropout
5.0;1.0;;-1.2206963213967281;0.0;;19.0;5.0;-0.3840832036027939;123.3;1.0;-1.401051744057209;87176;1.0;-2.192539841204418;0.0;131.0;98760;9119.0;0.0;5.0;-0.7945203764477966;9.0;37.0;5.0;1.0;7.0;1.0;12.6;1.331361192415246;1.4;27097.0;44.0;1.1060104389334366;1.0;0.0;-0.08558980661080533;0.0;8.0;-0.8336129713379762;2.1519321985173097;;-1.1037752622950843;17.0;-0.623675549392598;12.5;1.0;3.51;42928;-0.10512621867139585;1.0;19.0;-1.1050508262144687;77100;-1.4745381307271594;0.0;8.9;Dropout
;0.0;4.0;1.0626633102941556;0.0;7.0;38.0;2.0;1.5083607682847333;;0.0;-0.6521023717931075;39410;1.0;-1.5416613445826255;0.0;125.0;75828;9556.0;0.0;7.0;-1.233966138990936;13.0;19.0;4.0;1.0;7.0;1.0;13.5;0.15120788555750925;0.6;78116.0;42.0;1.5816587038801533;1.0;0.0;-1.4576473569847277;0.0;11.0;-0.6164915006077158;-1.3521054383210958;;-0.7738912475867935;17.0;1.4314626509552495;11.225;1.0;2.02;90964;-0.5327706829620691;1.0;20.0;-0.9055018988524346;52870;-0.5887658279771728;0.0;11.1;Dropout
5.0;0.0;0.0;0.6519096326043807;0.0;90.0;37.0;;0.6728385125967202;110.0;1.0;-0.3819367150838177;27080;1.0;2.052019623763294;0.0;110.0;20444;9085.0;0.0;5.0;-0.40816972203649704;5.0;37.0;0.0;0.0;;2.0;;1.3239276665806796;3.7;33949.0;72.0;0.16203184887398447;0.0;0.0;2.325911716715314;0.0;5.0;0.6799929216352303;-0.9512680232520959;0.0;-1.1685424496918684;;1.3019926847411216;;1.0;-1.7;82909;-0.571418946486769;19.0;29.0;-0.6071809255577043;74980;1.1349104323771935;0.0;12.7;Dropout
6.0;1.0;1.0;0.019728319118210456;1.0;9.0;1.0;1.0;0.11223468184195727;130.0;0.0;0.07382588340638456;47860;1.0;-1.0925359837721156;1.0;130.0;18221;9130.0;0.0;6.0;0.6396772687485669;13.0;3.0;3.0;;2.0;1.0;12.333333333333334;-1.8736527813752126;-0.3;17077.0;26.0;-0.9699910923437538;1.0;0.0;0.07119561873949704;1.0;12.0;-0.8858025723216734;-1.0456836376298675;0.0;0.7509047693323933;44.0;0.43748469933537587;13.0;1.0;0.79;90650;0.15582099031392233;39.0;21.0;1.4013590766363295;97250;-0.7787060297054746;0.0;13.9;Dropout
6.0;0.0;0.0;0.1687297878915687;0.0;0.0;37.0;1.0;0.6033465843779693;;0.0;0.5589472872248251;93471;1.0;1.4270494582392084;0.0;133.1;88768;9853.0;0.0;6.0;0.34569911539018205;;34.0;3.0;1.0;;2.0;;0.4592190232118289;;46050.0;88.0;-0.8811871596044757;0.0;1.0;0.49900089729694386;0.0;14.0;0.002688761079135327;0.1984981164263349;0.0;-1.0008417358589414;39.0;-1.9293537213766583;0.0;1.0;0.32;37013;-1.4495709370743604;10.0;;1.0766907311204446;72305;-0.8161004747655494;;7.6;Dropout
6.0;1.0;0.0;-1.3935752632950515;1.0;5.0;;2.0;-0.6757604146310315;106.7;1.0;-0.2345965097110292;97135;1.0;-0.9340867374175955;0.0;113.0;88028;9254.0;0.0;6.0;-1.111533108890007;14.0;2.0;2.0;1.0;3.0;1.0;10.0;-0.39786179668083926;-0.3;96744.0;62.0;1.3795698455137264;1.0;0.0;-0.5406254885652224;0.0;6.0;1.4376189123394112;1.0145441060648281;0.0;-0.13282888985708963;17.0;-1.20822152798315;0.0;1.0;0.79;47508;-0.8738440141246482;1.0;;-1.0798775633268254;42070;0.03608728189444972;0.0;;Dropout
5.0;0.0;0.0;-1.3488933237786027;0.0;0.0;34.0;2.0;-2.1087542159604213;140.0;0.0;-0.2521762639813468;28430;1.0;-0.18245590972786754;;140.0;42632;9130.0;;5.0;0.10568109397795517;9.0;34.0;;1.0;0.0;1.0;0.0;-0.8590509883435039;1.4;51645.0;80.0;-1.861943521870265;0.0;3.0;-0.6526273270678512;0.0;9.0;0.15039239302365434;0.5260069054411805;4.0;-1.0295493422971715;7.0;-0.6794724286140688;0.0;1.0;1.74;86360;-1.0120645343059802;3.0;25.0;0.05339111541619958;10715;0.0370836111498507;0.0;10.8;Dropout
6.0;0.0;5.0;-0.12199142377333605;0.0;9.0;1.0;1.0;-0.6066963690697782;120.0;0.0;-1.720813158487053;23075;1.0;0.625208259599904;0.0;120.0;51046;;0.0;6.0;0.2619567882109054;14.0;19.0;5.0;;9.0;1.0;11.5;1.1585005794051257;2.8;26729.0;77.0;1.5047567056729299;1.0;;1.9126846549535315;0.0;13.0;-1.0791317912974314;1.4723442921739869;1.0;-1.1744610760292395;43.0;-0.17169903133871717;11.0;1.0;-4.06;77849;-0.2542245727674272;;21.0;-0.4026071427527276;89047;-0.7851314727546698;;15.5;Dropout
;;3.0;0.5137348107254257;0.0;9.0;37.0;1.0;0.7474569572421684;150.0;1.0;0.5397345172563511;76383;1.0;-0.8201944465808737;1.0;150.0;43938;9130.0;;6.0;0.2195700801635389;8.0;37.0;6.0;1.0;3.0;1.0;12.5;0.8890874318763199;-0.3;39016.0;;-0.7876346695403152;1.0;0.0;-1.916721607006629;0.0;11.0;2.17784785267261;-0.8272680454252387;;1.1065365127561422;44.0;-1.250411150505963;13.333333333333334;1.0;;26661;-0.7681613181415141;39.0;;-0.15510053930068352;11558;1.9862215672632384;0.0;;Dropout
5.0;0.0;1.0;0.5643786709412704;0.0;191.0;1.0;4.0;0.08021603968896353;121.0;1.0;-0.6958978871500408;89159;1.0;1.5922151357590542;0.0;122.0;62373;9119.0;1.0;5.0;-0.9865913169195347;10.0;1.0;4.0;1.0;;1.0;;-2.0064766890924717;1.4;72528.0;42.0;1.923389968356058;1.0;0.0;0.27864706843077663;0.0;14.0;1.7624482979459097;0.6587214625269537;0.0;1.602775579143522;17.0;-0.24631372358223186;10.0;;3.51;86113;-0.7024287686632099;1.0;20.0;-0.5360428189522269;55818;-0.2653633731153731;0.0;8.9;Enrolled
1.0;0.0;1.0;-0.3629328741139831;0.0;9.0;37.0;1.0;-0.13683447267787338;114.7;0.0;0.7471232382297756;95517;0.0;0.07572835806841098;2.0;133.1;28774;;1.0;2.0;0.15570273023912937;2.0;37.0;2.0;1.0;8.0;1.0;10.5;0.7154956353164654;1.4;35624.0;69.0;;0.0;0.0;;1.0;1.0;0.5011765583790927;-0.30353663580881896;0.0;1.2690012086029379;43.0;1.7672952381553557;11.0;41.0;1.74;19261;0.1354634142281664;1.0;34.0;1.4056916228062777;16071;0.11358498241807989;0.0;;Dropout
5.0;0.0;2.0;0.7453783562914271;0.0;9.0;19.0;1.0;-0.8478400707777279;107.7;0.0;1.3164399478541957;96334;1.0;0.4608508462996698;0.0;114.0;94627;9147.0;0.0;5.0;0.9177450118919417;7.0;;2.0;1.0;7.0;;10.0;0.5941480464059347;1.4;30837.0;46.0;0.7225708222563542;0.0;;-0.4050011543970049;0.0;11.0;1.275755411339087;0.2280741210065723;0.0;-1.4713358440003375;17.0;0.4008358768586728;14.0;1.0;1.74;32939;-0.44568487233654813;1.0;;-0.018906536873635343;89150;-0.40177953771044195;0.0;10.8;Dropout
6.0;0.0;;1.420791527413573;0.0;4.0;1.0;;-1.9558258259165358;;;-0.18791502669300522;35450;1.0;-0.2676070080191258;1.0;160.0;46352;9085.0;0.0;6.0;0.5369617191750631;12.0;1.0;4.0;1.0;4.0;1.0;13.4;-0.723071506657659;;32205.0;75.0;2.3850463982662427;1.0;0.0;-0.6380944676740209;1.0;17.0;-0.266979681134306;1.108681092912723;0.0;-1.3325872771872644;44.0;0.21882662896103644;13.5;1.0;1.79;57957;0.0048062868819392455;39.0;23.0;0.21615680460127337;12842;0.4399715621511794;0.0;12.4;Enrolled
6.0;0.0;;-0.08866741666423159;;9.0;;1.0;1.4248456208147904;121.0;1.0;-1.0233112807658922;81954;1.0;0.6587202870170907;0.0;133.1;25117;9254.0;0.0;6.0;0.4114799149074398;9.0;1.0;5.0;;9.0;;11.833333333333334;-0.8353039469631652;1.4;;33.0;-0.33014780105565317;0.0;;-0.9859776834192479;0.0;8.0;0.7244544776654501;-1.6922703182653593;0.0;1.978379075919161;1.0;-1.0175554190184881;10.0;1.0;3.51;68899;-1.1156981152691303;;21.0;0.2242582061333231;71517;1.234957559704117;0.0;8.9;Dropout
;0.0;0.0;0.3096639066117773;0.0;99.0;34.0;1.0;-0.20789474181160716;109.8;1.0;-0.016698613086298133;70656;1.0;1.5787927398498625;0.0;130.0;37091;9147.0;0.0;3.0;1.6426825677039048;3.0;34.0;0.0;0.0;99.0;1.0;0.0;-1.5905752245984077;2.6;72111.0;20.0;-0.3469330231045722;1.0;0.0;0.03544172970632749;0.0;2.0;-0.42353980518075196;1.9910085635023296;0.0;-0.25433272004169993;42.0;-1.6389847867125071;0.0;1.0;0.32;81827;-0.8284222860647452;1.0;;-1.02777017496102;79555;1.6636636969545726;0.0;7.6;Dropout
10.0;0.0;5.0;-0.20785413033412606;0.0;9.0;;1.0;-0.42953798189719095;117.7;0.0;0.34870199801863844;40276;1.0;-0.13128593762321436;10.0;130.0;89602;;0.0;12.0;0.16779112903878252;12.0;19.0;10.0;1.0;9.0;1.0;12.0;-0.3375318972369645;0.6;38852.0;74.0;;0.0;0.0;-2.5680291473060657;5.0;11.0;-1.3554150299549546;-0.14524399811826655;0.0;-1.3747952773390484;51.0;-1.2281964255430382;11.0;1.0;2.02;76342;2.040828446909309;1.0;;0.10855369784052744;75927;-0.7622656752638802;0.0;11.1;Dropout
6.0;0.0;0.0;-0.12630630896851133;0.0;9.0;1.0;1.0;-0.6716462670918723;119.8;0.0;-0.3155200012467209;11437;1.0;1.7297127907492362;0.0;125.0;36009;9238.0;;6.0;-0.8419090709456271;0.0;38.0;0.0;1.0;7.0;1.0;0.0;-0.1774875383065662;0.6;37528.0;50.0;-1.00178326919902;0.0;0.0;-0.31548848191869727;0.0;0.0;2.5919226108406765;-1.6066275072025784;0.0;1.0822370053450034;17.0;-1.6793891480410101;0.0;1.0;2.02;35582;-0.6974047509898612;1.0;18.0;1.0623168217868415;59219;1.1007951763012123;;11.1;Dropout
6.0;0.0;2.0;0.16956432295832757;1.0;191.0;37.0;1.0;1.254522477626629;136.1;0.0;-0.5640384093793239;68821;1.0;-0.6115958083791179;3.0;;82397;9238.0;0.0;6.0;-0.838741845462897;;19.0;3.0;1.0;102.0;1.0;12.0;0.7969967803585124;0.5;39556.0;33.0;;1.0;0.0;-0.0902899753499751;2.0;6.0;-1.4065380666233038;-0.6928475149144372;0.0;0.06738504218892435;;0.0750352622415091;12.5;1.0;1.79;42173;-2.1064284089301735;39.0;21.0;1.4726909854807058;63174;0.549680819551018;0.0;12.4;Enrolled
6.0;0.0;0.0;1.7032642890538652;0.0;9.0;37.0;1.0;0.8813508123793844;120.0;0.0;0.5635322106974137;42532;1.0;0.76409603935171;0.0;133.1;78935;9085.0;0.0;6.0;0.17602717694239586;0.0;37.0;0.0;0.0;9.0;1.0;0.0;0.26938036450055797;0.6;72495.0;68.0;-0.5548408623586052;;0.0;-1.3592765464060126;0.0;0.0;0.29755813105790746;0.10230523206605811;0.0;0.5694970556657254;39.0;0.3838858044073592;0.0;1.0;2.02;74978;0.34212821283158323;1.0;32.0;-1.1478149677194427;55440;0.9745366094600776;0.0;;Dropout
6.0;0.0;;0.91527637724555;1.0;4.0;1.0;1.0;-0.9672394642109537;179.6;;0.49757827469419513;36227;1.0;0.4891143362430499;;180.0;99461;9003.0;0.0;;-1.4375433705443506;6.0;1.0;0.0;0.0;8.0;5.0;0.0;-1.0599081153043324;1.4;;;-1.2502569641322268;0.0;0.0;1.5132187214493837;0.0;7.0;0.28587668517817105;-0.6930760474476451;;-2.2378903374078223;;-0.9652899528193466;;1.0;3.51;95138;-0.7079690053223512;1.0;27.0;-1.5186012373887288;78140;-0.0918792726927976;0.0;8.9;Dropout
6.0;0.0;0.0;0.8251844337621803;;9.0;;1.0;1.1645429650435348;144.1;1.0;-0.3462896403271577;10860;1.0;-1.0685820726823694;0.0;170.0;23779;9003.0;0.0;6.0;-0.31098287272971775;8.0;;0.0;0.0;5.0;1.0;0.0;0.23887432494484498;;76858.0;58.0;-0.21048110817797042;1.0;0.0;-0.5944583747973149;;10.0;0.5160055841895184;-2.0478929505075207;0.0;-0.3262748702038076;17.0;0.14791933990914743;0.0;1.0;-0.92;88097;0.24384690021328798;1.0;26.0;0.062134580041521885;17703;-0.18704077328218052;0.0;16.2;Dropout
6.0;0.0;0.0;-0.45374286625106963;0.0;4.0;;1.0;-0.1450704189212672;98.0;1.0;-1.6540661652606898;20875;1.0;0.2138097046373318;;;45373;9254.0;0.0;6.0;0.4641736516298852;6.0;;0.0;1.0;;1.0;0.0;-0.25404541940391334;1.4;61094.0;55.0;0.4497865694317432;0.0;0.0;-0.237484242464837;0.0;12.0;-0.08968426619184752;0.09679906180272144;0.0;0.9488034139956315;1.0;1.4689938162322835;0.0;1.0;1.74;97042;-0.08953499262384396;1.0;26.0;1.109187575735034;90109;0.9357146457139935;0.0;10.8;Dropout
6.0;;;-0.8981751487917088;1.0;9.0;37.0;1.0;-0.6105421879872273;;;0.4563781853794524;27110;1.0;0.0073659378503727856;0.0;133.1;85710;9670.0;0.0;6.0;1.171145002768065;16.0;37.0;1.0;1.0;7.0;;14.0;-0.9348262136644454;0.6;74279.0;15.0;-0.8959054009285634;0.0;0.0;-0.5922191639147026;0.0;7.0;-0.07924984322810705;-0.7217495635314832;0.0;-0.6403620981944731;39.0;1.957697342347237;;1.0;2.02;70781;0.5498762400963603;19.0;29.0;0.35959645428368786;79715;0.9546925060562871;0.0;11.1;Dropout
5.0;0.0;0.0;0.38953544095604276;0.0;0.0;34.0;;-0.2936123867975505;;;-0.7673271934413766;19663;1.0;-0.8531921762768451;1.0;170.0;21416;9670.0;0.0;5.0;-1.5440137472672566;5.0;34.0;;1.0;0.0;1.0;14.0;-1.5895072437723774;-0.8;30427.0;76.0;-0.16244980472660855;0.0;0.0;-0.08156612043058602;0.0;5.0;0.13841173339032659;0.6511399521851853;0.0;1.2350003670659164;43.0;0.7704103507492184;0.0;1.0;-3.12;53805;-0.09962280726093196;6.0;35.0;0.6802960760798054;97178;1.5657205638618863;;9.4;Dropout
5.0;0.0;3.0;1.243745313974767;0.0;4.0;3.0;;-0.783297250514897;;1.0;0.21434107537030897;95492;1.0;0.3580024341941265;0.0;117.0;13081;9670.0;0.0;5.0;0.0990776189687754;11.0;3.0;2.0;1.0;;1.0;10.0;0.6248033350255074;-0.8;92298.0;80.0;1.4065044745652089;0.0;0.0;;0.0;10.0;0.479868481340785;-1.068387360533352;0.0;-1.3167550769965837;43.0;-0.1748405039583434;10.333333333333334;1.0;;79000;-0.22655226336834275;1.0;21.0;-1.3602490209065226;18355;0.19854755545048933;0.0;9.4;Enrolled
6.0;0.0;0.0;1.723404398532815;1.0;9.0;1.0;5.0;-1.3208771027487902;132.4;1.0;0.15115723167903694;10840;;0.14628954610851758;0.0;131.0;11275;9773.0;0.0;6.0;-0.0682361134186767;6.0;;0.0;0.0;;1.0;0.0;0.44639714947946735;0.6;65127.0;98.0;;1.0;0.0;2.4730158039234746;0.0;0.0;-0.0018163614302302647;2.261529551521538;0.0;-0.11258026651574136;1.0;0.7381042438762555;0.0;1.0;2.02;16839;1.147920427866478;1.0;18.0;-0.5719874842699945;28821;-0.10691462763475694;0.0;11.1;Dropout
2.0;;0.0;-2.452637189265702;0.0;9.0;19.0;1.0;0.7761309655085893;121.7;0.0;-1.8889474270426652;44983;1.0;-0.07258694730721668;0.0;122.0;17397;9130.0;0.0;6.0;0.03750570108252711;0.0;19.0;0.0;0.0;9.0;1.0;0.0;0.5567690282809071;-0.8;;5.0;1.9316672539366087;;2.0;0.7456392037006585;0.0;2.0;-0.06836114582489584;0.5136290787323333;0.0;1.6449214829902106;17.0;1.3518099836779613;0.0;1.0;-3.12;94260;-2.2181421718509173;1.0;;-2.196112305792902;29963;-2.459853579994204;;9.4;Dropout
7.0;0.0;;2.446388292593417;0.0;9.0;37.0;1.0;-0.22070485903146797;132.8;;0.0810816844115734;98051;1.0;-0.06857746905868485;0.0;140.0;81332;9500.0;0.0;7.0;0.14156550558616898;10.0;37.0;4.0;1.0;6.0;1.0;12.6;-0.7282444334917635;0.5;34107.0;53.0;-0.6740235729710011;0.0;0.0;1.0879937669717712;0.0;9.0;-1.3211099429393751;0.19679444342773547;0.0;-1.1508590123142952;39.0;-2.007228137790559;12.38;1.0;1.79;92706;-1.3254877182411715;1.0;35.0;-0.14248804924595843;47123;-1.6112605379953344;0.0;12.4;Dropout
6.0;0.0;4.0;0.41698694824768573;0.0;3.0;1.0;1.0;0.6172095336452706;146.1;0.0;0.5145325253744555;20578;;-0.09001025892361937;0.0;145.0;41404;9070.0;0.0;6.0;-0.03166699710917521;;1.0;1.0;1.0;3.0;1.0;15.0;0.17107986210176426;-0.8;23217.0;19.0;0.20090410119253402;1.0;0.0;;0.0;7.0;2.013682469697378;0.6231234165297684;0.0;0.27147716843810243;16.0;1.482069037796416;12.5;1.0;-3.12;55419;-0.8250949229095947;1.0;18.0;-2.164219440843272;83701;-0.3942516051833931;0.0;9.4;Enrolled
6.0;0.0;0.0;0.9089303641637926;0.0;4.0;1.0;1.0;0.2872133311295464;150.0;0.0;0.6371524153104868;68956;1.0;-0.3676996212463275;1.0;150.0;22293;9130.0;0.0;6.0;1.3922089505320616;10.0;37.0;3.0;0.0;8.0;1.0;12.666666666666666;-1.375364147067248;2.8;;40.0;1.2791631656965243;;;0.24887107676645703;0.0;7.0;0.5356991493023663;-1.8215123358138556;0.0;0.5850997645137889;44.0;-0.5445868205930625;0.0;1.0;-4.06;57067;-1.6928439084081335;39.0;22.0;1.3326617018404776;80806;-1.1010589312462153;;15.5;Dropout
6.0;0.0;0.0;-1.739944109395562;0.0;0.0;34.0;1.0;0.5485411113532397;142.8;1.0;0.1173657510963127;32517;1.0;0.13983409501498167;0.0;133.1;73350;;0.0;;1.2439967164287815;12.0;34.0;0.0;1.0;0.0;1.0;0.0;-0.9865828118518803;;38852.0;98.0;1.5843402143895016;0.0;0.0;1.5702508736118699;0.0;12.0;0.20890676130415511;-0.4969581064887017;0.0;0.09140384570291901;1.0;-0.5349629549374902;0.0;;0.32;57670;-0.47938682758986356;;20.0;1.5548214679089347;72331;0.8141305654332462;0.0;7.6;Dropout
5.0;0.0;0.0;-0.2369058367646544;0.0;0.0;34.0;1.0;-2.045986805407087;118.0;0.0;-1.97718604394959;38911;1.0;-0.6439142123637804;;133.1;37540;;;;2.143289188570422;12.0;;0.0;;0.0;1.0;0.0;0.03373219974833478;2.6;28704.0;17.0;0.46982070361352135;0.0;;0.7924011323904032;0.0;10.0;-0.6244672943396101;1.783020770715583;;-0.25004801489005846;39.0;-0.35492797258591785;;1.0;0.32;22494;-0.5780798322432029;9.0;47.0;0.14064349206176574;45652;-1.3100209615789538;0.0;7.6;Dropout
6.0;0.0;5.0;0.8228479168972085;0.0;4.0;37.0;1.0;-0.866760249357017;98.5;0.0;1.2770810621866373;49974;1.0;2.6568094914699993;0.0;133.1;22482;9238.0;0.0;6.0;-0.010572199431224092;14.0;37.0;6.0;1.0;4.0;2.0;11.333333333333334;0.2623530303221784;2.8;80889.0;90.0;;0.0;;0.14398735931157194;0.0;;-1.0036141928498445;-0.32013269064529787;;-0.876318380547652;39.0;0.32008413877575526;12.4;1.0;-4.06;28519;0.9747001717886814;19.0;48.0;-1.5125731076779303;18335;-0.5013043283502879;0.0;;Dropout
5.0;0.0;;-1.1747477587184636;0.0;7.0;19.0;;0.5693647554018482;122.6;1.0;0.41102266754258043;62116;1.0;-1.4093332454653158;0.0;125.0;98857;9670.0;0.0;5.0;-0.4106894594878018;7.0;1.0;5.0;1.0;4.0;1.0;11.166666666666666;-1.6288178959393622;-0.8;57966.0;3.0;-0.7828112727704574;0.0;;0.3503410344514679;0.0;;0.8599864480475362;-0.06282581732530196;0.0;0.19654625427997585;1.0;-1.1112542536987664;11.0;1.0;-3.12;75888;-0.08827199953841072;1.0;;0.37571265391317665;72497;-0.4620264931384886;0.0;9.4;Dropout
6.0;0.0;0.0;-2.8883113699675436;1.0;9.0;19.0;1.0;-1.274830694135968;120.0;1.0;-1.2033193293704774;78479;;-0.584736077234459;0.0;110.0;62568;9003.0;0.0;6.0;-0.967762008189622;15.0;37.0;1.0;0.0;;1.0;;-1.0575447143026382;0.3;80361.0;15.0;-0.5748924185543153;0.0;0.0;-1.8214169633678243;0.0;10.0;-0.15986238508453757;-0.46649948217885445;0.0;-0.10265682601082989;39.0;-0.2848140346909515;0.0;1.0;-0.92;12948;-0.213011294501139;1.0;31.0;1.8591325584609417;16650;1.204743083399446;0.0;16.2;Dropout
6.0;0.0;5.0;0.335505352303248;0.0;3.0;;1.0;0.37306508381223147;106.1;0.0;-0.7877630401582735;65716;1.0;-0.5057421045769407;0.0;112.0;49788;;0.0;6.0;-0.5194382246516097;8.0;19.0;5.0;1.0;9.0;1.0;12.333333333333334;-0.3653928360832361;2.8;31930.0;47.0;1.8892565434644546;1.0;0.0;0.2921192604461498;0.0;8.0;0.6210645845728948;1.4645080626293492;0.0;-1.436294897317518;;0.5252772064978907;11.0;1.0;-4.06;71843;-0.3798385267228984;1.0;19.0;0.47573549968692735;28367;-0.6082387490196441;0.0;15.5;Enrolled
6.0;0.0;3.0;-0.04978266316281681;0.0;90.0;;1.0;-1.3907045800185749;110.0;0.0;0.23122420929452067;11849;0.0;2.0404934143245375;0.0;133.1;92904;8014.0;0.0;6.0;0.7145711327549591;8.0;;5.0;;7.0;4.0;11.4;0.9585187329102928;-0.8;16384.0;45.0;-0.3831455060827344;0.0;0.0;-1.5437475204462963;0.0;9.0;-1.35215013370115;-0.2446342998992029;;1.0998474531673024;39.0;0.21857124927399274;11.0;1.0;-3.12;37461;-1.0519958534196967;19.0;31.0;1.1849839904909205;46584;0.4524121180479882;0.0;9.4;Dropout
0.0;0.0;0.0;1.441337087876839;0.0;2.0;3.0;;0.01644398349469419;;1.0;0.6797841932982557;26463;1.0;-1.3201346499774993;0.0;124.0;30808;171.0;0.0;0.0;0.8685250884605775;0.0;;0.0;1.0;2.0;1.0;0.0;-0.8131027528662195;0.3;46876.0;89.0;0.32362741265593636;1.0;0.0;;0.0;0.0;1.5468548439766319;-1.2518353012375592;0.0;-0.9100506506190228;1.0;0.38081451436146924;0.0;1.0;-0.92;22587;0.8907938946757754;1.0;18.0;-0.48516531169621985;79890;0.1957061275227168;;16.2;Dropout
5.0;;0.0;-0.15991847588461555;0.0;2.0;3.0;;1.6099903939360567;155.7;1.0;-0.4879628563477017;66476;0.0;0.4259222979861098;0.0;140.0;63078;9991.0;0.0;1.0;0.6755147446347478;1.0;3.0;0.0;1.0;2.0;;0.0;0.14057528279507805;;;53.0;-1.0437572273312183;1.0;0.0;0.19287868902522484;0.0;0.0;0.9013774354094372;2.5788151225514846;1.0;-1.4103155855060505;39.0;-0.3239687123812294;0.0;1.0;1.74;63662;1.210076973017335;2.0;35.0;-0.8712100478333836;64304;0.9032884854472796;0.0;10.8;Dropout
5.0;;1.0;-0.08671879308249515;0.0;9.0;;1.0;0.7746001153316247;134.3;1.0;0.8255254073790749;35997;0.0;0.24839406504653988;0.0;110.0;77790;9991.0;0.0;5.0;-0.6644676822124849;10.0;37.0;0.0;1.0;9.0;1.0;0.0;0.24539264063408073;1.4;62720.0;86.0;;0.0;0.0;-1.1140785952000543;0.0;7.0;-0.0810626927646424;-1.3750234399997618;0.0;-0.5956818560191317;39.0;0.6937099524626579;12.0;1.0;1.74;34736;-1.2121660006636574;1.0;24.0;-0.07086200916264936;19335;0.8502150521164803;0.0;10.8;Dropout
5.0;0.0;3.0;0.6976775056368316;0.0;9.0;19.0;1.0;-1.8507409474407344;124.4;0.0;-1.7927668291001777;15384;1.0;0.33360230467454804;0.0;137.0;10528;9147.0;0.0;5.0;-0.6590749074553488;6.0;37.0;;1.0;9.0;2.0;11.25;-0.24969182572347334;1.4;87057.0;7.0;0.026392224050975625;0.0;0.0;-0.007113751303377705;0.0;10.0;0.46762541842290745;-0.09738022946249458;0.0;-0.8927195023914479;;1.0564161220028556;11.714285714285714;1.0;1.74;50250;1.6200558535066338;1.0;19.0;-1.9267053549407298;32208;-0.03344011286954425;0.0;10.8;Enrolled
5.0;0.0;5.0;1.0335204355964815;;3.0;;3.0;0.8483714043161846;116.1;1.0;-1.0424590110937872;59254;1.0;1.2363431626109402;0.0;115.0;34439;;0.0;5.0;1.956464044110532;8.0;1.0;5.0;0.0;3.0;1.0;12.5;0.2680200381594347;0.5;85873.0;48.0;-0.3247443430450993;1.0;0.0;0.13843451934986478;0.0;7.0;0.7410043595348156;-0.841794303264919;0.0;-0.25824093095483497;17.0;0.9964393121627113;13.571428571428571;1.0;1.79;87782;-0.670982581463345;1.0;18.0;2.2640885613139448;86429;-1.6962945126071802;0.0;12.4;Dropout
5.0;0.0;4.0;-0.708748432659443;0.0;5.0;37.0;1.0;1.8222382267295831;;0.0;-2.0643640098420826;38530;;1.2158293597470884;0.0;110.0;18627;9991.0;0.0;5.0;-0.8319929844420818;11.0;;;1.0;1.0;2.0;11.333333333333334;-1.344916804563747;-0.8;90927.0;30.0;-0.2517056583568373;;0.0;0.1830496008171349;0.0;9.0;-1.33698055041447;-0.7016010806000792;0.0;-1.242451134350375;39.0;0.42761023284313576;12.0;1.0;-3.12;72812;-0.752516619192413;1.0;38.0;0.1396500464804931;62665;-0.23174088664562928;0.0;9.4;Dropout
7.0;0.0;0.0;0.9444987595770209;0.0;4.0;1.0;1.0;2.797016010161739;100.8;1.0;-0.8974051428696932;85580;1.0;-0.4509568265201174;0.0;133.1;57791;9500.0;0.0;7.0;1.4165246666248346;18.0;1.0;0.0;1.0;10.0;1.0;0.0;-0.6557871985619501;;51298.0;26.0;-1.4790698179464894;0.0;0.0;-0.9041214070421014;0.0;;1.67782689138792;-1.0598324466166464;0.0;0.44797140427006255;39.0;0.938892608723679;0.0;1.0;0.79;97261;0.47279367170040976;1.0;24.0;0.8667729543670075;69177;-0.01995564453215277;0.0;13.9;Dropout
;0.0;5.0;-0.5217338269296156;1.0;4.0;1.0;1.0;0.47507573746868925;127.4;1.0;1.5080771845440948;90062;1.0;0.1940174494939909;3.0;130.0;71242;9238.0;0.0;6.0;0.4045760482252575;;19.0;;0.0;5.0;1.0;;1.434359857468895;-0.3;28394.0;;-0.07348727297268369;0.0;0.0;0.8986823824811988;2.0;;0.4832609980829666;-0.5399921609190732;0.0;1.3810507744921308;;0.8710605841147306;12.0;1.0;0.79;45732;0.5620441400344359;39.0;27.0;-0.4615085283962066;42345;0.286009233152778;0.0;13.9;Dropout
7.0;0.0;;0.01652160372657919;;4.0;;6.0;-1.364419923885355;117.1;0.0;2.0578022345854023;21662;1.0;-1.864102032152144;0.0;122.0;24159;9556.0;0.0;7.0;-0.7325989391038081;12.0;1.0;5.0;1.0;5.0;1.0;12.1;1.504764901997609;-0.3;;46.0;1.5492701666334763;1.0;;-0.08923523646607896;0.0;0.0;-0.7041022875327038;0.9840332521341691;;0.10586492498506153;17.0;2.6765079066841464;0.0;1.0;0.79;46472;-0.07126412517830556;1.0;19.0;-1.5430863698582877;83355;-0.7375551452208102;0.0;13.9;Dropout
5.0;1.0;5.0;0.6707697428073575;0.0;;38.0;1.0;0.4346779780244294;110.0;0.0;0.23459046823044263;79944;0.0;0.09909300852192908;;;22789;9991.0;0.0;5.0;-1.1844855600758335;9.0;19.0;3.0;1.0;5.0;2.0;;0.8429207452769032;3.7;55082.0;94.0;-0.8530379997134243;0.0;0.0;0.44107568017116194;0.0;7.0;-1.0965916566645615;-1.9019862222338537;0.0;-1.4442855799313163;39.0;1.2180670700487084;11.8;;-1.7;71844;-0.3462847433182078;39.0;35.0;1.4258148306808758;62976;1.140901118408613;0.0;;Enrolled
0.0;0.0;;0.8451363438779997;1.0;9.0;1.0;;1.5960335983414646;117.0;1.0;-0.6384292072685546;87249;;-0.7939894278319191;0.0;133.1;51474;171.0;0.0;0.0;-0.6889194153424328;0.0;37.0;;1.0;;1.0;;1.1003921899536477;2.8;38799.0;10.0;0.8974352077534063;0.0;0.0;-1.1964396139469966;0.0;0.0;0.9870977413840473;1.2608075825544423;0.0;-0.9132196754307789;1.0;-0.08874413663528145;0.0;1.0;-4.06;22112;1.1723528829631025;1.0;19.0;-1.1241002812766319;17301;0.013619418314992601;0.0;15.5;Enrolled
5.0;1.0;1.0;0.31831490640472443;0.0;3.0;37.0;1.0;-0.18708817975030356;136.1;1.0;-0.22163990085094343;67651;0.0;-0.1863824259605165;0.0;133.1;45744;9991.0;;;0.4176316140348137;14.0;19.0;1.0;1.0;10.0;1.0;10.0;-1.8259108560397628;-0.3;49648.0;85.0;-3.464363387529948;0.0;0.0;-0.17832755679598694;0.0;;0.21115919722700519;1.088398066702977;0.0;0.22128009550381433;43.0;-0.9116792873468695;11.0;1.0;0.79;87132;-0.623299272857027;1.0;42.0;0.3488387635692419;75295;-0.9204973478121257;0.0;13.9;Dropout
6.0;0.0;6.0;-1.0805553270331993;0.0;4.0;1.0;1.0;1.043108922882558;129.0;0.0;0.4733398908330222;64808;1.0;-1.6853718648166949;0.0;129.0;19775;9773.0;0.0;6.0;-0.9096279940407984;7.0;1.0;6.0;0.0;8.0;1.0;;-0.9486958852935703;1.4;;;-0.8023451954199485;0.0;0.0;1.0972944832701201;0.0;6.0;0.4826009029320935;0.5090592430081544;0.0;-1.9669536769666915;43.0;-0.2611402547591107;12.0;1.0;1.74;41677;-0.06876906399639346;1.0;21.0;0.4430848113194526;35956;-0.4582278387416802;0.0;10.8;Dropout
7.0;0.0;7.0;-1.8702547092352513;0.0;3.0;37.0;1.0;-0.839602998877688;130.0;0.0;-1.5629808516390824;51756;1.0;0.4048722867190754;0.0;130.0;71327;9500.0;0.0;7.0;1.5544103617133658;16.0;37.0;4.0;1.0;3.0;4.0;;-0.3111015696781119;0.5;42426.0;10.0;;1.0;0.0;0.9701776318087014;0.0;;0.02666455455627987;0.12617047757028158;0.0;-1.2327821283521527;7.0;-0.33178485559997944;12.6375;1.0;1.79;52292;1.6937874700105353;40.0;;0.0739513036788835;85883;1.9285426539668302;0.0;12.4;Enrolled
8.0;0.0;;-0.18795598822445234;1.0;2.0;3.0;1.0;0.37235325312685075;140.0;0.0;-0.5724991759812048;54068;1.0;-1.6965686955756079;0.0;140.0;79577;;1.0;8.0;-0.20786046860077745;11.0;3.0;7.0;0.0;9.0;1.0;11.328571428571427;2.4156419264140396;3.7;84838.0;;1.2362037222763187;1.0;0.0;-0.7972926829243939;0.0;11.0;-1.0027436891760515;0.27663919182353564;0.0;-1.6475038291177622;10.0;0.5114225677258678;;24.0;-1.7;55685;-1.3370832669605248;1.0;23.0;-0.7845842361821985;67450;0.6643778929464983;0.0;12.7;Dropout
5.0;0.0;3.0;0.9712848587097637;0.0;9.0;37.0;1.0;-2.4895795151701274;133.0;1.0;1.434893074450249;17105;1.0;0.14828460679158642;0.0;141.0;48559;9119.0;0.0;5.0;0.7004464584102765;10.0;;4.0;1.0;2.0;1.0;13.0;-0.31308397450644404;2.6;30461.0;3.0;0.8787777249624776;1.0;3.0;-0.5455581905748454;0.0;10.0;0.5086177899281171;1.423412430276806;0.0;0.11542925964393813;17.0;-0.7002562451892993;12.333333333333334;1.0;0.32;16003;-0.4586495270738856;1.0;18.0;-0.14963223702623105;27626;1.0484565555644039;0.0;7.6;Enrolled
6.0;0.0;4.0;0.4496974413977428;1.0;191.0;19.0;1.0;-0.9503353818367181;109.1;1.0;-1.0457100693283625;22954;1.0;-1.2265055930225495;0.0;115.0;42862;9670.0;0.0;6.0;0.6197110916381202;11.0;19.0;4.0;0.0;171.0;1.0;12.25;0.7449042996231737;0.6;38594.0;21.0;;0.0;0.0;-0.9886867300638188;0.0;9.0;-0.19753513915045626;-1.7457847344793462;0.0;2.162179278269843;17.0;1.1921771715204037;13.4;1.0;2.02;37037;1.0251352618255334;1.0;21.0;-0.9500508260423803;12637;-1.0415869697134141;0.0;11.1;Enrolled
6.0;0.0;0.0;0.24203300738003705;0.0;4.0;1.0;1.0;-0.006120647281855993;126.7;1.0;-0.7490248992615429;71562;1.0;-0.8496410351358846;0.0;127.0;24420;9254.0;0.0;1.0;1.621900780631926;1.0;1.0;0.0;0.0;;1.0;0.0;0.37837202825484684;0.5;22564.0;69.0;0.2892771512026239;1.0;0.0;;0.0;0.0;-0.02169112649313969;0.727289689835213;0.0;-1.2609878448747835;17.0;-1.3895630058952957;0.0;1.0;1.79;22567;0.5280000415250145;1.0;22.0;0.8091776925589377;17660;-0.6888296921838009;;12.4;Dropout
8.0;0.0;7.0;-0.007026556466483158;0.0;5.0;;1.0;-0.3633567305764357;114.8;0.0;0.013193655981440497;59490;1.0;1.1547321025451627;0.0;126.0;38692;9500.0;0.0;8.0;-0.4379703488142235;8.0;37.0;7.0;1.0;5.0;1.0;14.402857142857142;0.35612346073120876;1.4;88408.0;91.0;1.2017094292909885;1.0;0.0;-1.399067540706529;0.0;8.0;2.3770027057055767;-0.7461719532761537;0.0;0.8163297078582913;;-1.6325251363164162;14.402857142857142;1.0;1.74;65016;0.8940175899056345;1.0;20.0;0.571546927498214;32169;-0.6814223058812449;0.0;10.8;Graduate
6.0;0.0;;0.30910184347168634;1.0;7.0;19.0;1.0;-1.3006174942757465;115.0;1.0;0.28314225950470917;25658;1.0;0.587917945913622;;133.1;55652;9773.0;0.0;6.0;0.10608226727875811;;1.0;;0.0;9.0;1.0;13.0;-0.023530623537210665;3.7;88344.0;93.0;1.3571916895657465;1.0;0.0;-0.138175872408474;0.0;9.0;0.8690691377647088;0.8257475221560421;0.0;-0.5638763678911545;39.0;-0.135116007925349;13.75;1.0;-1.7;73578;-1.3228843122713427;;25.0;-0.021402433097897213;20654;0.18439373758862196;0.0;12.7;Dropout
5.0;1.0;2.0;-0.9940911769539187;1.0;5.0;19.0;1.0;-0.499656198084956;127.9;0.0;-0.6250040461994723;41826;1.0;1.149203137670543;0.0;116.0;99439;9147.0;0.0;5.0;-1.4013944935239975;12.0;19.0;2.0;;8.0;1.0;13.0;-1.2000328302261225;-0.8;28639.0;3.0;-0.4057906609732177;;0.0;0.633138398182844;0.0;13.0;0.9267649097579255;-0.6136003450397964;1.0;-1.3201728363818164;1.0;-0.8425590491955116;11.5;1.0;-3.12;10713;0.3211150185109105;;20.0;-0.5683514716950304;69257;-0.1740018310855592;;;Dropout
6.0;0.0;2.0;0.7802018191652814;0.0;4.0;1.0;1.0;0.3296550484679967;131.0;0.0;0.07696438325195544;68163;1.0;1.5597271325012902;0.0;;26700;9254.0;;6.0;0.10314821838983423;12.0;1.0;3.0;1.0;5.0;1.0;11.0;-2.701163913485515;-0.8;57738.0;22.0;-2.20885617966597;1.0;0.0;-0.7850528638010786;0.0;;2.720523127437558;0.7068699616452613;0.0;1.5641288349392;17.0;-1.2582338539842965;11.0;1.0;-3.12;10721;-0.2852066909888775;1.0;21.0;2.1073178997820166;24884;-0.48949441125702076;0.0;9.4;Dropout
6.0;0.0;;0.846306458422149;;4.0;19.0;1.0;-0.08622758711021881;115.8;0.0;0.6079395337394395;27006;0.0;-0.7728387071397649;0.0;127.0;84672;8014.0;0.0;6.0;1.1400115630792627;12.0;37.0;1.0;;7.0;1.0;12.0;1.2818424820357261;1.4;81237.0;71.0;-0.8985399664629174;0.0;0.0;-0.09060628266117694;0.0;12.0;0.38457387218011924;-1.5484853350609986;0.0;2.15984435088373;17.0;-0.6370699550048425;0.0;1.0;1.74;83482;2.2724169696683796;1.0;;-1.302063986153336;50176;-0.36406959250345405;0.0;10.8;Dropout
5.0;0.0;0.0;-0.3552655083432789;;0.0;34.0;;0.06093756987086883;110.0;0.0;1.9614518237636474;28966;1.0;1.4989716624408718;0.0;133.1;55194;9254.0;0.0;5.0;0.21947169201356195;;34.0;;0.0;0.0;1.0;0.0;-0.6164977862575388;2.6;64073.0;91.0;0.7661445949242426;1.0;0.0;-0.22049840763135672;0.0;10.0;0.11970753644931316;-1.6925734214592536;0.0;0.41186252229284803;39.0;-0.7614858290789228;;;0.32;40122;0.8093778060850211;9.0;28.0;-1.5446130968608422;39191;-0.7940351866750697;0.0;7.6;Dropout
6.0;;6.0;0.4370076306516379;;;38.0;1.0;0.7319688030857388;;1.0;-0.1262443794347809;89196;1.0;-1.4655056561789015;;133.0;59852;9670.0;0.0;6.0;2.312669539607887;6.0;;6.0;1.0;9.0;1.0;13.0;-1.8671131949710573;-0.3;68081.0;4.0;2.0988941738583806;1.0;0.0;1.0551187315982191;0.0;6.0;-0.6792073493912418;-0.11306284040357688;0.0;0.3625106384864715;1.0;0.010134331234219035;13.0;1.0;0.79;86018;-0.02231861167004375;1.0;18.0;-0.0820059806280231;69199;-0.17983928690141016;0.0;13.9;Dropout
6.0;1.0;3.0;-1.7165494643700052;0.0;5.0;37.0;1.0;-0.3431627007332465;111.0;0.0;-0.041297315340562746;51223;0.0;0.7461003345449032;0.0;100.0;37008;8014.0;;6.0;0.5197099153709491;10.0;37.0;3.0;1.0;5.0;1.0;12.333333333333334;0.4379610210029292;2.6;33543.0;21.0;-0.05432500157146972;;0.0;;0.0;14.0;-0.4525518582273461;1.435530026257875;0.0;0.06227059516636898;;-0.6204707883142613;11.666666666666666;1.0;;69248;0.2858984965866287;19.0;26.0;-0.25804732657090645;12577;1.1132155838337474;0.0;7.6;Enrolled
0.0;0.0;0.0;0.18004791597133304;0.0;7.0;;1.0;1.3591778830519146;134.6;0.0;1.5274523459795106;51451;1.0;-0.4933377145999715;;150.0;94978;171.0;0.0;;-0.5404124033513229;0.0;;0.0;1.0;10.0;1.0;0.0;0.4187894090690363;2.8;12630.0;84.0;;0.0;0.0;;0.0;;-2.047103766548211;0.5362844211702531;;-0.1482464298639765;1.0;-0.5391343582500725;0.0;1.0;-4.06;80514;0.05428775426418736;1.0;20.0;1.0975824547543822;46199;-1.513139351549754;0.0;15.5;Dropout
7.0;0.0;5.0;-0.13312526094166677;0.0;;34.0;2.0;-0.9892710661014126;103.6;0.0;-0.5491658582980953;16604;1.0;-0.9303001426393164;4.0;120.0;15794;9773.0;0.0;8.0;0.455764748006171;11.0;34.0;7.0;1.0;0.0;1.0;13.285714285714286;0.7678923114813664;-0.8;94153.0;37.0;2.399361487599008;1.0;0.0;-0.8460211282923613;4.0;13.0;0.7904233388065749;0.5291144627215842;;0.3400787269620394;43.0;-0.004865718221292914;11.6;1.0;-3.12;44593;0.6990150078055858;1.0;27.0;0.6461164549466722;84927;0.3464794336352301;0.0;9.4;Dropout
7.0;0.0;;1.259232906870481;0.0;9.0;;2.0;1.9280025530595188;106.0;0.0;-1.3243530327621809;17177;1.0;0.6144698673044425;;133.1;29025;9556.0;0.0;7.0;-1.463394802662396;16.0;38.0;2.0;;8.0;1.0;12.75;1.1157157017983719;1.4;92186.0;32.0;0.40573265467062797;;0.0;;0.0;12.0;-1.2669209973104003;0.8601938135090225;;0.6761184177150142;17.0;1.0142415707354244;11.0;1.0;3.51;37308;-0.8563005742273532;1.0;19.0;0.029525586982039678;32161;1.3800926948796235;0.0;8.9;Dropout
6.0;0.0;0.0;-0.1986427571850607;1.0;9.0;37.0;2.0;1.1130386304942625;120.4;0.0;0.2502489756589624;68451;1.0;0.9449515251692131;0.0;140.0;38533;9238.0;0.0;6.0;-0.7989809406903704;0.0;37.0;0.0;0.0;10.0;;0.0;-0.9189863692796179;-0.8;94272.0;95.0;-1.227768005895328;0.0;0.0;0.5291849914469698;;0.0;0.9027359819557546;-0.3969764156074587;0.0;1.6633406336495236;18.0;1.4707454654887906;0.0;1.0;-3.12;75028;1.3652173398339813;1.0;39.0;0.5003377828194732;86414;-0.1831870985655671;0.0;9.4;Dropout
6.0;;;0.8686645133809461;1.0;8.0;19.0;3.0;-0.3559977805122219;;1.0;1.076175025087915;37192;1.0;0.9152683866465448;0.0;127.0;61613;9773.0;0.0;6.0;-1.217009205285858;;38.0;6.0;1.0;3.0;1.0;13.0;-0.8749817066683421;3.7;13885.0;55.0;-0.11890762008249302;1.0;0.0;-0.13511079633047862;0.0;7.0;-0.04302601696057393;0.6107488606359448;0.0;-0.522733291850397;1.0;0.1477675624840646;11.8;1.0;-1.7;66912;-1.3247272904504703;1.0;18.0;0.48216574824965835;25466;-0.5288760291458959;0.0;12.7;Dropout
6.0;0.0;3.0;-0.3911725111825011;1.0;4.0;37.0;1.0;-0.28931870423108047;110.0;0.0;0.36104713519968545;35168;1.0;0.21485988889479202;0.0;133.1;48089;9003.0;0.0;6.0;0.01611088915762411;12.0;38.0;5.0;0.0;9.0;1.0;12.8;-0.31870326839747254;0.6;70429.0;38.0;0.999927646682684;0.0;0.0;0.05480985982330186;0.0;16.0;0.12805871476436573;-0.5796729734329175;0.0;0.1273865511139109;39.0;0.22554311877052022;13.333333333333334;1.0;2.02;61315;0.2050438255409446;19.0;40.0;2.1035567201819507;74183;0.9242314859505888;0.0;11.1;Dropout
7.0;0.0;3.0;-2.286100714575102;1.0;5.0;40.0;1.0;0.20673559161173594;142.5;1.0;-0.09701565754724577;26335;;0.13195730132923905;5.0;110.0;93614;9085.0;0.0;7.0;-0.06052317834967995;7.0;1.0;5.0;0.0;6.0;;12.0;0.8216401840551621;1.4;32581.0;2.0;-0.07037418432348097;0.0;0.0;1.2746411561953968;3.0;7.0;-0.042367930144399005;-0.31401492095391714;;-0.0884521558973705;39.0;-0.183187017295841;11.666666666666666;1.0;3.51;42868;-0.8242798003656003;1.0;37.0;0.2533633904954345;35382;-0.9842218768688435;0.0;8.9;Dropout
;0.0;0.0;-0.22553632081023298;0.0;9.0;37.0;1.0;0.5986709298719768;103.5;;-1.4483933731348388;77810;1.0;0.5268665856999025;0.0;133.1;26609;;0.0;;1.2051096502696572;0.0;37.0;0.0;0.0;10.0;4.0;0.0;-2.102638993812386;-0.3;38849.0;41.0;;;0.0;1.3320807259278715;;0.0;1.3860744288829663;-0.18984950649379906;0.0;1.0240620048788691;39.0;0.4812486200590785;0.0;1.0;0.79;65237;0.04282745914394048;19.0;44.0;-0.6810771326794941;42083;-0.022691529938730855;0.0;13.9;Dropout
;1.0;6.0;0.196757255113438;0.0;;19.0;1.0;1.094548275233457;121.7;;-0.058369245268373136;94531;;0.30376407551719103;0.0;136.0;61273;9238.0;0.0;6.0;-0.09906848821849237;9.0;38.0;6.0;1.0;9.0;1.0;;0.12820633609125687;0.3;;94.0;-1.6050073669962046;0.0;0.0;;0.0;;1.2094423599364288;-0.5455277095673737;0.0;2.4000807583476185;1.0;0.39021936058413886;14.428571428571429;1.0;-0.92;45034;0.9880187439705632;1.0;20.0;0.19850109982821082;56986;-1.039844100385727;1.0;16.2;Graduate
5.0;0.0;0.0;0.15083750368850762;0.0;9.0;12.0;;-1.3405912480150832;124.7;0.0;1.2331549263163366;33448;1.0;0.5413558395859803;0.0;132.0;53588;9254.0;;5.0;-1.0025197867431639;10.0;19.0;0.0;1.0;9.0;1.0;0.0;0.9321218244806693;2.6;30955.0;88.0;-1.434174142523057;1.0;0.0;0.6478346730955673;0.0;10.0;-0.02889140565462234;-0.06605054506465012;0.0;1.0585644502916203;1.0;1.3258476830884123;0.0;1.0;0.32;90117;-1.7123454209091393;1.0;19.0;-2.6186794132702413;73606;-1.8701009700242799;0.0;7.6;Dropout
8.0;0.0;0.0;0.16595050527347807;0.0;2.0;3.0;3.0;0.437442622061247;133.8;;-1.2341170815392215;31875;1.0;0.20399946111071426;0.0;130.0;37718;9500.0;0.0;7.0;1.5593177156879934;0.0;1.0;0.0;1.0;5.0;;0.0;0.8908564470181395;2.6;63534.0;90.0;-0.7348560441436768;0.0;0.0;0.2256469257111892;0.0;0.0;-0.8990040764132963;-0.25455809923105915;0.0;0.7982439105588898;1.0;-1.888704629155429;0.0;1.0;0.32;73818;-0.16947831239097882;1.0;19.0;-0.03264754142036228;57398;-0.15198426479479524;0.0;7.6;Dropout
5.0;0.0;3.0;-0.506454202365567;0.0;5.0;1.0;1.0;-2.116514252462715;130.0;1.0;-0.24474717380327135;80170;1.0;0.8427838245063638;0.0;133.1;12076;9085.0;0.0;5.0;-2.9446407983737357;;19.0;3.0;1.0;9.0;;13.0;0.7085615848373332;2.6;63573.0;33.0;-0.28219338914525693;0.0;0.0;-0.4615909991459365;;8.0;0.9238891053320395;-0.7076649815087286;0.0;0.9078744068025953;17.0;-0.23449774371220775;10.666666666666666;1.0;0.32;45730;-1.4397569945604631;1.0;22.0;1.0929824711059881;61714;-1.2633950632669835;;7.6;Graduate
5.0;0.0;0.0;-0.32372757574502425;;;3.0;1.0;-0.17730048583548338;112.9;;-0.38748473215836077;55575;1.0;-1.6272078065504278;0.0;123.0;83048;9085.0;0.0;5.0;0.03846555891285745;5.0;1.0;0.0;1.0;5.0;1.0;0.0;1.0630005202455413;2.6;93536.0;15.0;0.3339488208716779;0.0;0.0;0.32768368702794237;0.0;5.0;-0.9745749714152614;-0.1406017096673737;0.0;1.26742269495864;1.0;0.33918986912764376;0.0;;0.32;85917;-0.27938248690101747;1.0;;0.6021841188704216;36031;-0.011670513329168509;0.0;7.6;Dropout
6.0;0.0;0.0;-1.126343844580533;;4.0;38.0;1.0;1.453912503787458;102.5;1.0;-0.6977045706377453;81475;1.0;-0.13127347508638623;0.0;;28043;9254.0;0.0;6.0;0.21760749149653952;7.0;37.0;0.0;0.0;5.0;1.0;0.0;-2.747182706515698;0.3;;87.0;0.6367602448296438;0.0;0.0;;0.0;7.0;-1.5548612911181614;0.15526608789532545;0.0;2.4144472790780402;39.0;-0.02628395754211129;0.0;1.0;-0.92;16395;-1.442393178804421;19.0;24.0;0.2985560436456747;69610;1.1150296243807063;0.0;16.2;Dropout
6.0;;5.0;-1.996605665509153;0.0;3.0;;3.0;-1.4176090322184984;114.3;;0.24792300451900576;77096;1.0;-1.3838464938455861;0.0;122.0;22492;9254.0;0.0;6.0;-0.010287538169105666;;38.0;5.0;;10.0;1.0;12.8;1.6134686895722739;;73207.0;41.0;2.466113812551176;1.0;0.0;1.4626423427763993;0.0;9.0;0.49834986848772744;-1.0998642895433344;0.0;-1.6853852484165184;1.0;-0.939173032096112;12.8;;1.79;84788;0.16178571859085394;1.0;20.0;0.6492391555704942;16375;1.8542554066796233;0.0;;Enrolled
17.0;0.0;17.0;-0.1064590033798917;0.0;9.0;37.0;1.0;-1.5992377860316624;133.4;0.0;0.4433052412560076;81598;1.0;0.27670201760488466;;168.0;61324;9500.0;0.0;;0.5000918803901798;27.0;1.0;26.0;1.0;4.0;;15.07777777777778;0.33040495357337474;2.8;97027.0;53.0;-0.738556793132961;1.0;0.0;0.5149440970719076;14.0;17.0;1.2184899218032264;0.41745641041314674;0.0;0.5995949400431869;42.0;-1.2993666792404774;15.023529411764704;1.0;-4.06;47334;-0.42616989996606186;;23.0;1.1032565448777163;17909;0.09352928394320842;0.0;15.5;Graduate
5.0;0.0;0.0;-0.7452030824981152;0.0;0.0;34.0;1.0;0.22079509954797583;128.8;1.0;0.4328269047934368;24265;1.0;1.6419301758536977;0.0;133.1;23679;;0.0;;0.1106902178806981;0.0;37.0;0.0;1.0;0.0;1.0;0.0;1.3346512716780043;2.6;;47.0;-0.3139889991057074;1.0;0.0;;0.0;0.0;-0.40508516779387616;-0.4936801189936769;0.0;-2.5812096447605457;39.0;0.806322426028862;0.0;1.0;0.32;30797;0.7471225377864708;10.0;43.0;1.4252334072981876;24359;1.0192158319755993;0.0;7.6;Dropout
6.0;0.0;0.0;1.0798355789996796;0.0;4.0;;2.0;1.3874291641726018;122.2;;-0.976809763615125;58163;1.0;-0.47408478194696846;0.0;125.0;67537;9773.0;;6.0;0.49965996996099526;;1.0;0.0;;5.0;1.0;0.0;-1.1746344769133745;0.6;16137.0;82.0;-0.7106552430052673;1.0;0.0;-0.5854102218195238;0.0;0.0;0.4045176882347607;0.19820377452415003;0.0;0.9513535030164579;1.0;-0.7569258503964148;0.0;1.0;2.02;84727;1.2285581110059944;1.0;18.0;0.4474559002894586;88723;0.3989626501066333;;11.1;Dropout
;0.0;0.0;-2.18198368634686;0.0;4.0;37.0;6.0;0.325395451085322;117.1;1.0;-1.6459836943336827;49373;1.0;0.12725203029721524;0.0;129.0;75800;;0.0;5.0;-0.6022192957730058;;13.0;0.0;1.0;90.0;1.0;;-1.7538268445886498;2.6;89123.0;;1.0793883441063405;1.0;0.0;-1.7031464755474404;0.0;5.0;-0.4156738117376999;-0.6652972400016628;0.0;0.5510379543519613;17.0;-1.7549004915056021;0.0;1.0;0.32;69221;0.010648108445000304;1.0;19.0;-0.31611143451269136;65178;-0.3831136138750589;0.0;7.6;Dropout
8.0;0.0;0.0;0.2910187991442926;1.0;9.0;38.0;;-1.9046178968815513;112.0;0.0;0.2623884365307285;88015;1.0;0.7564867149216389;4.0;140.0;30675;9254.0;0.0;10.0;-1.4590524043906488;12.0;37.0;5.0;1.0;9.0;;12.166666666666666;1.7863776850056396;3.7;40077.0;30.0;1.1339503928646468;;2.0;-0.3139572498362541;2.0;8.0;0.721993348685818;1.0504954033353462;4.0;-0.5468269708540959;39.0;0.8565728600098982;0.0;1.0;;16676;0.8936549854229597;1.0;45.0;-2.3135219905597757;41380;-1.9247763539308946;0.0;12.7;Dropout
13.0;0.0;11.0;2.1214872648739473;0.0;9.0;37.0;1.0;-1.683128413046274;;0.0;-0.5059190414826519;68794;0.0;-2.0677229317665247;10.0;120.0;16239;9991.0;0.0;15.0;-0.04635328516936294;;37.0;11.0;1.0;9.0;1.0;11.454545454545457;-0.9265218346195151;1.4;50174.0;51.0;-0.44765551919668095;0.0;0.0;-0.482731977240583;9.0;16.0;1.0950296864122153;0.9561157105190544;0.0;-2.6700306565110807;39.0;0.45898290044606543;;1.0;;34035;1.3824586434633244;3.0;;0.978173427007729;66268;1.626492327082119;0.0;10.8;Dropout
;0.0;0.0;-0.18284643151750574;0.0;0.0;34.0;1.0;0.0977464329294194;118.5;0.0;1.8383123796867857;77051;0.0;-0.5221104821441878;0.0;133.1;18716;8014.0;0.0;;-1.0265246760087674;12.0;5.0;0.0;1.0;1.0;1.0;;-0.31084890463308995;2.6;45203.0;38.0;2.065745832203465;1.0;0.0;-1.325110387123759;0.0;0.0;-0.2628652144820228;-1.049388772283755;0.0;-0.014394770900357534;39.0;-0.11587409745823536;0.0;1.0;0.32;50599;-0.9221030622701349;1.0;31.0;0.5152025136039032;34230;-1.0491021892811228;0.0;7.6;Dropout
6.0;0.0;0.0;-0.002748090682042315;;0.0;19.0;1.0;-1.1792424192957673;137.0;0.0;1.8845096960149461;89374;1.0;0.36451565927285023;;133.1;14556;9238.0;0.0;;-0.728524841720914;10.0;37.0;;1.0;0.0;1.0;0.0;0.5274546404624888;2.6;;80.0;-0.708898996579918;1.0;0.0;0.7767022337097781;0.0;0.0;-1.027603157722529;0.5249991699014556;4.0;0.22284225276370054;1.0;-0.9145515927610286;0.0;1.0;0.32;66559;1.434985565629998;1.0;19.0;0.15265948751580072;75934;1.3827709114177693;0.0;7.6;Dropout
5.0;0.0;0.0;0.4263467699714907;0.0;4.0;19.0;1.0;0.13668629390565612;;0.0;1.99068979439604;72146;;-2.896994725657275;0.0;140.0;53592;;0.0;5.0;1.1614812410201583;8.0;20.0;1.0;1.0;90.0;1.0;14.0;0.7728866602885157;1.4;43211.0;74.0;1.0299178842136276;;4.0;1.2767971896944754;0.0;12.0;-1.4570306026115392;1.4462715575458174;2.0;-0.06310784255156614;;-0.11344144337049392;0.0;1.0;;82584;-0.036939122950685695;3.0;32.0;-0.6880514951942374;45172;0.536807629262251;0.0;10.8;Dropout
5.0;0.0;;0.5045194572057273;0.0;9.0;37.0;1.0;0.1959951132669392;120.2;1.0;-0.9401109010347132;68868;0.0;-0.9768084930749713;;130.0;44116;9991.0;0.0;5.0;1.5579977955147606;7.0;37.0;5.0;1.0;9.0;1.0;11.0;1.0784162948642855;2.6;71554.0;63.0;1.4545225610004544;1.0;0.0;-0.027360490044477766;0.0;5.0;0.9256884324602483;-0.9481787121413934;0.0;-0.6214279740507603;39.0;1.2155876005192052;;1.0;0.32;43048;-0.978376677881881;1.0;;0.9651520033405558;65690;-0.976012785247359;0.0;;Graduate
6.0;0.0;;-0.4085073365606463;0.0;;38.0;1.0;-0.48975751065771067;105.2;1.0;0.5693690867420935;57682;1.0;1.1008579733812893;0.0;140.0;79988;9670.0;0.0;6.0;1.1427061072303937;7.0;37.0;1.0;1.0;;1.0;14.0;0.2233861673908023;0.3;70099.0;79.0;-1.361579793710026;0.0;0.0;-0.305646882846368;0.0;6.0;-1.1365664917078266;-0.8689543593580927;0.0;-0.8967885099410754;39.0;-1.6146992860287996;0.0;1.0;-0.92;82780;0.29846238785737217;1.0;29.0;-0.25723642582813205;32256;0.31199836181895313;0.0;16.2;Dropout
6.0;0.0;3.0;-1.0082962100481587;0.0;5.0;37.0;5.0;1.814754293948813;126.1;1.0;0.870952517251484;17207;1.0;1.0029969004507249;0.0;125.0;45811;9773.0;0.0;6.0;0.9573815707063207;10.0;3.0;5.0;;2.0;1.0;13.4;-1.0543092230590376;-0.8;60037.0;88.0;0.5776322912009042;1.0;0.0;0.4349846021317938;;12.0;0.3720242412023667;0.7350594517943068;0.0;-0.05178541308297068;;-1.563977616739594;10.666666666666666;1.0;;81095;-0.07209513278033014;1.0;22.0;-0.034422111045983965;13184;2.1329110612853297;0.0;9.4;Enrolled
6.0;0.0;2.0;0.6527207975505291;0.0;2.0;;1.0;0.590467204934292;125.0;1.0;0.7583542335444021;74871;1.0;0.37431822737010023;0.0;133.1;68585;;0.0;6.0;0.059951149194505074;10.0;1.0;5.0;1.0;4.0;1.0;11.333333333333334;0.706632632504221;3.7;;53.0;-2.7250460412553847;0.0;0.0;-0.01963896249504307;;14.0;0.777407068442516;-1.3071784753589308;0.0;-0.8018765658300158;1.0;-0.6277653229124105;11.5;1.0;-1.7;44036;-1.4070118058729415;1.0;21.0;-0.05598858916824332;99474;1.535652580863771;0.0;;Enrolled
5.0;0.0;3.0;-1.9080613874169783;1.0;4.0;1.0;1.0;1.2115908787941763;110.0;;-0.3543979441938586;38940;1.0;0.8821976399431775;0.0;;52268;9130.0;0.0;;1.0154439738740972;13.0;1.0;2.0;1.0;10.0;1.0;12.5;0.7225560564001341;-0.8;16498.0;72.0;0.8242123556335571;0.0;0.0;-1.0821792162311863;0.0;8.0;-0.5013018785505434;-0.7775129424921157;2.0;0.8093003091991557;39.0;-0.026643686793205047;12.333333333333334;1.0;;94371;-1.1010494983076349;1.0;24.0;0.44985171816549807;68793;-0.5127130561344487;;9.4;Dropout
5.0;0.0;2.0;0.8322283200504094;0.0;7.0;19.0;1.0;0.9205817582716221;;1.0;1.279164902965326;21096;1.0;0.2151042344214637;0.0;130.0;48532;;0.0;5.0;0.35561895123829007;;19.0;1.0;1.0;9.0;;12.0;-1.8150348911862193;2.6;90222.0;17.0;-1.1016058207050672;1.0;3.0;-0.6526779865872612;;10.0;-0.1662108501799558;-1.0146652346545333;0.0;-0.07870273727289283;17.0;-0.49629189788378053;12.0;1.0;0.32;94976;1.6373143305999434;1.0;18.0;-1.1486320110301287;68158;-0.7119807581846821;0.0;7.6;Dropout
6.0;1.0;0.0;-0.3917985240681871;0.0;;;3.0;-0.1500735619498677;115.2;0.0;0.0004749863665227949;41583;;0.5553949074423146;0.0;119.0;76665;9670.0;0.0;;1.9474904481245392;10.0;38.0;0.0;1.0;9.0;1.0;0.0;1.4186848416533524;3.7;40015.0;58.0;0.5674696139964819;1.0;0.0;-0.29643600674803083;0.0;;0.9990434475067727;0.7474842947908106;0.0;-1.7246659294256954;18.0;0.6428165751670194;0.0;1.0;-1.7;36098;0.2785748564737615;1.0;19.0;0.5625518619073462;64290;0.10020803731607193;0.0;12.7;Dropout
6.0;0.0;;0.003085154087149521;;4.0;1.0;1.0;-0.19444725133934807;141.7;1.0;0.1281061249354394;41230;1.0;-0.31565370884061383;0.0;;55772;9238.0;;6.0;-0.9181011679319183;6.0;19.0;6.0;1.0;3.0;1.0;12.666666666666666;-2.4870756125602873;1.4;30029.0;10.0;0.7549886679706422;;0.0;0.24818659447669594;0.0;6.0;-0.8081937873347598;-0.6924297587822523;0.0;0.17669946665551367;1.0;1.0888339444483472;13.833333333333334;1.0;1.74;60085;1.481794247151444;1.0;22.0;-0.7208883568080272;90676;-0.16551372896983654;0.0;10.8;Dropout
8.0;1.0;8.0;-0.5256078712483713;;7.0;19.0;6.0;-0.2976200368287706;;0.0;-1.5378334517771435;44944;1.0;0.11581268292209276;0.0;135.0;61196;9500.0;;7.0;0.6726083691938968;7.0;19.0;7.0;1.0;7.0;1.0;;1.0344156365938488;0.6;29749.0;70.0;1.1201384795562868;1.0;0.0;0.009336717876468193;0.0;8.0;-0.9097116050340971;-0.2846034048267439;0.0;0.4141914638273636;17.0;0.27876877460746785;13.65625;1.0;2.02;88192;-0.41657314175504717;1.0;18.0;-0.6858037068991557;11676;1.19973738564273;0.0;11.1;Graduate
5.0;;0.0;1.4308826235216237;1.0;9.0;1.0;1.0;0.6811022525002439;140.0;1.0;0.6447649695729887;35207;;-0.6323703864158223;0.0;;50515;9147.0;0.0;5.0;-1.2642926226492786;5.0;;0.0;0.0;4.0;1.0;0.0;-0.6341099680578243;3.7;45939.0;23.0;0.8902153500676769;1.0;0.0;0.21036937998711588;0.0;5.0;-0.23439122120907074;-0.7483242387199245;0.0;1.6179878745404674;39.0;0.5604323437561043;0.0;1.0;-1.7;58496;-0.8016290104085769;;24.0;0.8852400475577491;95591;0.7395891364218043;0.0;12.7;Dropout
5.0;0.0;0.0;0.2490107074245947;0.0;3.0;;1.0;-0.6503651773718636;;0.0;-0.2604117135724109;94744;0.0;1.2634833441823135;0.0;150.0;74218;9991.0;0.0;5.0;0.6783487601327756;;1.0;0.0;1.0;9.0;1.0;0.0;0.7055094812835387;;;;;0.0;0.0;;0.0;6.0;1.277912662076373;1.1485135007088663;0.0;0.9281390644916256;39.0;0.2720995520236724;0.0;1.0;1.79;76599;-1.683314583144733;;27.0;-0.9950284610955705;51322;-1.6922416015284223;0.0;12.4;Dropout
6.0;0.0;3.0;-0.3217379866121474;0.0;;1.0;1.0;1.7250329420345678;109.3;1.0;0.4647788621005251;89521;;1.5215594095022018;;117.0;37410;9773.0;0.0;6.0;-1.719105849797076;11.0;19.0;4.0;1.0;4.0;1.0;12.25;0.5101942052992025;2.6;58703.0;65.0;-0.38047651115645;0.0;0.0;0.6652177440849291;0.0;10.0;1.6107310946036024;-0.8593869585340628;0.0;-0.8986908889497579;1.0;0.009508090915318122;;1.0;0.32;81939;0.9679769113376846;1.0;19.0;0.8834424010104657;62311;0.4586752554239115;0.0;7.6;Enrolled
;0.0;3.0;-0.3499028956417454;1.0;7.0;19.0;1.0;-0.745869303672393;120.0;0.0;0.23511369980461824;13213;0.0;1.3799128006970733;0.0;133.1;14490;;0.0;6.0;-1.2135428365081897;14.0;37.0;2.0;0.0;8.0;1.0;10.5;-0.0371225489057341;0.6;85161.0;;-0.0743893300025954;0.0;0.0;0.003415884008512292;0.0;6.0;-0.09878302044073389;-1.4076000556493073;0.0;1.4258264613130538;39.0;-1.293558699814695;12.333333333333334;1.0;2.02;60941;0.4106322814795851;1.0;31.0;0.10136672470890502;94409;-0.1790909608673681;0.0;11.1;Dropout
6.0;0.0;6.0;-0.1481571346678707;0.0;2.0;3.0;3.0;0.21447507229702847;;0.0;0.18093657666377086;54701;1.0;-0.4081087616778623;;175.0;48125;9773.0;;;-1.282623816726555;8.0;38.0;6.0;1.0;10.0;1.0;13.166666666666666;0.4510866393803189;1.4;83510.0;9.0;-1.116001514617138;1.0;0.0;2.552709054150154;0.0;7.0;-0.7121216280448002;-1.4467923606825075;;-1.3860321757851974;1.0;-1.0279917076026281;13.166666666666666;1.0;1.74;42367;-0.4075452217347134;1.0;19.0;-1.6482767488700723;82045;0.03710813602806655;;10.8;Dropout
6.0;0.0;0.0;2.396940176533779;0.0;6.0;37.0;1.0;-0.22908081204594863;120.0;;-0.045713572466684164;37195;1.0;-0.9537740393650874;0.0;140.0;38412;9670.0;;6.0;0.25213200105780265;;;1.0;;6.0;1.0;10.0;-0.08644865541402229;1.4;40198.0;74.0;-0.2116879494792853;0.0;0.0;-0.387634370176413;0.0;9.0;1.0641146159195851;0.693659634584833;0.0;0.02816694024997434;39.0;-1.350918476971927;0.0;1.0;1.74;57246;-0.7926595595160676;1.0;28.0;1.3644758516464996;41505;0.24894301426065893;0.0;10.8;Dropout
;0.0;;-1.3170883569796352;0.0;9.0;;3.0;-0.4507933143865267;122.1;;0.786599734660454;86396;1.0;1.2769736607501632;0.0;128.0;90711;9773.0;0.0;6.0;0.3545251572362755;9.0;1.0;4.0;1.0;9.0;1.0;;0.7139508265701227;1.4;84090.0;47.0;-0.29069564828974975;1.0;0.0;0.32345849510937236;0.0;6.0;-1.6692955816604753;0.7658651264971831;0.0;0.7540680991885098;;-0.14850479496108387;;1.0;1.74;84905;1.126869594034611;1.0;19.0;0.31025372726349426;91475;1.1987290052766018;0.0;10.8;Dropout
5.0;0.0;4.0;1.0828821809657418;0.0;9.0;;;2.1723468524636127;126.0;0.0;-0.1988925368850661;54320;1.0;0.5439072025914127;0.0;146.0;96975;9085.0;0.0;;2.4504789947345413;7.0;1.0;3.0;1.0;7.0;1.0;12.333333333333334;2.1852717621153803;2.6;71364.0;95.0;-0.7882184938360826;0.0;0.0;2.829219162208502;0.0;7.0;0.2476108541480902;1.2485545574516033;0.0;1.4586954604383258;1.0;0.2322780312543723;10.25;1.0;0.32;38737;-0.17728113067648274;;19.0;0.39412586588987;17492;0.9777929635460209;;7.6;Enrolled
0.0;0.0;0.0;0.5681052870899564;0.0;;37.0;1.0;-0.43905434141246313;130.0;0.0;-1.4551974194529833;67081;1.0;0.32858434152364246;0.0;145.0;29584;171.0;0.0;0.0;-0.09129051445755122;0.0;19.0;0.0;1.0;9.0;1.0;0.0;-1.3412389906348752;;87342.0;;-1.7411932180918586;1.0;0.0;0.19409162950317882;0.0;0.0;-0.04391359283920513;-1.2609733166122568;0.0;1.8889010168271076;17.0;-1.4492623847813766;0.0;1.0;;85992;-0.16653021547556193;1.0;23.0;1.0072423105847592;23500;-0.7497427406872955;0.0;11.1;Dropout
6.0;;0.0;1.5398117524120762;0.0;9.0;19.0;1.0;-0.3047211809924265;100.0;1.0;0.5689556063739339;17775;1.0;-0.6336320849451457;;130.0;48498;9003.0;0.0;6.0;0.7725397054754485;9.0;19.0;0.0;0.0;5.0;1.0;;-3.188146327938179;-0.3;10028.0;1.0;;0.0;0.0;-0.06763053927601673;0.0;6.0;1.2938278435243813;-0.23121214409119942;0.0;1.2747237980134876;;0.0725950471020076;;1.0;0.79;28295;-0.6007706954923719;1.0;29.0;1.4992207445612984;30453;-0.05861196768966943;;13.9;Dropout
6.0;0.0;2.0;0.6290667951915221;1.0;3.0;41.0;1.0;-0.6641335984558898;100.0;1.0;-0.8090055249116386;74182;1.0;0.4256638126367649;6.0;133.1;48914;;1.0;7.0;0.16087006016667765;7.0;1.0;6.0;0.0;;1.0;13.0;-0.4156742669459145;0.6;56721.0;97.0;-3.1501115504989277;0.0;0.0;-0.9869218947506514;2.0;6.0;1.3950185396383763;2.4272994076394863;0.0;-0.13661460817754423;15.0;-0.8752163282602088;14.0;41.0;2.02;51586;-0.4074594927456377;1.0;26.0;0.20102689621612732;34223;-0.44852139285721176;0.0;11.1;Dropout
6.0;0.0;3.0;0.0033630003668177356;;4.0;1.0;1.0;0.04104061568892288;136.6;1.0;-1.3242618426821398;53517;1.0;-1.085278059661935;0.0;132.0;30024;9070.0;0.0;6.0;0.6888980599656469;7.0;1.0;5.0;1.0;9.0;1.0;;-0.48402589991402845;2.6;66290.0;100.0;-0.3078791918928512;1.0;3.0;1.528266367208985;;10.0;-0.9425285579472741;-0.3023166149889869;0.0;0.5796718921693692;1.0;-1.069199343536859;11.0;1.0;0.32;17504;0.5501228344505633;;;0.6172873224960682;70599;-1.6818459689065979;0.0;;Enrolled
6.0;1.0;6.0;1.02002762862038;0.0;;1.0;1.0;-0.10130636734269396;140.0;;-1.0222433341425983;88767;1.0;0.6340623560790319;0.0;140.0;10895;9130.0;0.0;6.0;0.14366348244046814;;3.0;6.0;1.0;;;15.625;-0.37756817539797416;-0.3;31743.0;92.0;0.360498648299699;1.0;0.0;-1.15910158617657;;8.0;0.16767803547497515;-0.5634086329372383;0.0;0.22440400890550274;43.0;-0.6253494165607089;15.857142857142858;1.0;0.79;86861;-1.4164402296194343;1.0;20.0;0.3711859306174261;46144;-0.10937050760109031;0.0;13.9;Graduate
6.0;1.0;;0.22976882434929377;0.0;9.0;1.0;4.0;-1.1192531307043045;134.6;0.0;0.2833323793569209;19641;1.0;1.3788866996062104;;143.0;99286;9070.0;0.0;6.0;1.0996168722418445;6.0;1.0;6.0;1.0;7.0;;14.5;-0.9264389539276121;0.5;68987.0;68.0;-2.68256623797639;1.0;0.0;0.4271209168481219;0.0;6.0;-0.5706043422415404;-0.021009720477067388;0.0;-0.709434883801593;1.0;-1.1204764983450464;12.833333333333334;1.0;1.79;74119;0.08073724966900792;1.0;18.0;-0.3428677067016797;86525;1.8447544275590961;0.0;12.4;Dropout
5.0;0.0;0.0;0.754956030606311;0.0;9.0;38.0;1.0;-0.42436986434765633;154.4;1.0;-0.0965188030948501;37265;0.0;1.6310455439079523;0.0;133.1;68685;9991.0;0.0;5.0;-1.0526735155892195;0.0;37.0;0.0;1.0;9.0;;0.0;0.8724341692015912;1.4;75362.0;21.0;0.2367147798379491;0.0;0.0;-0.47355532130838146;0.0;0.0;-0.2933273849067402;0.5299507735489212;0.0;-0.1156252326364593;39.0;0.6066591179592864;0.0;1.0;1.74;20642;0.955585058840506;1.0;27.0;-1.5834363028951444;66055;-1.712043393749747;0.0;10.8;Dropout
5.0;0.0;2.0;1.4282194638192287;0.0;6.0;35.0;1.0;0.6096865427839615;128.2;1.0;-2.1326830296728474;85399;1.0;0.708524054109816;4.0;120.0;47018;9119.0;0.0;6.0;-2.4474732723677155;8.0;35.0;4.0;1.0;6.0;1.0;11.25;-1.3813294558816875;;22503.0;9.0;-0.1224741611083615;1.0;0.0;-0.18933626257802227;1.0;8.0;0.6173877745579746;0.5132332210027108;0.0;1.7978204661405788;42.0;-0.16800441804892752;10.5;1.0;0.32;30019;-0.08475872256465349;6.0;34.0;0.21492205910420842;64481;-0.02406179366006721;0.0;;Dropout
7.0;0.0;2.0;0.09251997382248289;0.0;9.0;37.0;;1.026986849421954;128.2;0.0;-0.3836559430526696;31066;0.0;-1.3820215496211217;3.0;130.0;26536;9991.0;0.0;8.0;0.4174031220790015;;;;;9.0;2.0;11.0;0.45077510572165874;-0.8;95919.0;78.0;-1.1767557617174709;0.0;0.0;;2.0;7.0;-0.3348941220919324;-0.6144312223718779;0.0;0.6461615902726259;43.0;0.815214056987588;10.0;1.0;-3.12;57499;1.0542262606342057;1.0;34.0;1.378937830644556;79145;-0.05613814540967522;0.0;9.4;Dropout
5.0;0.0;0.0;-0.4243849816516148;0.0;9.0;19.0;;0.02400061296548023;129.2;0.0;1.1692312249747645;34307;;0.19733013094602156;0.0;140.0;53089;9147.0;0.0;5.0;-1.8050773352593237;6.0;38.0;0.0;1.0;9.0;1.0;0.0;0.6384656178570431;2.8;95118.0;25.0;-0.4312052075813831;1.0;0.0;1.343127221733895;0.0;0.0;0.19392545652802495;-0.5850352893508552;0.0;2.0593675875382305;1.0;-0.4434963521062697;0.0;1.0;-4.06;54584;1.3405991456270012;1.0;26.0;0.5833329633576567;46935;0.28773547176431985;0.0;15.5;Dropout
6.0;0.0;;-0.6438118642490992;0.0;3.0;37.0;4.0;0.05899479065320935;106.0;0.0;-0.4512956709333788;37199;1.0;2.139681744057713;0.0;106.0;34520;9085.0;0.0;6.0;1.3117383297986192;;1.0;6.0;1.0;9.0;1.0;13.166666666666666;0.31646590704061195;-0.3;35676.0;66.0;;0.0;0.0;-0.2777973059182766;;8.0;0.9572721652797633;-0.29646005816804816;;-1.082498577258642;17.0;-0.4056860618836856;14.0;1.0;0.79;20128;0.9035823451972765;1.0;20.0;-1.0674231909764418;41050;-0.9627249573939305;0.0;13.9;Enrolled
0.0;0.0;0.0;0.45054040759676534;1.0;4.0;1.0;4.0;-0.36099507176527657;138.0;1.0;-0.1654765534275925;57070;1.0;-0.8686115904422842;0.0;132.0;30141;171.0;0.0;0.0;-0.5481190510967238;0.0;19.0;0.0;0.0;5.0;1.0;0.0;0.48714327582592387;2.8;27975.0;;-0.9741890607301554;1.0;0.0;;0.0;0.0;1.5151617237959258;-0.7300866437708272;0.0;-0.3815575490872031;1.0;1.8733826408134555;0.0;1.0;-4.06;90082;-0.5372557691775579;1.0;19.0;1.0975215056449055;19726;-1.4251105907999537;0.0;15.5;Dropout
6.0;0.0;4.0;-0.8781684089460169;1.0;9.0;19.0;1.0;-0.502441701957883;156.0;1.0;1.0429914373271527;14914;1.0;-0.05918157291021701;0.0;156.0;96184;9130.0;0.0;6.0;-1.0382368027563182;;;5.0;0.0;4.0;;11.833333333333334;0.9492672557274634;2.8;27854.0;72.0;;0.0;0.0;1.2526905970400914;;11.0;0.2886801448094544;-1.2347630763250406;0.0;0.4152584959113517;43.0;-1.6230604716803392;11.5;1.0;-4.06;51484;-0.0354383579776185;1.0;24.0;-0.3094698518563403;85841;-1.378597656794626;0.0;15.5;Dropout
6.0;0.0;0.0;-0.3498049642806596;1.0;9.0;19.0;1.0;-0.9195730298823025;119.4;0.0;0.7954892582045359;65647;1.0;1.4135243518009772;0.0;133.1;69071;9003.0;0.0;6.0;2.7005200786264334;6.0;1.0;0.0;;9.0;5.0;0.0;0.0535652822568983;1.4;13286.0;24.0;0.34659590503529164;0.0;0.0;-0.5041368130373036;0.0;7.0;0.11776540704013855;1.8079515186334765;0.0;0.7423578594679768;39.0;1.2844812434196993;0.0;1.0;3.51;70398;0.3457701855753221;19.0;27.0;-2.0920258724950047;30963;1.3309337583314786;0.0;8.9;Dropout
8.0;0.0;0.0;-0.9675687617023202;0.0;4.0;1.0;6.0;-1.5566494542389513;123.3;0.0;1.021751087651711;82874;1.0;0.6171339220735854;0.0;136.0;37762;9500.0;0.0;8.0;-0.018450014617877743;8.0;;;0.0;5.0;1.0;0.0;-0.3464966137256527;;12022.0;83.0;;0.0;8.0;0.33460729173072123;0.0;8.0;-1.1072901594818472;-0.406924614225695;8.0;-0.11678408572238198;1.0;1.654524037645827;0.0;;-3.12;77733;-0.46974973646475365;1.0;18.0;1.0179038151825208;68891;-0.982685974361857;0.0;9.4;Dropout
;0.0;0.0;0.5083391184188641;0.0;4.0;1.0;2.0;-0.7024466741065368;109.0;0.0;-2.772553610053703;37514;1.0;2.4801563244851046;0.0;109.0;28650;9773.0;0.0;;-0.2101058602858834;6.0;1.0;0.0;;;1.0;0.0;0.48637043862486423;;38113.0;82.0;;1.0;0.0;0.841416382134366;0.0;;1.58579845411072;-0.3502431728766559;0.0;0.8005008534488093;18.0;0.7658174962614995;;1.0;3.51;25230;-0.5031060779595635;1.0;20.0;-0.9453806240931127;81149;-0.49956219165317295;0.0;8.9;Dropout
14.0;0.0;11.0;-0.7521557705789111;0.0;0.0;34.0;1.0;0.9040528673405135;125.3;1.0;1.7335230384421108;25417;1.0;-0.7328693832285884;11.0;133.1;79201;9147.0;0.0;15.0;0.7479753943100297;15.0;34.0;;1.0;0.0;1.0;10.818181818181818;0.600366237611991;;69981.0;;0.4038409447856066;0.0;1.0;0.47403433057432;12.0;;0.4957010678281487;-0.31908660378262194;;0.792958065081439;1.0;-0.33047046937102437;11.636363636363637;1.0;0.32;40010;-0.5633133491657225;1.0;26.0;1.7807283731179098;43481;2.104632598612974;0.0;7.6;Dropout
6.0;0.0;3.0;-1.2867329123808553;;4.0;1.0;1.0;-0.4244169426971771;112.9;;0.636400435427929;41617;1.0;-0.9897557857408219;;122.0;64892;;0.0;6.0;0.8154641226942106;14.0;1.0;4.0;1.0;9.0;1.0;12.25;0.8896810212187528;2.6;71298.0;100.0;-0.2519109383554564;1.0;0.0;;;11.0;0.1362251244866923;-0.08051000034262533;0.0;-1.3879229054102005;17.0;1.4269020717397416;11.333333333333334;;0.32;76100;2.5435606010468503;;22.0;1.1477734005974183;24719;-0.734255656776456;0.0;7.6;Enrolled
;0.0;0.0;-1.110775422918861;;9.0;37.0;2.0;-0.34601868369404193;104.7;1.0;2.46147641402415;68089;1.0;1.2241254358351739;0.0;;86926;9147.0;0.0;4.0;1.1391266853922593;4.0;37.0;0.0;;9.0;2.0;;-1.7123927598904787;;;19.0;2.363240471917498;1.0;0.0;0.6953567009777871;0.0;;0.08504922219669409;0.43475976952728074;0.0;0.7534415749898677;39.0;-0.32176135988999893;0.0;1.0;1.74;79632;-0.27109071918026306;1.0;36.0;-0.22779927366315994;71263;0.34239959795092606;0.0;;Dropout
6.0;0.0;6.0;-0.571088360924298;0.0;4.0;12.0;1.0;-0.3654851997146472;122.0;0.0;-0.7823260307742839;55945;1.0;-1.195878628271536;0.0;;78168;;0.0;6.0;-1.3329735000426712;8.0;1.0;6.0;1.0;4.0;;11.333333333333334;-0.18353152068455755;2.6;;18.0;;1.0;;;0.0;11.0;0.3606534735552544;-0.46519180365839824;0.0;1.0732643780420765;1.0;-0.7057855857107213;;1.0;0.32;29334;1.0686756087951241;1.0;18.0;0.45935984575446287;39273;1.0638116766255068;0.0;7.6;Graduate
6.0;0.0;0.0;-0.4803008188967742;0.0;4.0;;1.0;1.244707665832734;111.9;0.0;-1.7634506056489103;64332;1.0;-0.1967679888175363;0.0;108.0;46206;9070.0;0.0;;0.5361067817367328;;1.0;0.0;1.0;3.0;1.0;0.0;-1.065368287424024;1.4;22124.0;89.0;;0.0;0.0;-0.32902869680333263;0.0;0.0;0.7717904898807331;1.139353529381504;0.0;0.29615506330952707;17.0;-0.3882683441916638;;1.0;3.51;38766;-0.8694022817836385;1.0;;2.4239185656551037;86682;1.015720186979243;0.0;8.9;Dropout
5.0;0.0;0.0;0.2514526455534996;;2.0;3.0;1.0;-0.9283825705313375;150.0;0.0;0.007218456725176393;82488;;-0.06564654485957652;0.0;150.0;68715;9147.0;0.0;;-0.29318604440751933;6.0;37.0;0.0;0.0;5.0;1.0;0.0;0.5609648266120248;2.8;99541.0;35.0;-0.3891574044662397;1.0;;-0.10907494897522228;;5.0;0.8955505301305932;0.5978158792398196;0.0;-1.8399613063611135;7.0;-0.5701937391185379;0.0;1.0;-4.06;80191;1.7017750374495433;;38.0;1.000007037836985;50093;-1.3315763570436807;0.0;15.5;Dropout
6.0;0.0;0.0;-0.16162328869313858;0.0;9.0;37.0;1.0;0.2770533383899935;130.0;0.0;-0.2753723297571609;95304;;1.035989473385922;0.0;133.1;44259;9003.0;0.0;6.0;-0.9210284775545601;10.0;37.0;1.0;1.0;9.0;1.0;12.0;0.7267091713377622;;27956.0;16.0;2.4666426077773855;0.0;0.0;;0.0;6.0;1.6108018958066057;-0.1908986106242179;0.0;-0.2768362907667664;39.0;-0.946623124919582;0.0;1.0;2.02;40952;-0.378567465395371;19.0;;0.23820002478458924;40235;-0.7133524477014987;0.0;11.1;Dropout
6.0;0.0;0.0;0.37031079375770487;0.0;5.0;1.0;;-0.06846613357016398;130.0;1.0;0.6536639836148213;50741;1.0;0.6142679680252469;0.0;130.0;18134;9003.0;0.0;;0.048112848002119527;8.0;19.0;0.0;;9.0;1.0;0.0;-0.27441268115708217;0.3;43013.0;27.0;-0.9821814763409528;0.0;0.0;0.19217091466180267;0.0;10.0;0.24268850851261617;-0.6662346234964301;;0.4379402343101718;7.0;1.1100078341089648;0.0;;;16994;0.05297690720242169;;27.0;2.88915399420627;75434;0.30236397625198513;0.0;16.2;Dropout
12.0;0.0;9.0;0.45061252454172385;0.0;9.0;;1.0;0.0679268250947688;122.5;0.0;1.0749283445863558;78449;0.0;0.45706491417686257;8.0;120.0;12868;9991.0;0.0;13.0;-1.8112422037918148;16.0;;8.0;1.0;8.0;1.0;10.5;-0.7292679819584333;-0.8;69599.0;97.0;0.06633379283157867;1.0;0.0;-1.3643913737093103;8.0;;1.7542012192654037;1.084926535993883;0.0;-0.8657046299337433;43.0;-0.7734483526217836;10.333333333333334;1.0;-3.12;54807;-1.8327227716525976;1.0;;0.11758101095648853;44827;1.9290174573832923;0.0;9.4;Enrolled
5.0;1.0;0.0;0.7404995114285353;0.0;9.0;37.0;1.0;0.2443504071164504;101.6;1.0;-0.08729414487949709;54180;1.0;-0.40243087790166676;;133.1;17179;9119.0;;5.0;0.9229309870292337;11.0;37.0;;1.0;9.0;1.0;0.0;0.5969635349260951;3.7;21464.0;41.0;1.230993376626293;0.0;0.0;-0.2858397095566313;;5.0;1.0577232794825613;-0.1620421877413563;0.0;0.9183078511044562;39.0;-0.02964698892137299;0.0;1.0;-1.7;22753;1.1166009797131602;1.0;30.0;0.5818148188788365;81724;-0.7615106586411955;;12.7;Dropout
6.0;0.0;0.0;-1.9078245768066273;0.0;4.0;1.0;1.0;0.05716494026807006;120.0;1.0;-0.24070804581272578;22441;1.0;1.215004019081943;1.0;;92753;9003.0;0.0;6.0;-0.29067592853856555;6.0;19.0;1.0;;7.0;1.0;11.0;-0.13324231699295894;2.8;49241.0;29.0;0.6523215877051296;0.0;0.0;0.15626443153821068;0.0;8.0;-0.06013138116947414;-1.24275125035401;0.0;0.7295902351469703;44.0;-1.443771889398804;0.0;1.0;-4.06;63454;1.3332198279347687;39.0;23.0;-0.9362131890592592;72264;-0.493612984111077;0.0;15.5;Dropout
6.0;1.0;;-1.127223371349994;0.0;4.0;1.0;1.0;0.7930218866509193;96.0;0.0;0.5227198195161272;63627;1.0;4.0258240427272645;0.0;133.1;85810;9670.0;0.0;;-0.47750095600302606;8.0;37.0;6.0;1.0;9.0;1.0;11.285714285714286;1.426466662123303;2.8;94057.0;83.0;;1.0;;1.0740370879876142;0.0;10.0;-1.6673737284433254;1.0210645232945812;0.0;0.13448667688359783;17.0;0.03081068174919174;12.2;1.0;-4.06;94076;-1.1872715972875525;1.0;25.0;-1.6747188655948895;89595;0.41957442140100454;;15.5;Enrolled
5.0;0.0;0.0;0.5548867229543852;1.0;9.0;38.0;5.0;-0.029257327962928875;117.5;;-0.25632866569249774;95768;1.0;0.6912820989229157;0.0;;45194;9147.0;0.0;;-0.13767866436008275;12.0;38.0;2.0;0.0;9.0;1.0;11.5;1.7729530541494887;3.7;30990.0;14.0;0.7375913685167031;1.0;0.0;-0.8196131598597145;0.0;12.0;0.0855622642969829;-0.7263284484132133;0.0;0.017440134974847837;1.0;-1.1559260442227393;0.0;1.0;-1.7;19082;1.174804222079019;1.0;22.0;-0.28780229194835394;48683;0.6196582273483766;;12.7;Dropout
11.0;0.0;5.0;0.21141234196322875;0.0;9.0;12.0;1.0;1.7443763934256975;120.0;;-0.3399821008967875;48268;0.0;0.09967220754683649;7.0;133.1;91409;9991.0;0.0;13.0;-0.16751675794368928;13.0;12.0;7.0;1.0;9.0;1.0;10.285714285714286;1.0007110486348894;1.4;65763.0;;0.02539272665625731;0.0;0.0;1.4515873718459888;5.0;13.0;1.5584778048903218;0.8685007758332745;0.0;0.19288637434335565;;-1.180485822925233;10.6;1.0;1.74;35225;-1.337287609437287;12.0;28.0;0.0384080843685186;17816;0.6802540043027369;0.0;10.8;Dropout
7.0;1.0;0.0;0.9769329535545207;;4.0;19.0;2.0;0.04447993896684609;100.0;1.0;1.037134938675286;58622;1.0;-1.2978629709921605;;130.0;76365;9556.0;0.0;7.0;1.1406818313032916;7.0;19.0;2.0;1.0;5.0;1.0;10.0;0.2326574060481035;2.8;64523.0;13.0;-0.7923143927369756;0.0;0.0;0.9468532535151475;0.0;7.0;-0.7752631301322105;-2.514267670212917;0.0;-0.004059502710529907;39.0;-0.10928791009608284;0.0;1.0;-4.06;60971;0.6320671795072249;1.0;25.0;0.32926358440985865;25989;-0.8463558648348002;0.0;15.5;Dropout
6.0;0.0;4.0;-1.5440176285183866;0.0;9.0;19.0;1.0;-1.7034668826002697;127.0;0.0;1.2597778569035725;75346;1.0;-0.6374814493171534;0.0;128.0;22209;9254.0;0.0;6.0;-1.095713222797279;6.0;38.0;6.0;1.0;9.0;;12.0;1.8255748861826457;0.5;16932.0;21.0;;;0.0;-0.4294097424905361;0.0;7.0;0.08246264746255208;-0.3686625112407663;0.0;-1.285487480734646;1.0;1.0569722651809352;12.75;1.0;1.79;23557;-0.2879697749442862;1.0;19.0;-1.4197710467742473;10453;-0.5320481369344054;0.0;;Enrolled
6.0;0.0;6.0;-0.4751545729944498;0.0;;1.0;;0.6383103581437317;120.4;0.0;1.0839662438630937;84687;1.0;-0.21371023394730407;0.0;;30312;9130.0;0.0;6.0;-0.38220619118437;9.0;1.0;6.0;1.0;4.0;1.0;;0.24072029057980024;-0.3;14739.0;1.0;-0.4027766270922433;1.0;;-1.1087492664026029;;9.0;0.16521890932177588;1.159968600736047;0.0;-0.4301069140782397;1.0;0.4404136877397962;14.0;1.0;0.79;58146;1.3362538763814793;1.0;18.0;0.6606743221179475;86874;0.21550119980196858;0.0;13.9;Graduate
5.0;0.0;0.0;-0.29637993643437244;;9.0;37.0;;0.39209680525978186;;0.0;-0.16822971272552553;10441;0.0;-0.5346002402671326;0.0;161.0;43791;9991.0;;5.0;-0.21655666998767248;5.0;37.0;0.0;1.0;9.0;1.0;;-0.47919389041560584;2.6;23175.0;97.0;-0.4813512008599099;1.0;0.0;-1.4438161822304212;0.0;5.0;0.9421265918312003;0.0051307300962505084;;0.07247556752925;43.0;0.5091203861327592;0.0;1.0;0.32;29341;0.24919146774845666;1.0;27.0;-0.8303855240436768;31893;1.2623113126282814;;7.6;Dropout
7.0;0.0;1.0;0.1665637879886019;1.0;9.0;38.0;1.0;0.03254503176192438;102.5;1.0;-2.139788987753183;15131;1.0;-0.01607783452684818;0.0;130.0;82426;33.0;0.0;7.0;-1.065159023714911;7.0;37.0;;0.0;;1.0;0.0;-0.6753404364360706;1.4;11458.0;99.0;1.4824718871365876;0.0;0.0;0.27175385153313936;0.0;7.0;-0.38781154778329713;0.5981352876401154;0.0;1.418602829452932;39.0;-0.12991717997900754;10.0;1.0;3.51;67226;0.9314682384094649;1.0;37.0;0.6087343593944147;28138;-0.23848408211842734;0.0;8.9;Dropout
5.0;0.0;0.0;0.03587737453543161;0.0;4.0;1.0;1.0;-0.25957131562114455;130.0;1.0;-0.1482060863928482;53471;0.0;1.7780160768072877;0.0;130.0;68865;;0.0;5.0;0.15931344663527092;;3.0;;1.0;2.0;1.0;0.0;-0.7035015624511176;1.4;57846.0;;;0.0;0.0;-0.7372841495408139;0.0;0.0;-0.8693837484552895;-0.901930736717271;0.0;0.6920439475081593;7.0;-0.33564026515051754;0.0;1.0;3.51;42498;1.2377566694943813;40.0;27.0;0.9349264828436507;64547;-0.02230190008381943;;8.9;Dropout
6.0;0.0;0.0;0.46907778201728206;0.0;9.0;19.0;3.0;-2.114619066459786;125.9;1.0;-0.7579800126770487;20069;1.0;1.2471669173692341;0.0;121.0;45378;9254.0;0.0;;-0.7238732944559386;0.0;;0.0;1.0;6.0;1.0;0.0;-0.006369747335058674;-0.3;33478.0;26.0;1.70613040240663;1.0;0.0;1.1993568052817154;0.0;0.0;0.5700021512237344;0.34770522681251737;0.0;1.4723179712197758;18.0;0.7911406384942357;0.0;1.0;0.79;93297;-0.29103151733875765;1.0;18.0;-0.39550909005262913;32170;-1.0259284371394095;0.0;13.9;Dropout
6.0;1.0;6.0;-0.11465396117318255;0.0;9.0;;3.0;-1.9468440622656753;136.1;0.0;-0.12972501901058803;93070;1.0;-0.15883271646825428;0.0;134.0;85192;9773.0;0.0;6.0;-1.4042820043507525;6.0;19.0;6.0;1.0;9.0;1.0;13.0;0.4630868161622686;0.5;63851.0;82.0;0.2567663411488036;;0.0;-0.6795238298282704;0.0;7.0;-0.7433870190376026;0.0037522669906070805;0.0;-1.4049550948064689;1.0;-0.5631771623208023;13.142857142857142;1.0;1.79;85384;-0.028903264844326808;;20.0;-0.9638189322675995;98120;1.8632268318922425;0.0;12.4;Dropout
5.0;0.0;5.0;1.3723362709546834;0.0;9.0;1.0;1.0;1.6475192204974811;;0.0;-0.6710908927176088;73412;1.0;-1.2082799446658605;0.0;;39252;9147.0;0.0;5.0;0.5262274065669381;8.0;37.0;4.0;1.0;9.0;1.0;11.0;-1.415156939485918;2.6;36056.0;69.0;-0.15914773147401648;1.0;0.0;-0.9006709800519722;0.0;8.0;-1.8355053521421103;0.24333406506867974;0.0;-0.35617726352057455;1.0;0.8344341544476959;12.0;1.0;0.32;99417;-1.1111817511856314;1.0;21.0;1.5436493173836279;88102;0.15426294714170982;0.0;7.6;Enrolled
5.0;0.0;5.0;1.6912092781721646;1.0;9.0;37.0;1.0;-0.585502603099387;150.0;1.0;-0.020739855465601982;65430;0.0;1.337367642902413;0.0;140.0;91807;9991.0;0.0;5.0;1.5472750796642005;;;5.0;1.0;9.0;2.0;10.8;-0.4489259275676643;-0.8;41510.0;16.0;-1.8175617239089583;0.0;2.0;0.23362635124431366;0.0;7.0;1.8403719244278647;2.0392799041566856;0.0;2.0738581225655643;39.0;1.2359469389340596;12.0;1.0;;23726;-0.30002432418371705;1.0;35.0;0.8729120942991958;50577;1.077754779556742;0.0;9.4;Dropout
6.0;0.0;4.0;-1.1178967533993476;0.0;4.0;1.0;6.0;0.9656204275522084;;0.0;-1.0392756292315644;62538;1.0;-0.049054273461364435;0.0;131.0;74918;9238.0;0.0;6.0;0.04842075734077664;8.0;;4.0;1.0;2.0;1.0;11.75;0.21285101394739628;-0.8;19393.0;58.0;2.1198557279384262;1.0;;-0.6860468571594233;;8.0;0.9270306621375525;1.3045896367559764;0.0;-0.7429681982348856;17.0;-0.8413867829757772;12.25;1.0;-3.12;95336;1.9270729569548524;1.0;18.0;0.15197633384740697;67775;0.029897208067600572;0.0;9.4;Dropout
5.0;0.0;2.0;0.04511121026353519;;9.0;19.0;1.0;-1.6030332732404617;160.0;0.0;-1.2807174367183787;53775;;-1.726500425602355;1.0;160.0;72880;9130.0;0.0;;-0.10328550042325643;8.0;38.0;3.0;0.0;6.0;5.0;14.666666666666666;0.6436262691608821;1.4;81569.0;55.0;-0.0059695552544383025;0.0;2.0;0.008549993368803353;0.0;7.0;1.8833877854171874;0.7919933451302751;2.0;-0.7629277049158304;7.0;-0.6944454956332078;13.0;1.0;1.74;11417;0.7557824798918011;3.0;27.0;1.468427763679853;44813;0.0852670652434121;0.0;10.8;Dropout
5.0;0.0;0.0;0.7979942753071045;;4.0;37.0;1.0;-1.0468582953682657;122.5;0.0;1.222691482570892;14475;1.0;0.7124301184930362;0.0;120.0;17888;9119.0;0.0;;-0.12447556070543903;6.0;;0.0;0.0;7.0;2.0;0.0;-0.02592275207982139;3.7;;28.0;-2.2707797945040977;0.0;0.0;0.9859893300585213;0.0;5.0;0.8740127530155358;0.8046191409050012;0.0;-0.27175466791801617;39.0;-0.5456955064146043;0.0;1.0;;29721;-1.044599540308037;3.0;32.0;0.08326172397551379;48844;-1.5003088908520608;0.0;12.7;Dropout
8.0;1.0;7.0;0.5853279817092991;0.0;4.0;1.0;;0.6786409468817157;126.1;0.0;-0.9696576133676534;79481;1.0;1.0256866842334653;;131.0;23272;9500.0;0.0;7.0;-0.5159508760580694;7.0;37.0;;1.0;4.0;1.0;12.495714285714286;0.24450813382834077;0.6;92150.0;97.0;0.9877256321413548;1.0;0.0;0.11722933166872415;0.0;9.0;0.6803649216924524;-0.9091558619701235;0.0;2.018111743598011;1.0;-1.4669626257534132;12.242857142857144;1.0;2.02;87848;1.6314426369190653;1.0;19.0;-0.620507210194651;53243;-2.150761869692567;0.0;11.1;Dropout
6.0;;0.0;-0.407843624335685;0.0;4.0;1.0;5.0;-0.10250103569863299;116.5;1.0;0.00033162525635355324;53036;1.0;-2.425908404934669;;121.0;98512;9254.0;0.0;6.0;1.17009742128588;12.0;19.0;0.0;0.0;7.0;1.0;0.0;-1.2385224069905463;-0.8;25102.0;18.0;-0.05019181203710062;1.0;0.0;0.12096446070272407;0.0;0.0;0.36953563342035745;-0.47122908639120165;0.0;-0.6715241851950495;;-0.46940273163385776;0.0;1.0;;87608;0.3890031784725915;1.0;18.0;-1.0017020643727599;44362;1.251905211835959;0.0;9.4;Dropout
6.0;0.0;;0.25486488524678635;0.0;3.0;19.0;1.0;0.537667171989379;110.0;1.0;0.9545148466028355;45369;1.0;-0.8245546421329034;0.0;;79150;9254.0;0.0;6.0;0.09404975834877029;;19.0;0.0;1.0;3.0;1.0;0.0;-0.9117867376775254;0.3;99151.0;84.0;-0.9313254520997714;0.0;0.0;0.2051467089084181;0.0;;-0.18602828156227816;-1.5325817383086626;0.0;0.5574844794073719;7.0;1.3014497372195053;0.0;1.0;-0.92;36968;0.8304244809091642;3.0;35.0;-0.10779913535364292;49287;0.07805821426242007;0.0;16.2;Dropout
7.0;0.0;0.0;-1.583458314611133;0.0;4.0;19.0;1.0;-0.013632565929807697;126.8;1.0;0.9143041262295727;49296;1.0;-0.11045401130771397;0.0;135.0;33143;9500.0;0.0;7.0;-2.178640722318831;9.0;19.0;0.0;1.0;5.0;1.0;0.0;-0.060861837284073246;2.8;75214.0;40.0;0.9311834148391834;1.0;0.0;-1.6930989902853932;0.0;8.0;0.5121065819050965;-1.2695853623811382;0.0;0.39203405027569327;;-1.0455755423353477;;1.0;-4.06;85749;0.49052881522942376;1.0;19.0;0.7717204779815932;26491;0.20642812298661822;0.0;15.5;Dropout
;0.0;4.0;-0.0191418784480852;0.0;7.0;19.0;1.0;-0.20767196400660862;120.0;1.0;0.7948482049153512;52051;1.0;0.7345109113086175;0.0;140.0;87311;9147.0;0.0;5.0;1.1989539546199401;8.0;19.0;3.0;1.0;3.0;1.0;10.0;0.5105511151899946;3.7;84102.0;41.0;-2.548732397035153;;0.0;0.3918377499304902;0.0;10.0;-0.5532324843741019;-0.8865338246578354;0.0;-1.9284888225408328;;1.3251961086539485;11.0;1.0;-1.7;16922;0.41975843074819863;1.0;;1.3897592151078182;68659;-1.2490537522004106;0.0;12.7;Dropout
5.0;0.0;3.0;-1.4603037045020144;0.0;4.0;37.0;;-0.6800438281748903;121.0;0.0;0.3028665145015353;94743;1.0;-0.5157465846241712;0.0;129.0;37717;9147.0;0.0;;0.9538349160358454;8.0;;2.0;;9.0;1.0;;0.23130329218186066;2.6;82554.0;50.0;-0.7140951943262096;1.0;0.0;0.1599315767258961;0.0;7.0;-1.0692291724792182;-0.02912458259985813;0.0;-0.015677298204964295;;-0.43344445795307723;12.333333333333334;1.0;0.32;40253;-1.9977138424801;1.0;18.0;0.0235102160344747;16112;-0.9030641777936236;0.0;7.6;Enrolled
5.0;1.0;;0.5079789640323182;0.0;0.0;34.0;1.0;-1.1940026559300008;152.8;1.0;0.7240033085368497;27564;1.0;-0.8321419019739364;0.0;;41617;9147.0;0.0;5.0;0.6016009906454414;7.0;19.0;4.0;1.0;4.0;1.0;;-0.8488243865620512;2.6;50102.0;24.0;-0.2994023926691449;1.0;0.0;;0.0;5.0;-0.3322258169210742;-1.2250086973127972;;-0.552925193047493;1.0;2.114035637102753;0.0;1.0;0.32;12498;1.106959380828232;1.0;18.0;1.2131249279356775;91843;1.0623020011349846;0.0;7.6;Dropout
;0.0;1.0;-1.1159579480990816;0.0;0.0;34.0;1.0;1.4027012897324986;100.0;0.0;1.3730881326061544;25936;0.0;0.7271692496802824;0.0;133.1;37362;8014.0;0.0;;-2.7554069100770024;11.0;34.0;1.0;1.0;0.0;4.0;10.0;-0.23656199354819446;-0.8;;96.0;0.8521879471107873;0.0;0.0;;0.0;11.0;1.2914922913513938;-0.03917018658701813;0.0;0.677972013296056;39.0;-0.6818130653154276;11.0;1.0;-3.12;56548;-2.25433545021297;19.0;48.0;-0.21426943150203098;91847;1.7401437708414367;0.0;9.4;Dropout
6.0;1.0;6.0;0.16303317476800286;0.0;9.0;38.0;3.0;1.5673091061298812;134.1;1.0;0.4250225939953734;21178;1.0;-0.4683223733141591;0.0;146.0;54473;9773.0;;;-0.0029483226872044107;6.0;38.0;6.0;1.0;7.0;1.0;12.5;1.511838342876808;1.4;70889.0;71.0;2.2402515447315063;1.0;0.0;-0.20194863160551413;0.0;;-1.2324066869252508;-0.15402950812642802;0.0;1.739070238693987;1.0;-0.1439819498221597;12.666666666666666;;1.74;90961;1.0159882206850328;1.0;18.0;-0.7815980186558542;28722;-0.6212740137725519;;10.8;Dropout
5.0;0.0;;0.3191955904215626;0.0;9.0;;1.0;-1.038702954744184;140.0;1.0;-1.8372023468141836;65871;1.0;0.5420546505486971;0.0;140.0;78549;9119.0;0.0;5.0;0.8934279822038034;;34.0;0.0;0.0;;;0.0;0.5442582325965617;2.8;69108.0;58.0;-0.24476881308231896;0.0;0.0;1.0323928915106901;0.0;5.0;-1.2165166508000995;-1.134228787131098;;-0.34454833719499417;39.0;-0.9101830651923999;;1.0;;65207;0.09956659270840494;1.0;34.0;-1.3063132338003884;14025;0.6714832883630556;0.0;15.5;Dropout
6.0;0.0;5.0;0.07586388909341678;0.0;9.0;19.0;1.0;-1.1040791020069483;;0.0;-0.5285332061500967;12297;1.0;-1.1115156549745906;2.0;140.0;24974;9085.0;0.0;6.0;0.3794993916148364;14.0;3.0;5.0;1.0;1.0;1.0;13.666666666666666;-0.16253304335640567;0.3;82647.0;;0.45994419480171905;1.0;0.0;-0.29263069761272065;2.0;10.0;0.5913091627128223;1.5255868645304431;;-0.3445906866602312;42.0;-0.6877007735858263;;1.0;-0.92;57082;0.8354642766908565;39.0;21.0;-0.5062399623418663;53150;0.19002493268160509;0.0;16.2;Graduate
6.0;0.0;0.0;-0.6319528629317696;0.0;2.0;3.0;1.0;-0.34777314242209234;113.3;1.0;0.6963700717220878;81269;1.0;-1.3523330192363985;0.0;120.0;97072;9003.0;0.0;6.0;0.20515135090880163;9.0;1.0;;1.0;;2.0;10.0;-1.0258367617196469;0.5;31028.0;42.0;2.748388294793152;0.0;0.0;0.24715710407770497;0.0;6.0;-0.4150787044366666;-1.3245257016421466;0.0;2.5178282365823086;42.0;1.3381791668583911;0.0;1.0;1.79;27823;0.15840087475674372;1.0;26.0;-1.268657427449655;15551;-0.12052894007772563;0.0;12.4;Dropout
8.0;0.0;0.0;-0.2103682502236217;0.0;9.0;38.0;6.0;0.3404350148631521;128.0;0.0;-0.6270959337094042;75835;1.0;0.755269157570397;0.0;142.0;37406;9500.0;0.0;7.0;0.8955126840553808;14.0;37.0;0.0;0.0;5.0;1.0;0.0;-0.7133711171400773;0.6;83713.0;44.0;0.004736807893943307;1.0;0.0;;0.0;0.0;0.48549504515946496;1.1173248137655518;;-0.7115415131438088;18.0;0.4745366851389799;0.0;1.0;;64944;1.043751930008915;1.0;19.0;2.0095116311902;46301;1.8519590201783194;0.0;;Dropout
8.0;0.0;8.0;1.181071668209721;0.0;4.0;1.0;6.0;-0.18181820795666936;141.1;0.0;1.6201061394586438;73805;1.0;0.2525199103172139;;147.0;97161;9500.0;0.0;7.0;0.1393082945272457;;38.0;6.0;1.0;8.0;;13.0;0.006590362234072988;-0.3;89204.0;13.0;0.468199056023288;;0.0;0.46175780492321156;0.0;8.0;0.9898574318794453;-2.2542762218789;0.0;-1.3430016503344246;17.0;1.0288177791774493;14.2125;1.0;0.79;39180;0.01614805269588526;1.0;20.0;0.43929642630934557;77688;-0.453201646022752;0.0;13.9;Dropout
;0.0;3.0;-0.4246083998615804;0.0;6.0;;1.0;0.4995200652477213;;0.0;-0.0631798281664315;52136;1.0;0.9224557332362071;0.0;132.0;88281;9085.0;0.0;6.0;1.203624384768126;11.0;;;1.0;6.0;1.0;12.285714285714286;0.27594709860000655;0.5;75799.0;87.0;-1.2373514975055364;0.0;1.0;;0.0;19.0;0.461532484257878;-0.14223321357340624;0.0;1.3775719096898857;1.0;-1.3155893009900326;14.0;1.0;1.79;65444;0.280926679769639;1.0;;-0.09561484916431168;37861;1.2407126370174857;0.0;12.4;Dropout
5.0;0.0;5.0;0.02143010694561321;0.0;5.0;;1.0;-0.049248947611365654;136.2;0.0;0.08524877135943626;46930;1.0;-0.5325930009214418;0.0;139.0;59286;9085.0;0.0;5.0;0.16175678161544157;7.0;38.0;5.0;1.0;3.0;1.0;13.0;0.5655634451015591;2.6;34203.0;65.0;1.9591671616419648;0.0;0.0;1.6475516089415674;0.0;7.0;-0.6322455786784477;-1.1976248330409551;1.0;-0.050633539120257275;17.0;0.654828453157915;13.333333333333334;1.0;0.32;21745;0.4047600971729573;1.0;19.0;1.7220017623455741;90436;0.3814233170420487;0.0;7.6;Graduate
5.0;0.0;;-0.5567888044588363;0.0;;1.0;1.0;-0.11463114144923346;123.0;1.0;1.1247441989017355;94540;0.0;-0.7951053024797451;0.0;150.0;17996;;0.0;5.0;0.08218407635076586;8.0;19.0;;1.0;8.0;1.0;11.5;0.38798558438881453;3.7;32214.0;1.0;-0.7129763448856498;0.0;0.0;2.017362737225639;;9.0;1.282933808528605;-0.6544547175949919;0.0;0.2833194390115534;39.0;-0.9714433167204711;10.333333333333334;1.0;-1.7;56996;1.8786422792381703;;27.0;-1.302267368971505;11301;-0.016889322364818993;0.0;12.7;Dropout
6.0;0.0;4.0;1.0204270995380669;0.0;5.0;19.0;5.0;2.4130787367698687;120.5;1.0;-0.18284989730929277;84754;1.0;1.3607188875409106;0.0;118.0;61640;9254.0;0.0;6.0;0.8924136885820126;12.0;37.0;4.0;1.0;5.0;1.0;12.5;-0.3702363622686849;2.6;21679.0;93.0;0.26857129518005507;1.0;0.0;0.8739382541860049;0.0;;0.7421226826035108;1.810154455536575;0.0;2.2315060943912;17.0;-1.3373185130328527;10.25;1.0;;54782;0.6002750766702324;1.0;19.0;-0.13714283589574375;73873;1.3720171730330784;0.0;7.6;Dropout
7.0;1.0;;0.07783077516025289;0.0;;1.0;;-0.5252032515953069;127.9;0.0;0.17627703572818604;25913;1.0;-1.5229587639944702;0.0;137.0;78617;9500.0;0.0;7.0;-0.398586931296895;10.0;1.0;5.0;1.0;9.0;1.0;13.46;-0.5111048993925803;0.6;84652.0;65.0;;1.0;0.0;1.5412966494140283;0.0;8.0;0.02682785418957803;-0.346967612063353;0.0;-1.4029790571670457;17.0;0.23876613885355588;12.2375;1.0;2.02;79232;-1.316852842857706;;18.0;1.9996737921018612;55322;0.2901344984230279;0.0;11.1;Dropout
5.0;0.0;0.0;-0.7639740084636406;0.0;9.0;37.0;1.0;1.639946892824547;140.2;;0.8991234839991122;33286;1.0;1.2514607091806247;0.0;130.0;98384;9119.0;0.0;5.0;-1.0972421521147606;5.0;19.0;0.0;1.0;5.0;1.0;0.0;2.0469888822896674;-0.8;49522.0;16.0;0.08533832201513372;;0.0;-1.539214480859047;0.0;0.0;-0.021582813898431138;-1.104548797068591;0.0;-0.19546246751902355;;0.2285383334114134;0.0;1.0;-3.12;91821;-0.5639797726142536;1.0;20.0;-0.14404050672466737;31786;-0.09642752991228078;0.0;9.4;Dropout
6.0;0.0;0.0;0.007125258531753792;;1.0;;1.0;1.4468630676808638;120.0;1.0;-1.4722706158336862;31958;1.0;1.3205047074823832;0.0;133.1;18787;9003.0;0.0;6.0;0.0038013645058180908;0.0;1.0;0.0;0.0;6.0;1.0;0.0;-0.5564673219278842;-0.3;37598.0;49.0;-0.43431367790342057;0.0;0.0;;0.0;0.0;0.37399253947698935;0.4876358673632559;0.0;-1.2362688428927264;39.0;0.053345786299150315;0.0;1.0;0.79;91546;0.5980040116430776;;24.0;2.4468137784045276;48707;1.379442172982033;0.0;13.9;Dropout
5.0;0.0;1.0;-0.24103188148148189;0.0;4.0;;1.0;0.5040935065846489;130.0;0.0;-0.2852981623875496;52557;0.0;0.8600895142660753;0.0;130.0;77024;9991.0;0.0;5.0;0.5903745245578612;12.0;37.0;3.0;0.0;9.0;2.0;11.333333333333334;-1.2917036952978975;2.8;23879.0;;0.2413262450066115;0.0;;-0.321560566631213;0.0;10.0;-0.31198370025830435;-0.3557469160338299;0.0;0.33518345783094694;44.0;0.7175584126276655;13.0;1.0;-4.06;40747;1.2597459436007497;39.0;21.0;0.7856048394415386;34358;1.2492622537718918;0.0;15.5;Dropout
7.0;0.0;0.0;1.3925821108965455;0.0;9.0;38.0;1.0;-1.9261318364495255;160.0;1.0;0.8291532953791201;67484;1.0;-0.6878075170104481;;160.0;36335;9556.0;0.0;7.0;0.9253625328813864;16.0;19.0;1.0;1.0;9.0;1.0;12.0;-1.6387174780524372;;54462.0;83.0;1.7573474752102989;0.0;1.0;0.041230965258877435;;;-1.6312046947200598;0.15071316752482067;0.0;-0.5530036615515798;7.0;0.873566317633677;0.0;1.0;2.02;67696;-0.7221760962922216;43.0;36.0;1.305925908632233;65799;1.2019633211538756;0.0;11.1;Dropout
6.0;0.0;;-0.044687506506034355;0.0;4.0;38.0;1.0;0.031057490362961775;114.3;0.0;0.06560014834259406;29898;1.0;-0.8165238367253593;;;77487;9254.0;0.0;6.0;0.9308995216674001;0.0;38.0;0.0;1.0;;;0.0;-0.35318888712971186;0.6;27852.0;;2.280933975912983;0.0;0.0;-0.19820741809966577;0.0;0.0;0.7501577462616736;-0.9144545563384058;0.0;-1.1729375879144057;1.0;1.469729339193701;0.0;1.0;2.02;68790;2.2398776163300402;;19.0;1.3348948234548708;96523;-3.887804341619664;0.0;11.1;Dropout
0.0;1.0;0.0;-1.382748888380824;0.0;4.0;10.0;6.0;-0.5146947573955469;130.2;1.0;1.4673338120774801;14913;;-0.21005577299819952;0.0;126.0;62416;171.0;0.0;0.0;-0.06864817446091305;0.0;10.0;;;4.0;;0.0;0.9399838206668305;-0.8;85227.0;61.0;-0.17514287392427544;;0.0;-1.6421352496329535;0.0;;0.6907430198711753;-0.8652164320627195;0.0;0.7322774553179215;1.0;-1.1903429983058353;0.0;1.0;-3.12;85948;0.17560380489835298;1.0;18.0;0.0016024602480376217;55105;0.44017662573841065;0.0;9.4;Dropout
6.0;1.0;5.0;0.4986332364495265;0.0;4.0;;1.0;0.02009069144047363;109.1;;-1.5759233581869183;44665;1.0;-1.2950396768313994;0.0;115.0;87983;9670.0;0.0;6.0;-0.17137005544237432;7.0;1.0;6.0;1.0;4.0;1.0;13.285714285714286;-0.5759476893411938;0.5;40515.0;88.0;;1.0;0.0;1.1515917063236467;0.0;9.0;-2.3010659656967247;-0.7876808018130168;0.0;0.010329116382568502;;1.5020162454502248;14.6;1.0;1.79;82638;0.42056740257656267;1.0;19.0;-0.4882116645955765;73006;0.21211719306996976;0.0;12.4;Enrolled
8.0;1.0;5.0;1.7860874333652892;1.0;9.0;37.0;1.0;-1.0629667923878823;106.0;0.0;-1.6900017679461332;55306;;-0.9616939987535967;;140.0;10298;9556.0;0.0;;-0.5921159444946424;14.0;38.0;5.0;;9.0;1.0;12.36;1.477514541943261;1.4;50125.0;97.0;-0.8087644274274024;;0.0;2.1541982333569365;1.0;15.0;0.5106761426572534;0.7984331424617431;0.0;-1.2516318085058786;39.0;1.8823114896955764;12.0;1.0;3.51;10865;-1.2540734940601406;1.0;24.0;-0.11544031988041326;65020;-0.03486325408548587;;8.9;Dropout
5.0;0.0;3.0;1.196930889546251;0.0;5.0;37.0;2.0;0.7562579490500525;;1.0;0.7696865166227178;70510;1.0;0.644734291509046;0.0;140.0;55489;9147.0;0.0;5.0;0.24987605398037804;;37.0;4.0;1.0;9.0;1.0;;-0.0072815451385564575;1.4;69464.0;24.0;2.686135606372313;1.0;0.0;1.2809876791726227;0.0;12.0;1.7564835388897118;-0.22682975236570238;;-1.1903629969074119;18.0;-0.3662300164520345;10.571428571428571;1.0;1.74;82080;1.1154765818029488;1.0;20.0;-0.9869325033136268;84501;0.6097796339726784;0.0;10.8;Dropout
5.0;0.0;0.0;-1.1029336587852534;0.0;4.0;9.0;1.0;0.9849850271110658;106.1;0.0;0.8658072149327748;21122;1.0;0.6493491142241571;0.0;112.0;70782;9147.0;0.0;5.0;-1.6411240062531611;13.0;22.0;2.0;1.0;3.0;1.0;10.0;1.1095580667467424;-0.8;72927.0;;0.12883489829682046;0.0;0.0;1.0855232687864715;0.0;10.0;-1.1276383531735399;-1.048260243557517;;0.20780819833574302;1.0;-1.6684916830731764;0.0;1.0;-3.12;53216;-0.4457841744177235;1.0;;-0.06596288322979406;60634;0.26055687250452786;0.0;9.4;Dropout
6.0;0.0;5.0;-0.2687281443251039;0.0;9.0;37.0;4.0;1.1700243020669414;127.3;0.0;-0.19325000683183333;72033;1.0;-1.0495748265349563;0.0;143.0;44130;9853.0;0.0;6.0;0.022759236465739074;7.0;37.0;5.0;1.0;5.0;;11.8;-0.7577211325275646;1.4;20516.0;23.0;;1.0;0.0;0.22611960514560306;0.0;7.0;-0.07329129089071088;0.1618194686026173;0.0;-1.670773831511292;;-1.383498913069118;11.4;1.0;1.74;95542;-0.7458828313747242;;18.0;-0.004406049244960837;50172;0.6778074173271814;0.0;;Dropout
8.0;0.0;7.0;-0.030683177364783768;0.0;9.0;19.0;2.0;-0.38217871638453405;137.8;1.0;0.4003944000457243;24525;1.0;0.6761219353000746;;149.0;38457;;0.0;8.0;2.84968068493783;;1.0;7.0;1.0;9.0;1.0;13.0;-0.7422167279197915;3.7;16871.0;79.0;0.6966606412791607;1.0;0.0;-0.842997370727137;0.0;8.0;-0.18198231413405871;0.0794795206686903;0.0;0.22748426837194383;1.0;-0.46185138093371175;13.0;1.0;-1.7;64363;-0.3171929192133447;1.0;18.0;1.6892349953192038;20741;-0.26796180775499273;0.0;12.7;Graduate
6.0;0.0;0.0;-0.018548858560692175;0.0;4.0;19.0;1.0;-1.0594251020467733;110.0;1.0;0.7452069776314066;36392;1.0;0.4543033057398061;0.0;110.0;39472;;0.0;6.0;-1.5038634123887549;9.0;19.0;0.0;;8.0;2.0;0.0;0.09104570332997283;;35569.0;;;1.0;0.0;0.07252805263596762;0.0;6.0;1.6604119343708827;0.5736027980413265;0.0;1.3395568507042883;7.0;2.014141590307422;0.0;1.0;-0.92;44823;1.382777511645271;2.0;37.0;0.5932757107274774;79886;1.4981806301764926;;16.2;Dropout
;0.0;5.0;0.38096185717883885;0.0;5.0;19.0;1.0;0.35168141647078477;121.5;1.0;-0.8138632058517464;56088;1.0;1.5098862545771035;0.0;125.0;77370;9119.0;0.0;5.0;0.15683560762429954;7.0;1.0;5.0;1.0;4.0;1.0;15.8;0.48255466634489624;0.6;77217.0;60.0;-0.24770027808243517;;0.0;2.1055880368415036;;7.0;1.1209470441569618;-0.4818012331266243;0.0;0.6670602949202648;17.0;0.01708000020317875;14.571428571428571;1.0;2.02;28110;0.46574272369952335;1.0;;2.3626175577868724;90813;0.778944191772826;0.0;11.1;Dropout
5.0;0.0;3.0;-0.3441010076529328;0.0;4.0;1.0;1.0;1.7560743221487412;120.0;0.0;-0.7068483750492992;19457;1.0;0.5691364418675215;0.0;130.0;28685;9147.0;0.0;5.0;0.3778357904622937;9.0;1.0;5.0;1.0;4.0;1.0;12.8;-0.17895724256595336;0.6;87251.0;79.0;-1.1070683090262663;0.0;0.0;-0.35198811250705603;0.0;11.0;-0.8784161465124305;-0.07757151084009072;0.0;-0.6233250979726;51.0;-0.617184116751813;12.666666666666666;1.0;2.02;95434;-0.8890852363740881;1.0;21.0;-2.1595440976439484;98268;0.5425265905148402;0.0;11.1;Enrolled
7.0;0.0;7.0;-0.9156238305808202;0.0;90.0;37.0;1.0;0.06938963461353378;120.0;0.0;0.1897261791986366;61215;0.0;1.058581053734378;9.0;120.0;97770;8014.0;0.0;11.0;0.506465042834075;19.0;;;1.0;7.0;1.0;13.444444444444445;0.29246545068078506;2.6;97504.0;54.0;1.8594517516870523;1.0;0.0;-0.45495724782394165;5.0;7.0;0.342118523358526;0.4216786341233615;;0.2743402715875807;42.0;-0.685402258357297;14.714285714285714;1.0;0.32;24426;-0.5303789715470305;1.0;30.0;-1.2170437000299426;75692;0.4937052337068637;0.0;7.6;Dropout
;;5.0;0.9518003365089319;0.0;5.0;;1.0;0.4522970861121;114.3;0.0;0.9040889598937201;13474;1.0;0.47707759093021124;5.0;;28823;9238.0;0.0;10.0;-0.9666430304059205;;;8.0;1.0;5.0;;11.0;0.5884859534502324;-0.8;34638.0;54.0;0.9033064446414645;1.0;0.0;1.1073036591039138;2.0;16.0;2.302672132277526;-1.0093530248256164;0.0;-1.2515761891901285;43.0;-1.3227223250057913;11.2;1.0;-3.12;18115;1.4095665749821313;1.0;;-0.3553453276653664;42104;1.1572813074935637;0.0;9.4;Enrolled
6.0;0.0;5.0;-1.1235660822700946;0.0;7.0;;1.0;-0.2349234458819979;;1.0;-1.1659569263579848;29082;1.0;0.9799291096971879;;160.0;47483;9254.0;0.0;6.0;0.5155867110692699;7.0;37.0;6.0;;10.0;1.0;12.0;-1.420505679773367;3.7;78721.0;65.0;0.4562831023212513;0.0;0.0;1.1736860507455957;0.0;8.0;-0.6247078991411382;0.8862228620608652;;0.1362838540355168;39.0;0.87457602968039;10.8;1.0;-1.7;22261;-0.23638101521214716;1.0;26.0;1.492494464014205;73305;1.0216877869354895;0.0;12.7;Enrolled
6.0;0.0;;-0.8021165410409284;0.0;5.0;34.0;3.0;-0.503470205895763;136.1;1.0;-0.19794763193501935;60925;;-1.287117156567775;0.0;142.0;99382;9773.0;0.0;4.0;-0.5345065583129499;8.0;1.0;0.0;0.0;10.0;1.0;0.0;-0.34093744918914026;-0.8;25160.0;29.0;1.5351926264139368;1.0;0.0;-0.8479018057748036;0.0;0.0;-0.011153783659332183;0.01644362820523452;1.0;-0.32684952433447867;1.0;-0.0920687447190845;0.0;;-3.12;59641;0.5604125591073058;1.0;19.0;-0.10957720028334725;38846;-0.11277205354628778;0.0;9.4;Dropout
6.0;;0.0;-1.1297810190811273;0.0;;38.0;1.0;0.6582759386044987;153.0;1.0;-0.24423663170443868;34411;1.0;-0.1217444571109134;0.0;167.0;12699;9773.0;0.0;6.0;-1.42758346082459;6.0;38.0;1.0;1.0;7.0;1.0;11.0;-0.5186825290597565;1.4;27031.0;79.0;0.5133304855482658;1.0;;-0.26148461323742256;0.0;0.0;0.5135073034876191;-1.101012813095848;0.0;-1.0393514093669511;18.0;2.0998295097624324;0.0;1.0;3.51;35633;0.8051490356655069;1.0;18.0;-1.4678268356512514;90891;0.9903103808232961;0.0;8.9;Dropout
6.0;0.0;0.0;0.6122124354521776;1.0;3.0;19.0;3.0;-0.1060667673388657;113.2;;0.4179591050427642;48934;0.0;-0.038982768227529795;;123.0;40282;8014.0;0.0;6.0;0.9519573083298543;9.0;37.0;3.0;0.0;;2.0;10.666666666666666;-0.47012215762086856;2.6;58024.0;80.0;1.5699006906397102;0.0;;-0.5019054959014345;0.0;12.0;-0.6100545497192573;-1.1084223058384672;0.0;0.6237167026278181;;0.6282093964264505;0.0;1.0;0.32;62274;-3.4187876606119434;1.0;18.0;-0.24512443614896287;13865;0.17405224004204453;0.0;7.6;Dropout
6.0;;0.0;0.10647130941483159;0.0;;34.0;1.0;0.40352291152933;;0.0;-0.008698370008834274;35569;1.0;-0.2437499469352824;0.0;140.0;86399;9238.0;0.0;6.0;0.6646148093815174;11.0;34.0;;0.0;0.0;1.0;13.0;0.40687772851834864;-0.8;;69.0;0.246591895509006;1.0;;0.06968937906109032;0.0;12.0;1.7632030849927454;-0.09939856593778695;0.0;-1.9774739309583946;39.0;0.8299363160572701;0.0;;;84106;1.264390948083105;1.0;28.0;-1.197598257754914;90840;1.9169267915003285;0.0;9.4;Dropout
7.0;0.0;7.0;0.8835036197046491;0.0;;19.0;4.0;0.5075068572770276;110.0;;-0.5458835838028594;55030;;0.4438866303167256;0.0;118.0;38469;9500.0;;7.0;-0.966562455958737;12.0;19.0;4.0;1.0;3.0;1.0;12.85;-0.5047894355822636;0.6;12998.0;3.0;0.9019488247018836;1.0;0.0;1.1036866709514928;0.0;7.0;-0.47266830028352164;-0.5502258104040577;0.0;-1.1858127731227035;1.0;-0.24210483074267797;12.62142857142857;1.0;2.02;36194;-0.8523514875417285;1.0;19.0;-1.3936257681498054;76331;1.0977278110469655;0.0;11.1;Enrolled
5.0;0.0;0.0;-0.785193416256105;0.0;5.0;19.0;2.0;0.3475168391389082;121.5;1.0;1.2485657807574058;22762;;0.634379654495751;0.0;;34711;9147.0;0.0;;-0.5437974771415511;5.0;19.0;2.0;0.0;9.0;1.0;;-2.0050776362118348;1.4;99569.0;47.0;0.526391325444487;0.0;0.0;-0.8040275211280911;0.0;;-1.3890351291241942;0.7546066219590807;0.0;-1.0655811561868833;39.0;-1.091030338173488;0.0;1.0;1.74;12488;-0.3605881499777932;1.0;26.0;1.9988278176538996;90027;-0.6256093185616934;0.0;10.8;Dropout
6.0;0.0;0.0;-1.2530131170349816;1.0;3.0;19.0;1.0;0.5578553193877401;101.5;1.0;-0.53925748162082;24004;1.0;0.3922570770711484;0.0;133.1;10091;;0.0;6.0;-0.580012418041423;6.0;19.0;0.0;0.0;1.0;1.0;0.0;-0.23651865183432527;2.8;82354.0;;-0.32528373503022706;0.0;0.0;1.0896648122369366;0.0;6.0;-0.5249820389162893;-0.2867519125138717;0.0;-0.5048075564843136;39.0;-0.8735809803291802;0.0;1.0;;42320;1.5393193119485735;19.0;;-0.35160886668065167;31660;2.3307106894502656;0.0;15.5;Dropout
11.0;0.0;11.0;-0.4439009554702268;0.0;132.0;38.0;1.0;-0.8530057327600915;100.0;1.0;-0.29209636302145364;96913;0.0;-0.17694388122133783;9.0;130.0;23375;;0.0;13.0;-1.6435846389722677;14.0;3.0;13.0;1.0;122.0;1.0;13.307692307692308;-1.0644060312583128;3.7;70824.0;84.0;;0.0;0.0;0.1016512489213085;7.0;;0.6530200861861699;0.3030465638821109;;1.2993374681334304;43.0;-1.3692469438890817;12.818181818181818;1.0;-1.7;64217;1.4469246962515319;1.0;54.0;0.1731528628025136;55732;-2.1020398359898294;0.0;12.7;Enrolled
5.0;0.0;3.0;-0.18249728676057775;0.0;9.0;1.0;3.0;-0.9140293563468315;111.0;1.0;-1.5914976359196236;39887;1.0;-0.735730079845125;0.0;111.0;27637;9119.0;0.0;;0.7624297376466175;10.0;19.0;4.0;1.0;8.0;1.0;11.6;0.49633198118254557;0.5;30021.0;92.0;-0.3928622153101874;1.0;0.0;2.326192136314278;;9.0;-0.7981741257542534;-0.8486211164145038;0.0;0.7542598696726599;18.0;0.910394719818091;;1.0;1.79;75552;0.4927799035415456;1.0;18.0;-0.09295634716808657;32851;0.6373547406690422;0.0;12.4;Dropout
6.0;0.0;2.0;0.20909630777006488;;;1.0;1.0;-0.04262160660725638;120.0;0.0;-0.7136258768458952;72297;1.0;1.097186074156234;0.0;128.0;89128;9853.0;0.0;6.0;0.799918408278537;11.0;1.0;3.0;1.0;9.0;1.0;12.0;0.8056969918537202;3.7;16874.0;26.0;;1.0;0.0;0.31883088437087354;0.0;;0.3021993888671026;-0.02299597610505746;;0.10531206287101345;1.0;-0.3849151872458864;12.0;1.0;-1.7;16133;0.7284389481147806;1.0;18.0;-0.2514956246084482;73970;-0.6962473294452859;0.0;12.7;Dropout
6.0;1.0;0.0;-1.6823916332877236;0.0;0.0;34.0;1.0;-0.018561320261247658;117.1;;0.51607607633905;10765;1.0;0.34973281661383504;0.0;133.1;59161;;0.0;;-0.33260956497032523;12.0;19.0;0.0;1.0;3.0;1.0;0.0;-2.174828860023367;2.6;21957.0;74.0;-0.45580240639850866;1.0;0.0;-0.09691856962926526;0.0;12.0;0.5625504401416662;1.3155359455935842;0.0;0.05816408131120715;17.0;0.9525005395920663;;1.0;0.32;89060;0.9779617227766716;1.0;21.0;-0.8406610322876337;66880;1.8821802936730196;0.0;7.6;Dropout
;;;0.47873086328367487;1.0;3.0;2.0;1.0;-0.5223228267196286;111.8;1.0;0.3206019563548599;19975;;-1.0186138583994084;;109.0;30927;9773.0;0.0;6.0;-0.028125561597194093;;;6.0;1.0;;1.0;11.571428571428571;-0.774232070040323;2.8;47932.0;98.0;;;0.0;0.5747147271159924;0.0;9.0;-1.208934042079654;-0.14812829208209022;0.0;-0.011756937592456041;1.0;0.13591440230756358;11.571428571428571;;-4.06;63387;1.4301079444564713;1.0;25.0;-0.31063460417164707;72241;0.2528060652952868;0.0;15.5;Dropout
7.0;0.0;4.0;-0.8942387382895159;0.0;;37.0;1.0;0.24100029641467566;120.9;0.0;0.5995169900657619;80884;1.0;-0.19368754164962376;0.0;133.1;82835;9500.0;0.0;7.0;0.11469797122315951;12.0;38.0;4.0;1.0;10.0;2.0;12.0;0.35337302341920734;0.6;82737.0;16.0;0.40190156667265364;1.0;0.0;-0.3371462378872101;0.0;13.0;-0.5637022175942242;-0.5529641639281685;0.0;1.3718249499584527;39.0;-0.29281835577044596;12.5625;1.0;;53344;1.5574186071277711;19.0;39.0;0.33723547852414704;76493;-0.7937954650871212;0.0;11.1;Dropout
6.0;0.0;1.0;-0.6474156501174982;0.0;9.0;39.0;1.0;0.9082174308340397;140.0;1.0;0.5509822859456703;42144;;-1.7432996777073613;2.0;140.0;64475;9003.0;;6.0;0.24439185860744117;8.0;39.0;2.0;1.0;;1.0;13.5;-1.4088751352015636;;63423.0;52.0;0.2051541335730204;0.0;0.0;-1.7952731233518255;1.0;9.0;0.3489708595380674;-0.8638049500185812;0.0;-1.815688494594678;7.0;-1.1696028349685499;;1.0;-4.06;32698;0.10770223162012967;3.0;50.0;1.4186353120639537;14046;-0.2664947122195833;0.0;15.5;Dropout
5.0;0.0;5.0;1.1737095311414185;0.0;5.0;38.0;;1.187511874153486;120.4;0.0;2.087714036295154;37017;1.0;0.035370614347442896;0.0;;38414;9130.0;0.0;5.0;-1.3475291994369099;9.0;38.0;4.0;;8.0;1.0;12.0;0.7826608771802104;-0.8;85847.0;41.0;0.22251866973722093;1.0;0.0;-0.240521174271098;;6.0;0.7024121600035143;-0.018770529882187432;1.0;0.771558038287678;1.0;0.30163273296267773;;1.0;-3.12;96289;-0.7373350580837429;1.0;20.0;0.9474356365540741;46672;-0.7139314586655916;;;Graduate
;0.0;;-2.1831968454531987;1.0;9.0;37.0;1.0;1.412261872647156;120.0;1.0;-0.74785882744691;25534;1.0;-0.19837994259859598;;133.1;32858;9003.0;0.0;6.0;0.48844459922340216;8.0;37.0;0.0;0.0;10.0;;0.0;1.049316534862222;0.3;91817.0;32.0;-0.5661584224453049;;0.0;-0.25629360906922505;0.0;10.0;-0.5387840197676386;1.4093147681412;0.0;-0.5081941648838711;39.0;-0.218633016446795;0.0;;;24160;-0.2551527144036374;19.0;38.0;-1.2190668974550833;32735;-0.30577697857007885;0.0;16.2;Dropout
;0.0;8.0;0.3225020271669523;0.0;9.0;37.0;1.0;-1.314801663057185;;1.0;-1.6194237434347885;33977;1.0;-0.5744669503553378;2.0;123.9;29857;;0.0;7.0;-1.1755072610484;9.0;1.0;5.0;1.0;7.0;1.0;12.6;-0.16201563389323612;0.3;76125.0;56.0;-0.281976367843725;0.0;1.0;-1.5923174605498118;5.0;;0.1517723102480286;-1.3635944295890177;0.0;0.5029903182964149;44.0;0.9021839279554212;12.75;1.0;;50396;0.12720006574650713;39.0;20.0;0.988532418236605;95007;-0.3286476158895048;0.0;16.2;Dropout
6.0;0.0;1.0;0.31872863006748414;0.0;5.0;38.0;1.0;-1.1629985737084254;;1.0;-1.0505529960715239;31094;1.0;1.5846001898035293;0.0;133.1;74120;9773.0;0.0;6.0;0.6813752134478976;11.0;1.0;3.0;1.0;4.0;1.0;13.0;-0.7739115995184248;2.6;18995.0;37.0;;1.0;0.0;-0.07303518979449276;0.0;15.0;-0.2839362497457617;-0.04991768630404784;0.0;0.5077759629840716;39.0;-0.7154106758755986;12.0;1.0;0.32;51924;-0.05306737158074613;9.0;28.0;0.47543801152736886;57649;-0.7511558687010546;0.0;7.6;Dropout
6.0;0.0;3.0;-0.8187849768507568;0.0;5.0;38.0;3.0;-0.28964539344164625;126.7;0.0;-0.7036518358315914;81761;1.0;-1.1561541195421123;0.0;140.0;74462;9853.0;0.0;6.0;-1.0648801703018145;9.0;38.0;5.0;;;1.0;12.4;-2.3105676254753127;1.4;31113.0;20.0;-0.11986934630206782;1.0;0.0;-2.0671102246093973;0.0;10.0;0.727850170800594;-1.7138719055978027;0.0;0.7332449419794512;17.0;0.6161077734970362;10.666666666666666;1.0;1.74;59228;-1.0122219255450415;1.0;19.0;-0.6247210006134956;24553;0.270063811582624;0.0;10.8;Dropout
6.0;0.0;5.0;-0.4470043209160218;1.0;9.0;19.0;;0.08028654100737626;131.3;0.0;-0.9743269366169109;94552;1.0;0.7063929516823354;0.0;133.0;68386;9238.0;0.0;6.0;-1.3001087486653005;7.0;38.0;5.0;1.0;;;13.6;0.8140252947611006;1.4;;85.0;-0.985811230121146;1.0;0.0;-0.3476868351554792;0.0;7.0;0.5194135791656076;-0.41042221034142284;0.0;1.58364749810942;1.0;1.6408484162225372;;1.0;;30799;0.4367941740511247;;18.0;0.1820970961865688;45302;0.3912241634067323;0.0;8.9;Dropout
9.0;0.0;;1.2210468021512841;0.0;8.0;;1.0;-0.23841800385698886;131.7;1.0;0.09366084764485418;13142;1.0;2.1867081609318735;3.0;125.0;50256;9070.0;0.0;6.0;-0.02803855979778052;6.0;37.0;4.0;1.0;7.0;;12.75;2.002536978676355;0.5;57428.0;;0.09985243078313219;1.0;0.0;0.2435959920446723;;12.0;-0.37348301519567256;0.26276936396272355;0.0;-1.3710354410865868;;0.2725559146597197;12.666666666666666;1.0;1.79;94914;-1.5677876727629565;1.0;20.0;0.5722871836498988;57460;-0.9963063912759672;0.0;12.4;Dropout
6.0;0.0;5.0;1.9629235439710266;0.0;9.0;19.0;1.0;-0.5526393301825495;132.0;0.0;1.2526549055570213;22307;1.0;1.077267903716688;0.0;133.1;55824;9853.0;0.0;6.0;-0.050505224217195686;8.0;19.0;5.0;1.0;;1.0;12.0;1.795651198335153;3.7;81360.0;4.0;-0.7144891224134624;;0.0;;0.0;9.0;0.47844385119615784;-1.580375080092949;0.0;1.0054447016087313;1.0;0.7852914527418813;;1.0;-1.7;44043;0.08538747551620776;1.0;21.0;0.04705294782287555;39234;-1.6582687630439978;0.0;12.7;Dropout
10.0;0.0;6.0;1.0647258668844564;1.0;4.0;37.0;1.0;-0.3044182401973722;;1.0;1.5396590729699147;66461;1.0;-0.03153878209776703;0.0;133.1;90813;9003.0;0.0;6.0;0.10374664265323452;8.0;37.0;3.0;;7.0;;13.0;-0.19497351749050496;0.3;97214.0;88.0;-2.0506727984488626;0.0;0.0;-0.41106947288681817;4.0;14.0;-0.41259837179269887;-0.4448095467994355;0.0;-0.06385487022874688;39.0;0.5718902461775794;11.428571428571429;1.0;-0.92;74100;0.14950017250009345;;32.0;0.4802433341567212;65559;0.3109564521495716;;16.2;Dropout
5.0;0.0;0.0;1.8858716677604708;0.0;8.0;19.0;1.0;0.48331382243250304;159.5;1.0;0.5043085018466044;89182;1.0;-1.1340686394233275;0.0;170.0;59951;9238.0;0.0;;-0.8927357324984792;6.0;38.0;0.0;1.0;8.0;2.0;0.0;-1.092675817717898;1.4;98493.0;81.0;2.252442979668475;0.0;0.0;-0.08553040194807149;0.0;5.0;0.45736195435647853;0.2905194599334413;0.0;-0.46085595997650514;39.0;1.8980914845175216;0.0;1.0;3.51;66973;0.11524073520294939;42.0;33.0;-0.8629510169238006;79233;0.5319205511195337;0.0;8.9;Dropout
;0.0;0.0;-0.6913319246675488;0.0;9.0;37.0;;-1.3296224467920323;150.3;0.0;2.1412722154540154;38515;1.0;-1.3620621765844554;0.0;145.0;65295;171.0;0.0;0.0;0.2028177192279567;0.0;37.0;0.0;1.0;1.0;1.0;0.0;0.8376242263281327;2.8;52998.0;91.0;-0.2314293733456797;1.0;0.0;-0.7840644374778307;0.0;0.0;0.47129454534458826;0.13113809134143364;0.0;2.033762121037706;;0.3715604216938288;0.0;1.0;-4.06;28260;0.8512147993761583;1.0;;1.992832044246513;65563;0.7302167619612338;0.0;15.5;Dropout
;0.0;3.0;-1.5800840664595126;0.0;7.0;19.0;;2.3433571725871025;125.7;0.0;-0.3563730565664191;85764;0.0;-0.411551694957522;0.0;133.1;30451;9991.0;0.0;5.0;0.2969916802904202;9.0;38.0;2.0;1.0;4.0;1.0;12.0;-0.12686877615202616;1.4;99241.0;;1.4470578616836998;0.0;0.0;0.010816519422534776;0.0;9.0;2.3710465285685087;0.3389582672210746;0.0;0.7019112394507135;39.0;0.69995885173551;11.0;;1.74;94259;0.7186060597791426;1.0;26.0;-1.9292847289782253;62091;0.5511743815941278;0.0;10.8;Dropout
5.0;0.0;4.0;-0.05262150847295787;0.0;5.0;1.0;2.0;0.020993543384299318;124.0;1.0;-1.6325190420024265;10408;;-0.6870007339139083;0.0;132.0;50985;9670.0;0.0;;1.165713305457617;7.0;19.0;3.0;1.0;3.0;;12.333333333333334;0.4781317236434184;2.6;95466.0;;-0.5269896985686852;1.0;0.0;0.05808640659177093;0.0;5.0;-0.3362622421041108;-0.9745966366664115;0.0;-0.4172045612618887;17.0;-0.036276028515956675;11.25;1.0;;51400;2.222678339488907;1.0;21.0;0.5778512233281415;69115;1.5727167757369898;;7.6;Dropout
6.0;0.0;4.0;0.8048586361056724;0.0;4.0;1.0;1.0;1.050847394228725;106.7;0.0;1.0531780678881695;76929;;-0.7195469089581323;0.0;113.0;11973;9085.0;0.0;6.0;0.1850327218369142;15.0;1.0;;1.0;;1.0;14.2;0.30275170329694523;2.8;24999.0;;1.6981164243082503;1.0;0.0;-0.9002499779015097;0.0;;-0.14126848696349262;0.2901077037682979;0.0;0.9573123264462967;1.0;-0.7743885356827591;;1.0;-4.06;65603;-0.5177117838209477;1.0;20.0;0.3667634630103227;35887;0.9970678869312632;0.0;;Dropout
9.0;0.0;3.0;-1.8547501061169125;;7.0;37.0;1.0;-0.5800048949645076;120.0;0.0;-1.8385943917490626;94880;1.0;-0.3263134554712441;;120.0;51533;9085.0;0.0;10.0;-0.599392154489617;20.0;37.0;4.0;1.0;7.0;;11.5;0.09300346417980701;2.8;70872.0;78.0;-1.151697863418251;0.0;2.0;0.2676992005090977;3.0;;-0.6472316003921244;-0.6000082265405076;2.0;-0.04605847503208741;7.0;-1.208175685681169;11.666666666666666;1.0;-4.06;68124;0.27933316445125406;;32.0;0.6429433934517144;67048;2.679828196415576;0.0;15.5;Dropout
6.0;0.0;3.0;-0.9264568493264672;1.0;9.0;19.0;1.0;0.5743495925247685;140.0;;-0.7550030226998042;54704;1.0;-0.10224709288568688;0.0;133.1;82063;9130.0;0.0;6.0;-1.3470622058809103;13.0;3.0;5.0;1.0;2.0;1.0;13.142857142857142;1.0285138034825314;0.3;49498.0;17.0;0.17603157585555332;1.0;0.0;0.2614526550804537;0.0;15.0;-1.0328236977891947;0.7140293486548338;0.0;-0.4328848505909766;39.0;1.266924065636675;12.666666666666666;1.0;;55635;0.215236772902594;;24.0;-0.7083703516482622;14617;3.1006471968329445;;16.2;Dropout
8.0;0.0;6.0;-0.8153950930128742;0.0;9.0;37.0;;0.10009107282857571;127.8;0.0;0.5201122324227964;62585;1.0;0.4852119476452963;0.0;129.0;70366;9500.0;0.0;;-1.5302609105078953;10.0;;6.0;1.0;7.0;1.0;13.78;1.065668069030618;-0.8;86048.0;69.0;-1.09228941964754;1.0;1.0;-0.1662099135810711;0.0;10.0;-0.4564604935924198;-2.310651339674044;1.0;-0.6060871098173184;;-1.00835937134254;13.78;1.0;-3.12;67422;0.1681863646908236;1.0;19.0;1.169197028333056;81252;-1.7581025876447136;0.0;9.4;Dropout
5.0;0.0;2.0;0.35656356238702136;0.0;9.0;38.0;1.0;0.8568083938882931;112.2;0.0;-0.10238148004878078;33252;1.0;-1.2377962194624292;0.0;;90036;9147.0;0.0;5.0;0.32297813093680433;8.0;2.0;;1.0;2.0;1.0;11.333333333333334;-0.5226876847115626;;88125.0;42.0;2.6007431886278556;1.0;0.0;2.421047036286818;0.0;12.0;0.6651006952212376;-0.289609378392128;0.0;0.30456317579028896;17.0;0.7458644997834322;10.666666666666666;1.0;1.74;60129;-1.2648542345545668;;;-0.10798068167831221;44213;-2.1971386312358456;;10.8;Enrolled
6.0;0.0;;0.2276195637495864;0.0;8.0;19.0;1.0;-0.198646917823752;125.0;1.0;-0.1909527628715059;80668;0.0;-0.68224379613305;;131.0;40621;;0.0;6.0;0.7931988705190247;13.0;37.0;0.0;1.0;;1.0;0.0;-0.9231124713864258;0.3;27315.0;;-0.24926147473847923;0.0;0.0;;0.0;6.0;0.737461531349306;0.09887709483246057;3.0;-0.6138719854492841;43.0;0.41601663038376163;0.0;1.0;-0.92;76645;-1.183475909305473;1.0;24.0;-1.1862149390699346;83266;-0.0073912978467148135;0.0;16.2;Dropout
7.0;0.0;6.0;-0.775160773504345;0.0;4.0;1.0;1.0;1.5515635670896781;;1.0;-1.180790032820006;84787;1.0;-0.15967208282248133;3.0;133.1;80007;;0.0;9.0;-0.8902204445461623;13.0;19.0;6.0;1.0;10.0;1.0;11.666666666666666;-2.4991158395501887;2.8;64338.0;11.0;0.8284525529557684;0.0;0.0;-0.2792342453730181;2.0;10.0;0.29567984468732983;1.3494320505632633;0.0;0.1554288913834488;39.0;0.9177853448957316;10.857142857142858;1.0;;52487;0.006466469974647651;19.0;29.0;-1.0948103882759563;32837;0.5042324298803218;0.0;15.5;Dropout
6.0;0.0;1.0;0.1798111976907926;0.0;;19.0;1.0;-1.492055847487044;113.0;0.0;-0.010802389433337011;84985;1.0;-0.19548519342326906;0.0;121.0;75900;9853.0;0.0;6.0;0.2552635980681399;9.0;;5.0;1.0;7.0;1.0;;-0.3461613600997941;3.7;93405.0;52.0;;1.0;0.0;-0.4223931092077327;0.0;11.0;-0.29576488052991046;0.08679703872625545;0.0;0.8870158774540335;1.0;-0.5147120225832186;11.0;1.0;-1.7;83116;-1.5758939181122005;1.0;21.0;0.12470506883758806;97969;-0.0758850090057223;0.0;12.7;Dropout
;0.0;6.0;-1.1448051847633351;0.0;9.0;37.0;1.0;0.9493738301980233;133.0;1.0;1.0036624887377918;85065;1.0;1.8364237074134229;0.0;100.0;73712;;0.0;6.0;-0.17421868053189116;8.0;37.0;5.0;1.0;9.0;;11.4;-1.0933251585113337;3.7;;35.0;-0.02551562678531521;0.0;0.0;-0.9709392230763997;0.0;;-0.4933749859308093;0.188285751680048;0.0;0.11051111777073161;39.0;-0.7907299144832106;11.666666666666666;1.0;-1.7;60652;-0.3342053550406645;1.0;47.0;-1.5965215234614911;56831;0.7035804460577602;;;Dropout
6.0;1.0;5.0;-0.4264248126156457;0.0;5.0;1.0;2.0;0.11871975553304809;119.6;0.0;0.01996791653601892;16956;1.0;0.2322465927238575;0.0;115.0;81932;9773.0;;6.0;0.7182675355621152;11.0;1.0;5.0;1.0;5.0;;12.0;0.41919691899708905;2.6;86800.0;;0.5177198645830227;;0.0;0.6858973598434033;0.0;11.0;-0.9168305104620249;0.3754902284828666;0.0;1.9765010591526329;17.0;0.37837183809975755;11.0;1.0;0.32;99867;-0.6475396004929517;1.0;22.0;1.8005059834424213;94571;-0.27024207539837525;0.0;7.6;Dropout
5.0;0.0;0.0;-1.2647892526907165;1.0;2.0;3.0;1.0;-1.0183266983729435;140.0;1.0;-0.8302258796410609;57277;1.0;-1.6135898119594245;0.0;140.0;52472;9556.0;0.0;7.0;0.8660769117668827;8.0;3.0;3.0;0.0;2.0;1.0;12.666666666666666;-0.3358669348454299;-0.3;75093.0;3.0;1.359172938665253;;0.0;-0.6862469680194502;0.0;;-0.5568876009630063;1.253087200548664;0.0;0.013206231441296245;7.0;-0.29234167320751325;0.0;1.0;0.79;61315;-0.29797743965861934;3.0;38.0;1.0489212805426362;36316;-0.6939507634141234;0.0;13.9;Dropout
5.0;;0.0;-0.15023782779481346;0.0;90.0;;1.0;1.9520658700471099;150.0;0.0;-1.2475384605973305;55832;1.0;0.4181813615867647;1.0;150.0;40759;9130.0;0.0;;-2.2662126433002143;6.0;1.0;1.0;1.0;90.0;1.0;11.0;-0.22742865029729498;3.7;80653.0;13.0;0.6682059310989432;1.0;;-0.5679481469977529;0.0;;-1.2951280591322758;-0.38189441217612985;0.0;1.349038581357365;39.0;-1.2310283366062782;0.0;1.0;;63099;1.1323269556003437;3.0;34.0;1.8268443208509975;56792;-0.5428908598510445;0.0;;Dropout
7.0;0.0;6.0;-0.8004892588573568;0.0;9.0;;2.0;1.8486977265675786;115.8;0.0;-0.8095945829555786;14285;1.0;0.5456637227439788;0.0;120.0;62550;9853.0;0.0;7.0;1.0321346981632022;12.0;;6.0;1.0;0.0;1.0;12.0;0.8119660957518811;-0.3;86256.0;12.0;0.16245487327892852;0.0;0.0;-0.5382415595385981;0.0;11.0;1.3578583118756624;-1.4031009943776707;0.0;0.9762954174859017;18.0;1.9385255423403462;12.166666666666666;1.0;0.79;54297;-1.0783356130757928;1.0;;1.7214234891089006;74255;-0.200168369064204;0.0;13.9;Enrolled
6.0;1.0;3.0;0.6903750200685745;;;;;-2.0738707448234552;111.5;;0.3923337524143584;82097;1.0;-0.12512802824473812;0.0;133.1;44583;9853.0;0.0;;0.2521969631218891;10.0;12.0;4.0;0.0;0.0;1.0;12.0;0.39725468003374453;2.6;94709.0;92.0;0.5193229379783495;;0.0;-0.9849435158485111;;14.0;1.8371514863220448;-1.594547276124473;0.0;1.5253012422131627;17.0;-0.7914081659625453;10.0;1.0;0.32;45759;0.8697991505599149;1.0;20.0;-0.35190646480159277;73534;0.8435123440601495;0.0;7.6;Dropout
9.0;0.0;6.0;-0.026187070724264534;0.0;2.0;3.0;1.0;0.1767843873458247;150.0;;0.3436022623597101;27366;1.0;-1.2133966744092013;9.0;150.0;72245;9003.0;0.0;14.0;-0.5313559806405643;16.0;2.0;14.0;1.0;2.0;;;-0.11669005993665713;2.8;;8.0;1.9150386855327848;0.0;0.0;-1.751083332544723;3.0;13.0;-1.935862753499927;0.6641952602101026;0.0;1.9721040788051036;44.0;-0.9936327119850145;10.857142857142858;1.0;-4.06;80952;-0.571287690758806;39.0;25.0;-0.8693294626501766;32751;-0.48674069666583025;0.0;15.5;Dropout
6.0;0.0;4.0;-0.22674275178249276;;3.0;1.0;1.0;0.7056625547307366;104.6;1.0;-0.8005071005956687;48239;1.0;1.7580546953134628;0.0;106.0;87924;9085.0;0.0;6.0;-0.503462837378442;10.0;19.0;5.0;0.0;5.0;1.0;14.0;1.6864256759352592;;80998.0;;-0.41681037307902324;0.0;0.0;-0.4629398671591936;0.0;11.0;0.28926363785061077;0.2232069942456298;0.0;-1.7613370019465955;18.0;-0.24213576817937757;14.8;1.0;2.02;67104;-0.44675272872092636;1.0;21.0;-2.6777726821641856;46218;-0.2889687029167053;;;Enrolled
5.0;0.0;0.0;1.7681243689946053;1.0;9.0;37.0;1.0;0.441704808317815;98.6;1.0;-2.210759421982058;15047;1.0;-1.0698839135812572;0.0;120.0;12360;9119.0;0.0;5.0;0.03174740417548497;10.0;37.0;0.0;0.0;4.0;1.0;0.0;0.7381489163330344;0.5;44546.0;29.0;-1.85388690464819;;0.0;0.8733353127122913;0.0;7.0;0.2726919553560268;-0.2563424691069613;0.0;0.26516429551667925;39.0;1.252858569157914;0.0;1.0;1.79;45166;0.4655456559886942;19.0;28.0;-0.4062341248929654;30720;0.5702168440443536;0.0;12.4;Dropout
6.0;;5.0;0.38328817701863704;1.0;5.0;1.0;1.0;1.515529608278433;143.0;0.0;0.4200127636721649;81030;1.0;0.6607722064159335;0.0;133.1;65880;9070.0;0.0;6.0;-0.5037487892325586;9.0;37.0;5.0;1.0;9.0;1.0;11.4;-0.415860853744142;3.7;61906.0;26.0;;1.0;0.0;0.19697980546524393;0.0;8.0;0.2088087895901322;-0.586094461581652;0.0;-0.11186865959828009;1.0;-2.1667350431236163;12.2;1.0;-1.7;82627;-0.2741485001225741;1.0;21.0;1.765652855835952;68557;-0.19879639754518968;0.0;12.7;Dropout
6.0;0.0;0.0;-0.36815408363192886;;9.0;1.0;;1.3076327075146146;140.0;1.0;-0.897707398975251;26185;1.0;0.20005052906393525;0.0;130.0;48129;9003.0;0.0;6.0;-0.9370036347180899;0.0;1.0;0.0;0.0;4.0;1.0;0.0;-0.37125326595212993;;69146.0;15.0;-1.0221235077722362;0.0;0.0;1.5605752701881253;0.0;0.0;-0.5927443212130082;0.1808327050376177;0.0;0.11143306296619102;39.0;1.1698836145754492;0.0;1.0;0.79;19769;-0.892467767981082;;25.0;-0.8278506574972045;47357;1.1167105506453896;0.0;13.9;Dropout
;0.0;0.0;-0.5837353470860831;0.0;4.0;1.0;3.0;0.2651873563171819;130.8;;0.6890624790152835;56486;1.0;0.60081054902977;0.0;142.0;19438;9070.0;0.0;6.0;-0.7077976530963542;0.0;37.0;0.0;0.0;7.0;1.0;0.0;0.7883796935040357;3.7;68381.0;17.0;-0.8812796363733184;1.0;0.0;0.7509563049891836;0.0;0.0;1.0225139587556902;0.209723226734405;0.0;-0.39739994617313396;18.0;-0.911473501456303;0.0;1.0;-1.7;15602;-0.3702773043839008;1.0;19.0;-0.2099209948637558;10669;-0.9195062322350612;0.0;12.7;Dropout
;;6.0;-1.18117260593125;0.0;4.0;1.0;1.0;2.2771036124116364;;1.0;-0.7561096421277498;55757;1.0;1.70685792416733;0.0;120.0;30221;9003.0;0.0;6.0;-1.0401619503196824;7.0;;6.0;1.0;10.0;1.0;15.714285714285714;0.2028456983794867;;27714.0;43.0;-0.8469069815160023;;0.0;0.5239648102740447;0.0;10.0;0.41047730157856044;0.47982980805014097;0.0;-0.5434565838518332;43.0;0.2645252401082543;15.9;1.0;-4.06;67874;-1.7766336717733762;;24.0;-0.5545702490828831;36336;-1.136363756465487;0.0;15.5;Dropout
9.0;0.0;3.0;-0.06588388545478925;1.0;4.0;38.0;1.0;0.936846522707577;140.0;1.0;-0.9879004536698087;18626;1.0;0.5616388721410351;3.0;;84294;33.0;0.0;10.0;1.346568446559882;18.0;;;1.0;4.0;1.0;;-1.1211597103339774;0.3;83879.0;30.0;-0.023599575149028402;0.0;2.0;1.882649022652715;1.0;11.0;1.0341217539638328;-1.1086669304350254;0.0;-1.099587802101255;43.0;-0.6760069617238005;12.0;1.0;-0.92;51227;0.3811845198003289;19.0;35.0;0.37499515360771546;43082;0.30462903401834257;0.0;16.2;Dropout
8.0;0.0;0.0;0.30761354237663563;0.0;3.0;1.0;1.0;-0.35141449517792245;154.3;0.0;0.15317190725958432;86874;1.0;-0.558664227043533;0.0;133.1;42800;9500.0;0.0;7.0;0.055904815270450145;;19.0;0.0;1.0;3.0;4.0;0.0;0.8947128397780704;;74358.0;97.0;0.24741792889379782;0.0;0.0;-0.09714559500321131;0.0;0.0;-0.737511979412805;-1.7643055663760319;0.0;0.09738328025693198;39.0;1.991916854002006;0.0;1.0;1.79;81647;-3.1018500303731154;;32.0;1.2860846842143108;60458;0.4042884622647964;0.0;12.4;Dropout
7.0;1.0;2.0;-1.9143759925009314;0.0;4.0;19.0;1.0;-0.5523475948283516;121.1;0.0;2.357699230026369;10588;1.0;1.105992275127961;0.0;127.0;17866;9500.0;0.0;7.0;2.2528430919500066;11.0;19.0;5.0;1.0;7.0;1.0;;1.2572322001968785;;77423.0;66.0;0.23667172545886705;0.0;0.0;0.06307567350495229;0.0;7.0;-1.38318280465793;-0.9135268787075458;;0.9340154367253002;43.0;0.12462008664235147;13.4;;-0.92;69765;0.8880195830034511;;18.0;-1.5392106175145166;92307;-0.8649594940834129;;16.2;Enrolled
7.0;0.0;0.0;-1.363983526978429;0.0;9.0;37.0;;1.243341502973608;130.0;0.0;0.7490299911165732;68790;1.0;-0.6310994500441196;0.0;;77430;;0.0;7.0;0.37107637035834673;7.0;37.0;0.0;1.0;5.0;1.0;0.0;1.181388868005845;0.3;65483.0;94.0;-0.7302779135251883;0.0;7.0;-0.011464421660137695;0.0;7.0;0.43490552958201956;-1.3511288593291515;7.0;-0.4936953962996522;7.0;-0.708091550341236;;1.0;-0.92;80200;0.6152619511052647;3.0;36.0;-1.3477759816305928;98514;1.3435954013274256;0.0;16.2;Dropout
8.0;0.0;7.0;-0.5161027892668636;0.0;9.0;;1.0;-0.7929542265304419;140.0;1.0;0.1362192992058518;25490;1.0;0.16355801139526788;0.0;143.0;31347;9500.0;;8.0;0.588908254107944;8.0;38.0;;1.0;9.0;1.0;14.285714285714286;1.5427490015144636;3.7;63260.0;50.0;0.9939000677948053;0.0;0.0;1.5437867311835498;0.0;8.0;-0.9629437258182533;-1.4029259345055816;0.0;-0.3285075141587586;1.0;-0.3010913218376905;14.285714285714286;1.0;-1.7;33890;1.601434794162049;;19.0;1.4866200392743552;70749;1.924936809770226;;12.7;Graduate
11.0;0.0;;-1.098180715893553;;2.0;3.0;1.0;-0.40973827945847724;135.0;0.0;0.3588515363809683;64080;0.0;-1.2930836080157901;7.0;133.1;42704;;0.0;10.0;-1.0616052669576297;10.0;;9.0;;3.0;1.0;;2.069198129556991;1.4;;45.0;0.5344558217785341;0.0;0.0;0.0025153164590909433;4.0;11.0;1.054599605833873;1.5697363493845953;0.0;-0.6980727272421018;43.0;0.08963707490168742;10.8;1.0;1.74;32691;2.1820771137221713;1.0;27.0;0.7330668744518097;91398;-0.6278542128407156;0.0;10.8;Dropout
5.0;0.0;0.0;0.04325748602593875;1.0;9.0;;2.0;-0.23957189145484806;120.0;1.0;-1.7511158614855973;30321;;-1.0332812273367524;0.0;133.1;27656;9147.0;0.0;5.0;-0.21820893626891905;5.0;38.0;0.0;0.0;9.0;1.0;0.0;1.7299590353229013;-0.8;63826.0;86.0;1.5813086374574774;;0.0;-0.6482773740771043;0.0;5.0;-2.126621314376833;-2.2670019734591467;0.0;-0.9943505924283238;39.0;0.17767660776220065;0.0;1.0;-3.12;32620;0.9357709596591994;12.0;;-0.2593805613484587;11555;1.4873006727311908;0.0;9.4;Dropout
7.0;0.0;5.0;0.18215204290688525;0.0;4.0;;;0.35565339327615064;108.2;0.0;-1.1223403707525563;77315;1.0;0.05138667043618637;2.0;;76517;;;7.0;0.07269130725085587;9.0;4.0;6.0;1.0;3.0;1.0;13.266666666666666;0.3406617817597219;0.5;35265.0;6.0;0.8467610404467162;1.0;0.0;0.5876755379628518;0.0;10.0;-0.46853989490219317;0.46970470980513906;0.0;-0.2361437378448574;1.0;0.43876248352132075;12.3;1.0;1.79;68231;-0.6274050333718487;1.0;;1.7070827619264102;87425;-2.3821321720007225;0.0;12.4;Dropout
6.0;;0.0;-0.12230736793299765;0.0;9.0;37.0;1.0;-0.19345836296158178;135.5;0.0;-2.510928865047139;60756;0.0;0.3680867085808721;0.0;133.1;92647;8014.0;0.0;6.0;-0.637248639115465;6.0;;0.0;1.0;;;0.0;-0.20842787529097462;0.6;89224.0;32.0;;0.0;0.0;-0.816259811057028;0.0;;-0.6159218476530665;0.9069982145016658;;0.34321648869338045;39.0;-0.0014046076823149307;0.0;1.0;2.02;70687;2.1726223853954214;19.0;58.0;-1.3650288863899045;57041;1.076112266718025;0.0;;Dropout
9.0;;9.0;0.5501743213841611;0.0;9.0;1.0;1.0;-1.3169708964801385;;0.0;1.7298738945766226;67591;1.0;-1.7023906226910304;2.0;140.0;97463;9070.0;0.0;7.0;-0.46480102654614863;7.0;1.0;7.0;1.0;8.0;1.0;13.0;-1.8296016970021376;0.5;14514.0;;1.3054883036324958;1.0;0.0;0.5334715126139251;5.0;9.0;-0.3323766418321626;0.9874646340897538;0.0;1.2573461337704017;44.0;-1.377162416608716;13.22222222222222;1.0;1.79;99871;-1.1939332598444479;1.0;19.0;0.9312134911910329;43534;-0.8577627711284175;0.0;12.4;Graduate
5.0;0.0;5.0;-0.5849122775679194;0.0;9.0;19.0;;1.1620797379907635;135.6;1.0;1.5273860291557484;98838;;0.49728736800066425;0.0;152.0;16739;9130.0;0.0;5.0;0.42014783237918407;5.0;37.0;5.0;1.0;8.0;1.0;15.4;0.010867845440044674;3.7;10892.0;88.0;0.27358608631285514;1.0;0.0;0.4138409341418349;0.0;5.0;0.26109907196320514;0.27723201730867947;0.0;-1.1921031594524918;1.0;-0.3402676709016609;15.6;1.0;-1.7;29524;-1.902703632842048;1.0;18.0;-0.0682381088639992;42929;0.9760726819721396;0.0;;Dropout
6.0;0.0;3.0;-0.045904860460539515;1.0;3.0;3.0;1.0;-0.4043986487851151;130.0;1.0;0.3928185262149098;49908;1.0;-0.8194289765982975;2.0;130.0;93103;9130.0;;6.0;0.4397597982588924;9.0;1.0;4.0;1.0;6.0;1.0;11.0;0.5191360589119515;0.5;75590.0;34.0;0.7979786188805502;1.0;0.0;-0.18940266780649592;1.0;13.0;0.3962357360013959;1.3199096957537233;0.0;-0.030384631308841555;44.0;0.6066583748408585;;1.0;1.79;19410;1.8524639418421776;39.0;20.0;0.6065438360128927;41438;-0.9612759859566656;0.0;12.4;Dropout
5.0;0.0;;-1.003313584835347;0.0;4.0;;1.0;2.019935268799492;138.4;1.0;0.13511510308420474;78301;1.0;1.2796880156711665;0.0;133.1;67132;9130.0;0.0;5.0;-1.3369452755522226;8.0;11.0;3.0;1.0;5.0;1.0;14.0;0.04355290542735449;;74615.0;1.0;0.7204297346973361;0.0;0.0;0.5658115720868266;0.0;5.0;0.6397376023146959;1.7833997309211826;0.0;1.1781366384763714;;-0.6698828063790009;12.8;;;96222;0.6015581832740385;1.0;21.0;-2.3871521121252735;82788;-0.06848753462679526;0.0;7.6;Graduate
6.0;1.0;1.0;0.2846197072925162;0.0;5.0;3.0;;0.3039900072598394;110.0;;-1.5515900024975802;83381;1.0;-0.35196442882450824;0.0;133.1;84494;9130.0;0.0;6.0;0.28374090144324776;;1.0;0.0;1.0;5.0;4.0;0.0;-1.8882209986724166;0.6;60359.0;12.0;-0.12431983327974098;1.0;0.0;-1.4877899303083517;0.0;16.0;0.7549863642896314;-0.30223104909258514;0.0;-1.1788379456268878;39.0;0.6727812796983775;10.0;1.0;;57047;-1.8758175566131423;1.0;30.0;-0.2607033598943493;51298;-0.8101155965418396;0.0;11.1;Dropout
5.0;0.0;0.0;0.07590815548632852;0.0;90.0;37.0;1.0;1.2672074844021592;150.0;1.0;-0.21929996025069107;39208;1.0;-1.1236222695499858;0.0;110.0;16750;9119.0;0.0;5.0;0.5530151824456233;6.0;;0.0;1.0;5.0;;0.0;-0.2866213487470736;2.6;60908.0;55.0;0.10327038043060505;;0.0;0.16296212132498594;;5.0;-0.17152560067176364;0.44747170028134353;0.0;1.2670164494214144;39.0;0.03171813295781028;0.0;;0.32;43005;-1.3553592019449745;1.0;;0.7367967160363715;20335;-0.21388069778208085;0.0;7.6;Dropout
6.0;0.0;0.0;-1.1985349884451837;0.0;;1.0;4.0;0.6308615141807926;123.9;1.0;1.7923918784038924;37916;1.0;0.07580455795925227;0.0;126.0;86768;9085.0;0.0;6.0;-0.5902768401417914;0.0;3.0;0.0;1.0;5.0;1.0;0.0;0.6453320488566818;1.4;13133.0;11.0;-0.1313746320541986;;0.0;-0.46276538466673195;0.0;0.0;2.1087043617064585;1.2757940823546503;;-0.43895384530847914;17.0;-0.2177401567664898;0.0;;1.74;37484;0.5512850311008659;1.0;21.0;-0.06333021839482893;91096;1.8299240289304446;0.0;10.8;Dropout
6.0;1.0;6.0;-0.15505937520475505;0.0;9.0;19.0;1.0;1.3150562714566263;134.5;;0.1314159981957143;73535;1.0;-0.9162350010787254;0.0;131.0;39490;9003.0;0.0;6.0;-0.6919138007082076;;1.0;6.0;1.0;2.0;1.0;;-1.0259150349639117;0.5;85445.0;7.0;-0.8529462882415292;1.0;0.0;2.862263577284521;;;1.3870903339569887;-0.8619592869284723;0.0;0.7113384558342863;17.0;1.1941438925395924;14.333333333333334;1.0;1.79;89518;-0.8699648385306727;1.0;19.0;1.2552977728008514;64365;-0.10793779659340613;0.0;12.4;Graduate
7.0;0.0;6.0;-0.03782187326702969;0.0;;1.0;1.0;0.5703389962644321;131.6;0.0;-0.5646464662118963;93529;1.0;1.2689451414331256;0.0;140.0;45453;;1.0;7.0;0.44146914006430105;9.0;19.0;6.0;;7.0;1.0;14.714285714285714;0.16569124523720097;0.5;86247.0;25.0;;1.0;;;1.0;16.0;-0.3119882156613612;-0.24490790671092247;0.0;-0.21806656258714624;1.0;-1.7381314443842815;13.2;6.0;1.79;81209;-0.7261488959021734;1.0;20.0;1.2218050071407864;45183;2.110301623925836;0.0;12.4;Enrolled
5.0;0.0;4.0;0.28101190322012104;0.0;7.0;37.0;1.0;0.23516883399180646;116.7;1.0;-1.7580706600036133;11349;0.0;0.000530207533099717;0.0;114.0;90631;9991.0;0.0;5.0;-2.5730873547858444;7.0;37.0;4.0;1.0;8.0;;13.333333333333334;0.4316270008792509;0.3;;31.0;-0.6938055527670159;0.0;1.0;-0.5963920497834372;0.0;9.0;-0.13687369214197828;-0.6258215727793017;0.0;0.4587485370350621;43.0;-0.6753208982646495;11.6;1.0;-0.92;25747;1.9664224338200638;1.0;49.0;-0.9585636252205919;74085;-0.3858125610928363;0.0;;Dropout
0.0;0.0;0.0;0.3181185065711509;0.0;;38.0;4.0;1.0932340918565167;117.0;1.0;1.380305727730805;20457;1.0;-0.1516766230932871;0.0;133.1;75841;171.0;0.0;0.0;0.002084470507092254;0.0;;0.0;1.0;9.0;;0.0;1.1179676410257444;1.4;11402.0;33.0;0.199165656466386;1.0;0.0;-1.3783017360530818;;0.0;-0.33304779270025175;0.46097797628754855;0.0;1.6090401256894844;17.0;1.2324287096787758;0.0;1.0;1.74;39225;2.1481941152303663;1.0;21.0;0.8239926513336804;41580;1.491764703806802;0.0;10.8;Dropout
6.0;0.0;5.0;-0.7211859389436774;;4.0;1.0;1.0;2.4859721145920526;122.1;1.0;-0.07008380102765632;25201;;0.5918010189310079;0.0;135.0;56099;9238.0;0.0;6.0;1.6344279046123014;6.0;38.0;4.0;;6.0;1.0;11.5;1.7126053927940235;1.4;57280.0;11.0;1.0855848792237237;0.0;0.0;1.3054061967942658;0.0;6.0;0.3632986138605778;-1.8980992533346577;;-0.12141410779715431;1.0;1.8300491631535343;11.0;1.0;3.51;88321;0.14676240385843167;1.0;19.0;-0.9926626572282403;63590;-1.625692606512803;1.0;8.9;Dropout
6.0;0.0;4.0;0.7636446579327141;1.0;2.0;3.0;1.0;-0.2697969386048753;;1.0;-1.7567338533628292;67390;1.0;-1.004947439200293;0.0;154.0;70030;9130.0;0.0;6.0;-2.5963593138622114;11.0;3.0;5.0;1.0;;1.0;13.625;-0.37782606261066637;0.3;;31.0;0.7959899884483054;1.0;0.0;-0.35003271952377785;0.0;9.0;-0.9719378301428497;1.4366269794641944;0.0;0.9965000652290501;1.0;2.2859924846717004;11.75;1.0;-0.92;76021;-0.15049348775938795;1.0;18.0;0.05401544115475644;10712;-0.28650905537819116;0.0;16.2;Dropout
6.0;;4.0;0.5230556788392572;0.0;4.0;1.0;;0.794926987725014;116.5;1.0;-0.924265682071542;47851;;-1.2891536553285141;0.0;133.1;42012;8014.0;0.0;6.0;0.8228748666721589;6.0;12.0;4.0;1.0;5.0;1.0;12.25;0.1837573817907016;0.5;21487.0;66.0;-0.2796130949882382;0.0;0.0;-0.7913520670754193;0.0;10.0;-0.7895374609239515;0.5337965643506812;0.0;0.2746371407375795;39.0;0.05035553033830387;11.5;1.0;1.79;83359;0.9024551786632987;1.0;;0.6561282493076209;34698;-0.5361099853253575;0.0;12.4;Enrolled
5.0;0.0;1.0;-0.7245795902054749;0.0;9.0;37.0;1.0;-0.005244922510148693;148.5;1.0;-1.2775380173581303;55045;1.0;0.40835157944163697;0.0;146.0;98459;;;;0.5444224477682887;;37.0;4.0;1.0;;1.0;;0.21506917255752092;1.4;20144.0;65.0;;;0.0;;0.0;;-2.1673662454143763;0.5899411715000056;0.0;-0.7860197211232185;1.0;0.45789737961554294;16.0;1.0;1.74;24440;-0.5616066216414509;1.0;18.0;-0.8352829312605818;40793;1.537705600797142;0.0;10.8;Enrolled
5.0;0.0;1.0;-1.1426970450143714;1.0;192.0;1.0;;0.5060590204930345;100.0;1.0;-0.13174352571197195;38534;;-1.099670708008809;0.0;133.1;16283;9147.0;1.0;5.0;-1.4381008292083342;10.0;3.0;1.0;1.0;3.0;1.0;11.0;0.6493748593883674;0.6;69343.0;42.0;-0.17987419129288437;0.0;0.0;0.6497188314056536;0.0;10.0;-0.3986601287731764;-2.3633141511128586;0.0;-0.14558721130503863;;0.817427827235667;10.0;21.0;2.02;62141;-2.230525167376863;1.0;40.0;0.7869261855643823;81386;0.18524878603607414;0.0;11.1;Enrolled
5.0;0.0;3.0;-0.6481516452942438;0.0;3.0;1.0;1.0;0.04215855757653389;143.9;1.0;0.2073389696128186;48318;1.0;-1.1000101537494567;;132.0;61740;9130.0;0.0;5.0;0.5204888576231634;14.0;;2.0;1.0;3.0;1.0;11.0;0.5374030856413456;-0.8;42323.0;84.0;-0.9750064635784517;1.0;0.0;0.633952933209529;0.0;9.0;1.0647591839740027;-1.040139093699366;3.0;-0.2081044238403961;1.0;1.275075272158284;12.666666666666666;1.0;-3.12;16027;-2.761529543291938;;;-0.505355746151903;77903;-2.0880831696474953;0.0;9.4;Enrolled
5.0;0.0;0.0;-1.4716479476306472;0.0;5.0;19.0;1.0;-2.157742885710403;130.0;0.0;-0.5032170642785246;79719;1.0;0.8367560312208876;0.0;130.0;13992;9147.0;0.0;5.0;1.0014198960975973;5.0;1.0;0.0;1.0;5.0;4.0;0.0;1.4250055602997709;0.6;78738.0;76.0;-2.1152696273499054;0.0;0.0;0.01975042305936161;0.0;5.0;-0.15210102014946622;1.4904691702023807;;-1.4118090402313928;7.0;0.31309193467476126;0.0;1.0;2.02;50541;-0.0735983373753819;3.0;35.0;-0.5806975274123481;81422;-1.3101296547235624;0.0;11.1;Dropout
5.0;0.0;5.0;0.20800651207418022;0.0;9.0;19.0;1.0;-0.20018671773817698;152.4;;0.7770465964868817;48674;0.0;0.5250641099839399;;140.0;48678;9991.0;0.0;5.0;-1.176617199194926;5.0;19.0;;1.0;7.0;2.0;12.0;-2.331296730220838;1.4;38288.0;10.0;-1.5451446249747471;0.0;0.0;0.15919013688671996;0.0;6.0;-0.09616194147966557;-0.17740587041788758;0.0;0.45903826676709186;39.0;0.9261489234460668;14.833333333333334;1.0;1.74;19369;0.8818785908660279;3.0;26.0;0.7066509835397154;53086;-1.0126622493794006;0.0;;Graduate
5.0;0.0;0.0;1.1835599230758214;0.0;0.0;34.0;1.0;0.9995550728085342;118.4;0.0;0.07880224047244168;45355;0.0;-1.2538295424529113;0.0;133.1;55755;9991.0;0.0;5.0;-0.7072243387000603;5.0;34.0;0.0;0.0;0.0;;;0.41802107822299267;2.6;66117.0;28.0;1.374741358161484;0.0;0.0;0.23203707568070275;0.0;5.0;0.27815914385551105;-1.7240639127678392;0.0;0.6579712844176642;39.0;0.459773800444522;0.0;1.0;0.32;34155;0.015999954586683462;9.0;39.0;-0.8359729436834187;42483;0.9340502941121688;;7.6;Dropout
6.0;0.0;0.0;1.4215460579259485;0.0;4.0;38.0;1.0;-0.7652066232685705;128.2;0.0;1.06231238527213;13798;1.0;-0.6191360429413364;0.0;133.1;85353;9085.0;0.0;6.0;0.026107110641012236;0.0;38.0;0.0;1.0;7.0;2.0;0.0;0.48741100902423373;3.7;34491.0;42.0;;0.0;0.0;0.33639626562887337;0.0;0.0;-1.0022374327951271;0.22162215787768266;;0.812390825875582;;0.5222239419083764;0.0;;-1.7;33426;0.809960768454651;19.0;31.0;-0.886835469363095;57549;0.8050074836562757;;;Dropout
5.0;0.0;1.0;-1.0893414176762264;0.0;5.0;37.0;1.0;0.9209464430715432;146.5;;-0.3571940780807189;44046;;-0.90373155594632;0.0;140.0;94462;;;;0.9776701464987709;;38.0;;1.0;7.0;1.0;17.333333333333332;-0.23522923252996578;-0.3;59928.0;50.0;0.7539409739313937;0.0;0.0;0.4248851959014823;;11.0;0.025286212644237204;0.6791581038868931;;1.4297898511821234;;-0.9183692369000799;17.0;;0.79;26973;0.909833584673663;1.0;39.0;1.0411560400300823;34000;-0.30039943296111976;0.0;13.9;Dropout
5.0;;5.0;0.7868042603802599;0.0;5.0;19.0;1.0;0.1836091643903449;128.2;0.0;3.0453255920111455;77635;0.0;1.7763192980405802;7.0;110.0;77460;9991.0;0.0;12.0;-0.5411184020449537;12.0;;7.0;0.0;;1.0;11.0;-2.2640097424955847;;72905.0;84.0;-0.058152625250118606;;0.0;1.094452751305546;5.0;5.0;0.8903294954988252;0.5314923801057907;0.0;0.9539254256097871;51.0;-0.32921371937622396;10.6;1.0;;86455;1.3860406677078836;42.0;22.0;0.10855715192493393;57578;-0.5485097936175729;0.0;8.9;Dropout
6.0;0.0;;0.0845008778751851;0.0;193.0;19.0;1.0;-0.19149053085420917;112.6;0.0;-0.5644887234739576;22344;1.0;0.9060104275706085;0.0;122.0;96767;9238.0;;6.0;-0.042090733039248804;0.0;19.0;0.0;1.0;194.0;1.0;0.0;-0.060996110773633795;0.5;40903.0;;-1.3929803726500403;0.0;0.0;0.05641486202585029;0.0;0.0;0.30656316661198124;-0.15040521460614562;0.0;-0.6030265287705908;;-0.5227691980778195;0.0;1.0;1.79;43403;0.18626455075536774;1.0;19.0;-1.4541194953032948;69749;0.7163882408500528;0.0;12.4;Dropout
6.0;0.0;0.0;-2.3959403461000646;0.0;5.0;19.0;1.0;0.9058153852833678;125.6;;-0.9033299917558719;41710;1.0;-0.420844846005274;0.0;128.0;21237;9773.0;0.0;;-0.6648937777702991;6.0;38.0;;1.0;7.0;1.0;0.0;-0.7105607626899747;1.4;89917.0;13.0;;1.0;0.0;-0.8168032658303619;0.0;0.0;0.978164731261709;1.1355635935633808;0.0;-0.3902007329309809;17.0;-1.1888954535785217;0.0;1.0;3.51;23538;0.2758753129723287;1.0;;0.8556413783882106;97233;-1.1295230924319606;;8.9;Dropout
5.0;0.0;;-0.33239714865226727;1.0;9.0;37.0;1.0;0.6810315435642617;108.0;0.0;-1.0263005500957576;35670;1.0;0.5761946893434926;;;57326;9130.0;0.0;5.0;0.02455762854340868;10.0;37.0;2.0;1.0;;1.0;12.0;1.6779554099237237;-0.8;67579.0;20.0;0.6118392476737115;1.0;0.0;-0.14429170310403433;;9.0;1.2641319062686585;-0.7020119858700076;2.0;0.8387579930541158;1.0;-1.6516052242109154;11.0;1.0;-3.12;98949;-0.03679952527581304;1.0;20.0;-0.4066012322434449;43103;0.45766897795035283;0.0;9.4;Dropout
6.0;1.0;6.0;-0.44368306319329603;0.0;9.0;12.0;1.0;0.4205470711980352;119.2;0.0;-0.21094072655430532;52896;1.0;-1.3561861859308293;0.0;123.0;63664;9670.0;0.0;6.0;1.0466782144776707;8.0;1.0;;1.0;9.0;1.0;13.5;0.37529136982787337;0.5;28132.0;92.0;0.8298812724939856;1.0;0.0;0.7537808187349968;0.0;6.0;0.6625897616378073;0.5400890323288279;;0.38970797116976896;;-0.4236274985921485;14.5;;1.79;13005;-0.258402873649202;1.0;;-1.4030133395614652;20193;0.37251799687023296;0.0;12.4;Graduate
5.0;0.0;0.0;1.2108178959747031;0.0;;19.0;2.0;1.015900202780414;136.5;1.0;-1.7195360908657837;83923;1.0;-0.6726461511894929;0.0;110.0;16956;9238.0;0.0;5.0;0.10589683736941043;6.0;1.0;0.0;1.0;5.0;1.0;0.0;-0.79548482749426;-0.3;90954.0;58.0;0.6888110008150006;0.0;0.0;-1.7865279583848457;0.0;5.0;-0.7133670241800586;0.1350176434660388;0.0;-0.017825885357882567;;-0.26388232643625964;0.0;1.0;0.79;23343;-1.572029961137767;;28.0;-2.50731501116164;41081;-0.2745895930667648;0.0;13.9;Dropout
6.0;0.0;0.0;-0.8709545089790566;0.0;2.0;3.0;;0.20309831958858068;172.0;;0.29456284382781067;86282;1.0;0.10486326594188623;0.0;160.0;63307;9085.0;0.0;6.0;-0.3574591945904208;0.0;39.0;0.0;1.0;3.0;1.0;0.0;-2.0526450047951466;;54879.0;18.0;1.2095680676912657;;0.0;-1.7807521953719612;0.0;0.0;-0.34413536362025987;-0.13308634544967549;0.0;-0.8747206949648333;;0.10503707602784203;0.0;1.0;3.51;86810;1.1719840898608513;43.0;;0.9034142970324087;84380;0.3976779650457155;;8.9;Dropout
5.0;0.0;0.0;0.5630643471922648;;2.0;38.0;1.0;-1.644666032989024;126.0;0.0;-1.905303769564807;44537;1.0;0.45223074914591294;0.0;;13825;9238.0;0.0;6.0;-0.03275669676853363;11.0;1.0;1.0;1.0;4.0;;12.0;0.5906176822183752;-0.8;74926.0;29.0;1.9429522642112145;0.0;0.0;;0.0;10.0;1.9314888529666354;-0.3789967448415764;;-0.5307174513571647;1.0;0.5557378408401406;0.0;1.0;-3.12;50608;-0.3837602378230378;1.0;20.0;-0.8599180661115711;50549;0.10209435307468438;0.0;9.4;Enrolled
5.0;0.0;5.0;-0.10708833498699176;1.0;4.0;1.0;1.0;-0.3781208731323194;100.0;0.0;0.16167092405723113;61939;1.0;-0.09745912551344407;0.0;133.1;66845;9670.0;0.0;5.0;-0.8006255588079294;5.0;1.0;5.0;0.0;7.0;1.0;11.2;0.6961491937436464;-0.8;41117.0;45.0;-0.405022351740115;0.0;0.0;1.5201228168513279;0.0;5.0;0.3141685133284979;-0.34359239337499764;0.0;0.5828094107173714;39.0;0.1881222436058222;12.6;1.0;-3.12;43739;-0.44104832538868594;19.0;;-1.2438447712985012;47492;0.4974194947565403;0.0;9.4;Dropout
5.0;0.0;4.0;-1.4458090032859618;0.0;4.0;1.0;1.0;-1.8044024227798658;117.8;1.0;-1.3512517440963532;83585;1.0;0.24801351071422595;0.0;123.0;29930;9147.0;0.0;5.0;-0.9943920707958522;9.0;19.0;5.0;1.0;5.0;1.0;12.0;-0.2157768511535411;1.4;12065.0;94.0;2.8053120481030978;0.0;0.0;;0.0;9.0;0.18095658977239737;0.03225341623343201;0.0;-1.9508473190115763;1.0;-0.2569111775305763;13.0;1.0;3.51;37465;-0.5416179442659952;1.0;20.0;0.6394028303859915;51227;-1.3341023084800938;0.0;8.9;Enrolled
6.0;1.0;0.0;-0.5521853085580387;1.0;9.0;37.0;5.0;0.6573648262086339;122.7;1.0;-0.38129340738009276;86628;;0.07833645995312626;0.0;130.0;94733;9254.0;;6.0;1.2034180293342038;;38.0;0.0;1.0;9.0;1.0;0.0;0.6036754821556082;1.4;;72.0;-2.0199375483674173;1.0;0.0;0.10045927083289502;0.0;6.0;-0.8599593403739552;-0.292720798356383;;-2.339969453915128;17.0;-0.915126315776875;0.0;1.0;3.51;62985;-1.3403878309313835;1.0;20.0;0.8057915963088538;32754;0.6145019805287018;0.0;8.9;Dropout
6.0;0.0;2.0;1.531631460055703;0.0;5.0;19.0;1.0;0.8961998392929678;137.4;0.0;0.6045403991323594;64227;;-0.16357740202231738;0.0;137.0;39378;9238.0;0.0;6.0;1.6377096089940597;10.0;38.0;1.0;1.0;8.0;1.0;12.0;-0.34827052846331474;;55784.0;69.0;-0.7783114455551967;1.0;0.0;-0.39954511291701506;0.0;14.0;-0.09146115561532206;0.7330699118773136;0.0;0.6933773908458376;18.0;0.8770690975012179;11.0;1.0;1.74;42294;-0.08554320604227428;;18.0;-0.7871029985946293;84665;1.0266013295022722;;10.8;Enrolled
6.0;;2.0;-0.17337054870105384;0.0;4.0;19.0;1.0;0.9417022421330418;117.0;0.0;2.3040376838763534;22337;1.0;-0.2961455921908937;;;64182;9238.0;0.0;6.0;-1.791511380311797;13.0;19.0;3.0;1.0;8.0;1.0;12.0;1.0672152751681616;0.3;75147.0;59.0;0.200000253414752;1.0;0.0;-0.26083011224162383;0.0;12.0;0.7163735861527867;-0.5359853162439544;0.0;-0.5334803415648466;43.0;-0.10182221728940127;11.333333333333334;1.0;-0.92;17541;0.5164250019584302;1.0;21.0;0.9126406596059781;70423;0.32095142056444487;0.0;16.2;Dropout
0.0;;0.0;0.9058670594835805;0.0;1.0;1.0;1.0;0.4890946992298039;132.0;0.0;-1.078000520781157;43907;;-0.4262648726777842;0.0;132.0;64834;171.0;0.0;;0.5821294945320687;0.0;;0.0;;4.0;1.0;0.0;0.9926848357705301;3.7;76276.0;61.0;0.5490259226184154;;0.0;;0.0;0.0;0.01484571049646707;1.5682909973398018;;0.4685372841113179;;-0.4337897950069095;0.0;1.0;;96744;-0.7052875133611911;;19.0;2.0548929211131277;95752;0.6012158509915;0.0;12.7;Dropout
5.0;;4.0;0.8510542877251781;0.0;7.0;1.0;1.0;0.9679251293892988;111.3;1.0;-0.1503174494263918;35363;1.0;0.23193750862858806;0.0;120.0;88300;;0.0;5.0;0.8589334714906841;;19.0;;1.0;7.0;1.0;10.8;-1.6389253714029226;2.8;71946.0;21.0;-0.18163565372659077;0.0;0.0;;0.0;;-0.5193782348506476;-0.5806685184947495;;1.5766722628797516;1.0;-0.18645428241326925;11.75;1.0;-4.06;91660;1.0376011067368822;1.0;18.0;1.346663270971097;18832;-0.10991931740976253;;15.5;Enrolled
6.0;0.0;;-0.44826385121823564;1.0;9.0;19.0;3.0;-1.576603338267461;117.0;;-0.7237586747755422;71200;1.0;0.41081558919945615;0.0;117.0;40325;;0.0;6.0;-1.2116851319489936;0.0;19.0;0.0;1.0;;1.0;0.0;-1.395191843941112;0.5;55374.0;96.0;-0.4957659397466456;1.0;0.0;;0.0;0.0;-0.28738616294741903;0.9200807810436091;0.0;-1.0130657975516604;1.0;-0.7327443473547077;;1.0;1.79;25854;-0.3684113576322086;1.0;19.0;1.1910570951969557;74210;0.8913325662630432;0.0;12.4;Dropout
6.0;0.0;4.0;-1.283422476159985;0.0;4.0;3.0;1.0;-0.10756692179428759;130.0;0.0;-0.8698703225607956;30513;1.0;0.19835916731883396;1.0;130.0;42253;9130.0;0.0;6.0;-0.47175514444190453;12.0;1.0;5.0;;;1.0;13.285714285714286;2.0312817230435285;0.3;10548.0;66.0;2.2025854140049628;1.0;0.0;;0.0;10.0;1.1918253180160974;0.9632168660961967;;-1.6695931816366265;44.0;-0.5306739234111065;12.0;1.0;-0.92;55399;-1.5326541814836183;;21.0;0.3141291221325301;17273;0.06524712797985452;0.0;;Dropout
6.0;0.0;5.0;-1.151818329056963;0.0;4.0;3.0;2.0;-1.414915988808215;136.1;1.0;-0.7149733299695444;13091;1.0;-1.1785970500010596;0.0;135.0;71471;9773.0;0.0;6.0;-0.5770462583888749;9.0;1.0;5.0;1.0;4.0;;11.4;0.9321963500270899;1.4;63220.0;4.0;-0.5435225760948096;1.0;0.0;-0.1453755978941602;0.0;13.0;0.6677808126642371;0.16586216533927917;0.0;-0.2763976497172138;1.0;-0.562458313290188;12.4;1.0;3.51;50821;1.3736983757446715;1.0;19.0;-0.44371820552892227;17941;-1.1479412824546105;0.0;8.9;Enrolled
6.0;0.0;3.0;1.4516670425240814;;9.0;;1.0;-0.3583296128058891;120.0;0.0;0.8240664756369391;89769;1.0;-0.9989278511431876;0.0;120.0;15164;9085.0;0.0;6.0;1.900946760415316;14.0;37.0;4.0;1.0;;1.0;11.5;-1.262381005028561;0.3;95480.0;5.0;-1.019373959230437;1.0;;-1.1259551056841715;0.0;14.0;0.5340402268622355;0.07675998023628072;0.0;-0.6848001077437467;44.0;-0.28733741800046864;;1.0;-0.92;18061;0.1984626752624151;39.0;;-0.055886052896756015;86091;0.8202161548832603;0.0;16.2;Dropout
6.0;;4.0;0.15173741191821266;0.0;;1.0;2.0;1.6162517359327573;111.9;1.0;-0.48805586423037967;19944;1.0;0.39888180594806727;0.0;121.0;59842;9070.0;0.0;6.0;1.6524502163826356;9.0;19.0;5.0;1.0;144.0;1.0;12.0;-1.5703800384229065;1.4;;57.0;1.6908256528821999;1.0;0.0;0.7896476747891843;0.0;10.0;0.44088213894866324;-0.7289670157091893;0.0;-0.025359007031369254;17.0;0.6557549568180899;;1.0;3.51;45884;0.8632832123043578;1.0;19.0;0.4407416036627621;40400;-1.6341462475077724;0.0;8.9;Graduate
6.0;0.0;0.0;-1.7338211309795752;0.0;9.0;37.0;;1.0932371823546938;115.1;1.0;2.249312698270855;80339;1.0;1.4716733006708778;0.0;120.0;43769;9254.0;0.0;6.0;-0.9211768129693929;11.0;37.0;3.0;0.0;9.0;1.0;11.0;0.20777206561012146;-0.8;17323.0;33.0;0.8491526911596001;1.0;0.0;-0.41756097311103335;0.0;14.0;-1.1830299592352236;-0.5170714496429423;0.0;0.5380325776638044;1.0;0.4071120685406081;0.0;1.0;-3.12;67042;0.886859654010306;1.0;21.0;-1.2575119586549002;38426;0.2827797442883831;0.0;9.4;Dropout
;0.0;0.0;0.83396052778057;0.0;5.0;1.0;1.0;0.6622854064744218;168.6;1.0;0.415979255894734;95943;1.0;0.15241546155875524;0.0;160.0;98016;9003.0;0.0;6.0;-1.4592481110440385;;38.0;0.0;1.0;6.0;1.0;;-1.1423153918732756;-0.3;88654.0;76.0;1.0947172217477035;0.0;;-0.4218176060668454;0.0;6.0;0.2723490867492664;0.21978359612959653;0.0;0.32669427491009667;39.0;1.546737407280784;0.0;1.0;0.79;19369;-0.9461098091515893;1.0;26.0;-0.7693819076064597;27065;-0.38422285004697937;;13.9;Dropout
7.0;0.0;0.0;-1.7868512676778587;0.0;9.0;1.0;1.0;-0.18162022860064314;;1.0;-1.0100106611740751;85068;1.0;-0.4116684124769942;0.0;133.1;57939;;0.0;7.0;0.772976961765939;11.0;37.0;3.0;1.0;9.0;1.0;11.916666666666666;-0.3167073879248491;0.3;22999.0;88.0;0.19587123757553213;0.0;0.0;0.28265879022990076;0.0;;1.0680074772301238;-0.04513559866774261;;0.04625184075919106;39.0;1.2117290921120087;;1.0;-0.92;42900;-0.5219137707260653;1.0;28.0;-1.4277501429825845;19763;-0.44812574970471186;0.0;16.2;Dropout
5.0;0.0;3.0;-0.8261242435799611;0.0;90.0;19.0;1.0;-0.9935947844455818;116.7;;-0.3667051821450773;53984;1.0;0.22434045544277556;0.0;116.0;79418;9119.0;0.0;5.0;0.5439475201306795;10.0;37.0;1.0;1.0;5.0;;10.0;-0.04727918960075725;;17318.0;85.0;-1.3759866908279061;;3.0;-0.1289082760674993;0.0;8.0;-0.2609215412202451;1.183084175990723;0.0;1.0581587013248606;17.0;1.9564217732345757;13.666666666666666;1.0;0.32;32625;1.0342860752568597;1.0;21.0;0.2351866222914129;69693;0.17198874992620525;0.0;7.6;Dropout
6.0;0.0;5.0;0.08129437257354072;1.0;5.0;38.0;;0.187027683784429;;0.0;-0.8018469900399894;61180;1.0;-1.1368214225134285;0.0;130.0;84998;9773.0;0.0;6.0;1.2439935011926322;;37.0;6.0;0.0;3.0;1.0;14.142857142857142;-0.09043838886471532;-0.3;12377.0;50.0;0.08461971483258673;1.0;0.0;;0.0;6.0;0.9774280623608238;-0.4545897937486551;0.0;0.6706996115097456;;0.5591584796708293;12.0;1.0;0.79;41806;1.8352175152205237;1.0;18.0;0.08305392239553691;57100;-0.7092881908179942;0.0;13.9;Dropout
6.0;0.0;;2.5204190799023265;0.0;7.0;37.0;1.0;1.1106758318223067;95.0;0.0;0.8000686529467138;74610;;1.3089431565364635;0.0;120.0;23176;8014.0;0.0;6.0;-1.059074571846563;;1.0;5.0;1.0;4.0;1.0;11.4;1.1265382817824927;2.8;55949.0;6.0;-1.5136875947111803;;0.0;-0.9334225378006665;0.0;8.0;0.5452267185212277;-0.39406446095013603;0.0;-0.18139940381272954;;0.5431052223735305;11.8;1.0;-4.06;66691;0.0632864986796283;1.0;24.0;-0.6527086654686133;63832;0.5122060141278323;0.0;;Dropout
0.0;0.0;0.0;0.8160010783535337;0.0;1.0;1.0;;0.4098714892592342;114.2;1.0;-1.6387796565652528;29867;1.0;0.1865941445080283;0.0;110.0;66865;171.0;;0.0;0.7235410204822901;0.0;1.0;0.0;1.0;;1.0;;1.8347562391255037;;25906.0;59.0;0.2423070655947365;0.0;0.0;-1.3973865970634738;0.0;0.0;0.8276728425567058;-1.6647306071638892;0.0;0.6352486283047901;44.0;-0.4874157776371357;0.0;1.0;1.79;46739;-0.6271898774516903;39.0;19.0;0.820499205379741;23885;0.056796632622002054;0.0;12.4;Dropout
;0.0;10.0;-0.48238973461665285;1.0;3.0;1.0;1.0;-1.585690789184562;146.5;1.0;-1.3409513804358102;48067;1.0;-0.6694572132105483;6.0;137.0;71182;171.0;0.0;12.0;-0.7317592213050164;;3.0;11.0;1.0;7.0;1.0;12.0;-0.4789178528321589;1.4;66007.0;10.0;0.6534029337804097;;0.0;-0.30978756379860756;4.0;15.0;0.050936486557080954;0.6435278637156595;;-1.5456143361879546;;0.8260148974954985;;;3.51;79114;1.6823361481439734;1.0;19.0;-1.0446003659283085;98419;-0.617293951412198;0.0;8.9;Enrolled
;0.0;7.0;0.028314296010229462;0.0;7.0;19.0;4.0;0.10461089711583525;129.5;0.0;-0.5915461187491414;43929;1.0;-0.16679546609287513;;;49797;9500.0;0.0;8.0;0.6231634970066948;8.0;19.0;7.0;1.0;7.0;1.0;12.324285714285711;-1.1306591638032404;1.4;52018.0;54.0;;;0.0;0.060236172935012884;0.0;8.0;0.8865855612174934;0.5532188219439343;0.0;1.0637485748437843;1.0;-0.6561169300430894;12.324285714285711;1.0;1.74;55730;-0.6266268706299047;1.0;18.0;-0.6898347401772399;10707;1.3381795700463186;0.0;10.8;Graduate
8.0;0.0;0.0;0.919709216602271;0.0;9.0;38.0;1.0;-1.913328192066348;110.0;0.0;0.6829467931383254;34576;1.0;-0.5270362320636157;0.0;110.0;27855;9500.0;0.0;8.0;-0.037119333672903654;8.0;38.0;0.0;0.0;9.0;5.0;0.0;0.3888461549835758;3.7;86681.0;59.0;;0.0;1.0;-1.2407559440975204;0.0;8.0;-1.4646816134206393;0.9770818959932174;1.0;0.02219002179660143;39.0;-1.4704555243815784;0.0;;-1.7;72274;0.3289705244148871;1.0;37.0;0.7805264849125059;50292;0.20478261029949818;0.0;12.7;Dropout
8.0;1.0;6.0;1.4218632908329962;;6.0;37.0;1.0;0.8041838331060075;;0.0;1.2330602748227724;59526;1.0;1.3116699768168338;0.0;139.0;51568;9500.0;0.0;8.0;1.9006180029688753;10.0;38.0;6.0;;6.0;1.0;11.833333333333334;1.6314801144427198;-0.8;;70.0;0.7480896443859137;1.0;;-1.3877535617002592;0.0;10.0;0.0331457201733783;1.033436269602704;0.0;-1.2006794971981296;1.0;1.5263233922477548;11.833333333333334;1.0;-3.12;65738;-0.427782865986394;1.0;19.0;0.9288157801261377;56969;0.6308009334244812;;9.4;Enrolled
6.0;;3.0;-0.2476394967589437;0.0;;38.0;1.0;-0.6930077480667151;;0.0;1.3805421907728432;47815;0.0;-0.20224008944705912;0.0;133.1;14592;8014.0;0.0;;0.44739369550005736;13.0;37.0;4.0;1.0;7.0;4.0;12.5;-0.40321515633964394;0.3;33894.0;83.0;-0.9038455403364709;0.0;;0.18229778233798544;0.0;8.0;0.7130148610775204;0.7889465394517485;0.0;-0.41663839555413007;39.0;-1.2491815946326714;11.666666666666666;1.0;-0.92;83527;0.269072772760275;1.0;45.0;-0.7957262027088433;19491;1.4165887294944217;0.0;16.2;Dropout
6.0;0.0;5.0;-0.21861693366010385;0.0;7.0;;1.0;-1.223121399852933;;0.0;0.5298015199475303;11708;1.0;0.15536574611559287;0.0;126.0;99698;9670.0;0.0;6.0;-0.31399431340248285;9.0;19.0;6.0;1.0;7.0;1.0;13.571428571428571;0.850358892014213;2.8;56584.0;12.0;0.9666314574677333;0.0;0.0;-0.7577805673149619;0.0;10.0;0.29629952624595357;0.831115949968102;0.0;1.0375403928659435;1.0;0.4388517895955985;13.6;1.0;-4.06;23177;-0.9454521139458305;;20.0;0.2320426047432404;62088;1.4001785357943723;;15.5;Enrolled
7.0;0.0;0.0;-0.830048505589191;0.0;9.0;37.0;1.0;0.8179306627322034;100.0;1.0;-0.08288953635802004;18193;1.0;0.5737264566512917;0.0;133.1;17995;9556.0;0.0;7.0;0.13793340736099136;7.0;37.0;;1.0;10.0;1.0;0.0;-0.8371355925341191;2.8;22586.0;1.0;0.6745779360799176;0.0;0.0;-1.4525117170069197;;7.0;1.0956236560040364;0.610068762860433;0.0;-0.767659290649456;39.0;-0.8803313728333623;0.0;1.0;-4.06;99183;-0.37466097799792175;19.0;31.0;-0.7788072407790315;63854;0.5797854538561881;0.0;15.5;Dropout
5.0;0.0;0.0;0.6651586806116184;0.0;2.0;38.0;1.0;0.5593778371839864;124.8;0.0;0.7946258123139927;67567;1.0;-0.7407666037645421;0.0;130.0;22720;9147.0;0.0;5.0;-0.10051845689141516;14.0;38.0;;;9.0;1.0;11.0;0.0212713681001226;-0.3;51240.0;99.0;-0.800257597286557;0.0;0.0;0.9653412923140626;;6.0;-0.15709882519614551;0.7640933160181423;0.0;0.4105979713461898;1.0;1.1266676227918337;;1.0;0.79;77892;-0.6272972369618022;1.0;19.0;-0.1973395335773042;57753;-0.30265820100980434;0.0;13.9;Dropout
0.0;0.0;;1.025971992761923;0.0;4.0;2.0;;0.2323989624142109;145.3;0.0;-1.1445006174317105;59641;1.0;0.19370946613515708;0.0;147.0;22315;171.0;0.0;0.0;-1.1544363373353401;0.0;3.0;0.0;1.0;8.0;1.0;0.0;-1.1619422823001564;0.5;63743.0;87.0;0.5303626435766918;1.0;0.0;-0.6317946729270923;0.0;0.0;-0.547455273005058;-1.8419617121438558;0.0;0.8787769689108276;1.0;1.2629499857706958;0.0;1.0;1.79;27822;0.6622381922875238;1.0;18.0;0.14383739415156346;43024;-1.4297037875372114;0.0;12.4;Enrolled
6.0;0.0;5.0;-1.9386849171297538;;123.0;4.0;;2.191707947151051;143.6;1.0;-1.8446572220162265;86937;1.0;0.2744355693942098;0.0;132.0;28496;9670.0;0.0;6.0;1.9248921543239772;8.0;2.0;5.0;1.0;112.0;1.0;12.8;0.01083206047924686;-0.3;65551.0;20.0;1.0897212100605953;1.0;0.0;1.1498116038653579;0.0;;-1.6390749991623594;-1.0997907117568984;0.0;0.02443805117165586;1.0;0.529177807423186;11.6;1.0;0.79;12442;0.16321445074010568;1.0;20.0;0.5603661988159344;93697;0.20669070047974605;0.0;13.9;Enrolled
5.0;0.0;4.0;-0.3968060138666205;0.0;9.0;;;0.6349998362559559;132.4;0.0;0.436637577686489;16607;1.0;-1.5540788210206211;0.0;131.0;26540;9147.0;0.0;5.0;1.5987197226039267;5.0;;5.0;1.0;7.0;;11.8;-0.11645497871559965;-0.8;52084.0;28.0;0.0786459241816492;1.0;0.0;0.02847079110942715;0.0;;-0.27296650037289805;-1.2631940246292188;0.0;-0.8645931389981188;1.0;1.2463647094761992;11.25;1.0;-3.12;12303;0.880200751152149;1.0;19.0;0.31755901349310944;26018;1.0945843158173858;0.0;9.4;Enrolled
7.0;0.0;0.0;-1.2134460217710636;0.0;3.0;1.0;6.0;-0.6449569299273671;131.7;0.0;-1.00567841714885;39306;1.0;0.25269648877761;0.0;148.0;66274;9500.0;0.0;7.0;-0.17630346404039993;8.0;19.0;5.0;1.0;3.0;1.0;14.0;0.6081228991620768;;19090.0;40.0;-0.8225126288905922;1.0;;0.2947588620553034;0.0;7.0;0.5168749468199618;1.270173010952802;;-0.06390313605294856;17.0;0.0073370758311229805;0.0;1.0;0.79;72924;-0.8257599536026291;1.0;19.0;0.2731623405402428;76972;0.35431481939328524;0.0;;Dropout
8.0;;8.0;0.15090695692601908;0.0;9.0;1.0;2.0;0.5192038674849416;;;-0.06530673216548083;44871;1.0;-0.04576206494313917;0.0;133.1;20048;9556.0;1.0;7.0;0.6998807319481566;;;7.0;1.0;2.0;2.0;12.428571428571429;1.7780616086895233;;33193.0;15.0;0.17775580506590558;;0.0;-0.21149974609685293;0.0;8.0;0.7610085137491102;-0.7829595573922167;0.0;-1.409392490026804;39.0;2.23417468082605;12.3;105.0;1.79;48064;-0.20845098654739871;1.0;28.0;-1.0784983371070054;43388;-3.4445840497678972;0.0;12.4;Enrolled
0.0;0.0;0.0;-1.2379462244525308;0.0;5.0;19.0;5.0;-0.2860773433964429;127.3;1.0;0.1196270158728145;71180;1.0;0.12996629211599667;;122.0;73125;171.0;0.0;0.0;2.0514293416419584;0.0;12.0;0.0;1.0;9.0;1.0;0.0;-0.3888954209093435;;16426.0;41.0;0.5524507468840025;1.0;0.0;-2.655162244545697;0.0;0.0;-1.3991855816560208;-0.6228621813423025;0.0;-0.4886555691111665;17.0;0.7461652334929074;0.0;1.0;1.74;26496;0.6250315478853422;;20.0;0.3882766393074978;44850;0.8700621548264672;0.0;10.8;Dropout
5.0;0.0;0.0;-1.32014105055276;0.0;1.0;;1.0;1.266758821897002;118.9;1.0;0.24811955917829656;49305;1.0;0.03562971349056658;0.0;;46675;9147.0;0.0;5.0;1.236896319384731;11.0;38.0;2.0;1.0;7.0;1.0;10.5;-1.9997291473456924;3.7;94862.0;95.0;-0.83001945061577;0.0;0.0;-1.1367864910537042;0.0;13.0;1.1753251263266327;0.006657266589861463;0.0;-1.107229260647537;43.0;-0.9005515596236933;0.0;1.0;-1.7;38599;0.858700150317221;1.0;;0.5510653511962992;31436;0.9314991547757419;0.0;12.7;Dropout
5.0;0.0;0.0;1.1235192807109482;0.0;6.0;19.0;1.0;0.28097720683042815;149.5;1.0;0.937791538525052;53520;0.0;0.25916987295008204;0.0;133.1;45547;8014.0;0.0;6.0;-0.30739140774721424;6.0;;0.0;;8.0;2.0;0.0;-0.20210388917957658;0.5;62320.0;;-1.0076439388280212;0.0;0.0;-0.12570945971872444;0.0;6.0;-0.9744208211297134;-1.2436794471208619;0.0;-0.046909428100300965;39.0;0.06960670874413896;0.0;1.0;1.79;50213;-1.4457841555753526;19.0;;0.6889345300871325;70715;-0.30122219372631365;0.0;12.4;Dropout
5.0;0.0;0.0;-0.16559413535318643;1.0;4.0;3.0;1.0;0.37992328680044857;169.2;0.0;0.8320751882917314;92841;1.0;1.337343225676158;;133.1;55859;9556.0;;7.0;-0.08795721969845831;7.0;3.0;0.0;0.0;4.0;1.0;0.0;0.2993176234884291;0.5;38579.0;53.0;0.5216223418559669;0.0;0.0;0.36472913729270456;0.0;;-0.1211481412946626;0.38054477934070446;0.0;-1.2693127160895403;39.0;-0.15250202621506806;0.0;6.0;1.79;13715;0.31779600729766155;1.0;54.0;-0.7195201794708872;27748;0.9883616752535224;0.0;12.4;Dropout
5.0;0.0;;-0.05990616210007344;0.0;9.0;10.0;2.0;-1.442368410195294;120.4;1.0;0.19500006716769022;10357;1.0;-1.1795074120851095;0.0;120.0;12891;9119.0;0.0;5.0;-1.7175344472405853;6.0;12.0;3.0;1.0;9.0;1.0;11.0;0.201900088256738;1.4;37172.0;2.0;0.823317951775014;1.0;0.0;-1.7896740223881207;;;-0.5688163816575398;-2.1303902027093113;;0.08341911757486214;17.0;-0.2504240584376609;0.0;1.0;1.74;60539;-0.8132501920044102;;20.0;0.9155856165836077;43547;0.6279654143933764;0.0;10.8;Dropout
6.0;1.0;;0.43168512698500267;0.0;9.0;1.0;1.0;0.06135161950295221;180.0;;-0.4420152804694056;90383;1.0;-0.3421523355004201;3.0;;55016;9119.0;0.0;7.0;0.7747718432115515;12.0;1.0;6.0;1.0;8.0;1.0;14.142857142857142;-0.15742281028525582;0.5;14975.0;29.0;2.14975734774323;;0.0;-0.05360170786046118;;10.0;0.41724988383238715;-1.1774896769240053;0.0;1.1328701170718791;;-1.657139227899207;14.125;1.0;1.79;13263;0.9093009614707125;39.0;20.0;-1.3172348617768252;53527;-0.6855067922820294;;12.4;Enrolled
6.0;0.0;;0.9708189619889586;;4.0;1.0;3.0;-0.05626585426525921;126.6;0.0;0.10776208867632091;35559;;0.6666186289628364;;122.0;56980;9254.0;0.0;5.0;1.242845234072603;5.0;;5.0;0.0;4.0;1.0;10.4;1.4877149407963515;1.4;52562.0;94.0;0.6657266223531276;0.0;0.0;-1.1222640872140315;0.0;13.0;0.09407471754184488;0.19881618802038667;0.0;1.195664870895641;17.0;0.3868645444434601;0.0;1.0;1.74;68263;1.860504985557505;1.0;18.0;-0.4308181540440489;10870;1.2713011162176846;0.0;10.8;Dropout
10.0;;6.0;-0.4185928325751819;0.0;9.0;;1.0;-1.024213455210551;160.0;0.0;-0.5962104166749215;13632;0.0;0.48092586772791107;3.0;160.0;77417;9991.0;0.0;10.0;1.2497061661900428;16.0;37.0;3.0;1.0;9.0;1.0;11.666666666666666;0.1362145398678148;;;42.0;-1.2090817009760504;0.0;0.0;0.23462016508965416;3.0;24.0;0.6779685553698392;-1.2416362327671189;0.0;-1.2454429292746068;43.0;-1.3857529789405525;11.833333333333334;1.0;-3.12;15492;-2.611918145617506;39.0;24.0;-0.2755190822941641;82900;-1.2674769231061138;;9.4;Dropout
7.0;0.0;6.0;-0.39631460366720794;0.0;3.0;3.0;3.0;-0.2215014863888449;132.9;1.0;-0.19642892200617093;57506;1.0;0.45940555334208416;0.0;142.0;22992;9500.0;;7.0;0.7010402681953752;8.0;3.0;5.0;1.0;3.0;1.0;14.2;-0.104796265119467;0.5;;73.0;2.0397835383250227;;;-0.01940078569982506;;9.0;1.8438046145243843;1.2991131036370316;0.0;-0.666097360391682;17.0;-2.5254072805223835;12.4;1.0;1.79;81192;-0.6559481525597863;;18.0;-1.262409062503299;39825;-0.05724467103893545;0.0;;Dropout
5.0;1.0;5.0;-0.3920665271741145;0.0;5.0;38.0;1.0;0.4357524435840783;122.1;0.0;2.6181734235804135;29083;1.0;2.7535772156733374;0.0;;14614;9147.0;0.0;5.0;0.35234661316059274;11.0;37.0;4.0;1.0;6.0;1.0;11.571428571428571;-0.7777061268309715;-0.3;28097.0;;1.0549871479794146;0.0;0.0;0.7435016024295735;;9.0;0.397852473006747;0.04627943863364253;0.0;0.8527652693212926;1.0;-0.34401364112330424;12.0;;0.79;32774;0.2637707455991821;1.0;18.0;-0.29071101150480405;89708;-0.15700231277208526;0.0;13.9;Enrolled
5.0;;4.0;1.0815088953291279;0.0;9.0;38.0;;-0.0043495993440132;148.0;0.0;0.18218970088354047;75241;0.0;0.6141355241167059;0.0;130.0;15044;9991.0;0.0;5.0;-0.9978122506627974;11.0;19.0;4.0;1.0;7.0;4.0;11.25;-1.7467106873411962;-0.3;19019.0;18.0;-2.005271121668449;0.0;0.0;1.0668229301875187;0.0;10.0;-0.5766796386342469;1.1320701325616331;0.0;0.7040436087861844;39.0;-0.7558936533922377;10.833333333333334;1.0;0.79;56457;-0.0038442529863135454;1.0;31.0;0.2214809143448012;68369;-0.8254381521887809;0.0;13.9;Enrolled
5.0;0.0;0.0;-0.0681351295974623;1.0;9.0;37.0;1.0;-1.4120996915840336;153.5;1.0;0.45024501703754843;78347;;1.1309377962550249;0.0;100.0;96305;9991.0;0.0;5.0;0.31970954242284844;9.0;37.0;0.0;0.0;6.0;1.0;0.0;0.3292319363179372;0.5;20506.0;38.0;-1.0302900122685545;0.0;0.0;0.45898989927402895;0.0;6.0;0.4610690275555554;0.35791665085309543;0.0;-0.6152012964148782;39.0;-0.8615370126355533;0.0;1.0;1.79;44725;0.9396509181676689;1.0;31.0;-1.8257721818333357;33428;0.30379386764896504;0.0;;Dropout
6.0;0.0;1.0;-0.2910983119073438;0.0;2.0;;2.0;-0.2732168331969433;124.1;0.0;-0.7054806490303621;46182;1.0;-0.30707205885250843;0.0;123.0;41028;9853.0;0.0;6.0;-0.6316619921671176;7.0;1.0;2.0;1.0;3.0;1.0;14.5;0.24541789986735613;;;;-0.49155842090493773;1.0;0.0;0.8603935889705746;0.0;6.0;1.9451392467373763;-0.011929769942344924;0.0;-0.486469580667538;17.0;-3.103095950365521;10.0;1.0;-4.06;89210;0.07906441878402612;;18.0;-0.3946883837708456;69592;1.3103688995730578;;15.5;Dropout
6.0;0.0;5.0;0.3908964318681999;1.0;9.0;19.0;1.0;-0.46802478903987416;127.5;0.0;1.020073416429868;80245;0.0;-0.9929123738972822;0.0;110.0;31238;;0.0;6.0;0.5251794274872086;;;4.0;0.0;8.0;1.0;12.0;-1.059330534928173;0.3;45521.0;12.0;0.8380981921614563;0.0;0.0;-0.3503424759238385;0.0;7.0;0.6563402638289583;-0.9965621549543237;0.0;0.08226475526789141;;-0.8508428759530484;13.2;1.0;-0.92;81491;-0.5297410031651616;39.0;26.0;-1.7484009322633238;50356;1.247741871861388;0.0;16.2;Dropout
13.0;0.0;9.0;1.8312541997787293;;9.0;37.0;1.0;0.19351352303118283;110.0;0.0;0.7602724226634243;26761;1.0;-0.3143174292336339;10.0;110.0;22208;9238.0;0.0;16.0;-0.7638661928562537;;;13.0;1.0;9.0;1.0;10.692307692307692;-0.044372359551817266;2.8;15293.0;;-2.379454964417904;0.0;0.0;2.8231174112671455;9.0;19.0;0.9456936090599898;0.9291462482991913;1.0;-1.8332925505401105;43.0;-0.17364186517270233;12.307692307692308;1.0;-4.06;95953;-1.020331247209571;1.0;36.0;2.0415387843169444;53785;0.7236642147419157;0.0;15.5;Enrolled
6.0;0.0;;0.07428314426190351;0.0;;37.0;2.0;0.08553256189442238;118.2;0.0;0.7673525546550849;40245;1.0;0.7119601713434042;0.0;122.0;33069;9238.0;;6.0;0.518816028959917;0.0;;0.0;1.0;7.0;1.0;0.0;-0.1438514335271137;0.3;;28.0;-0.11911241608643543;1.0;0.0;-1.218819096494881;0.0;0.0;-1.593576449898219;0.4412546590052925;;0.5253305677653035;;-0.6341539400960937;0.0;1.0;-0.92;74386;-1.1885341731008119;1.0;19.0;0.2124912169339837;85859;-1.6959225068802954;0.0;16.2;Dropout
6.0;0.0;;-0.2694472246786843;0.0;9.0;37.0;1.0;-0.4116130621118469;116.9;0.0;0.21489124675346327;15494;1.0;0.4068278548291754;0.0;126.0;49509;9238.0;0.0;6.0;1.3231234132518113;11.0;19.0;6.0;1.0;8.0;1.0;10.375;-0.6245005244091758;3.7;29705.0;53.0;0.781048855455472;;0.0;-0.5277557779093213;;;0.38687859895737553;2.0846479025555773;0.0;1.0830714105241273;17.0;0.3873436762533315;11.666666666666666;1.0;-1.7;97843;-0.7427498001575039;1.0;21.0;0.12582928383100775;67695;-1.3359523008771192;0.0;12.7;Enrolled
6.0;1.0;2.0;1.9429985179902964;0.0;6.0;;1.0;-0.45066344342335135;110.0;0.0;1.0341900957667707;67754;1.0;0.4032513705988798;0.0;;97297;;0.0;6.0;0.3771516574028828;13.0;37.0;3.0;1.0;6.0;1.0;11.666666666666666;-0.7933107131492337;0.6;60504.0;35.0;;0.0;;0.9013585827468928;;14.0;-0.2680177499256537;0.8284003679211955;0.0;-0.389111715578984;39.0;1.3926606484755626;11.333333333333334;1.0;2.02;30275;-0.5650979860562547;1.0;25.0;0.23207341165914078;98979;0.16616911975876847;;11.1;Enrolled
6.0;0.0;3.0;1.3298016422512406;0.0;9.0;19.0;1.0;0.06722258798449979;111.8;1.0;1.2716851966347333;74321;1.0;-0.21434438679712778;0.0;117.0;78551;9238.0;0.0;6.0;0.3284587403256437;9.0;19.0;4.0;;9.0;;11.5;0.40508167110485566;1.4;29814.0;42.0;0.7467584192883641;1.0;0.0;0.7527213048609925;0.0;12.0;-0.6801248620724167;-0.3974029762855181;0.0;-1.4192190127852016;1.0;0.5163674402551751;11.0;1.0;3.51;38760;0.3837523845411151;1.0;19.0;0.6045206306008323;93522;-0.03423504108354112;0.0;8.9;Dropout
6.0;0.0;4.0;1.1848250064980184;0.0;4.0;;1.0;0.9629767549865628;121.0;1.0;0.2830989193492951;78644;1.0;-0.37380261881297533;0.0;121.0;86629;9773.0;0.0;6.0;0.9130268968292327;15.0;1.0;1.0;1.0;5.0;1.0;13.0;-0.22581170155035063;-0.8;46754.0;61.0;0.8669434518918746;1.0;0.0;0.48738901914234883;0.0;8.0;-0.0223173272589282;0.289421572851065;0.0;1.4126136229994521;43.0;1.0263942941019852;11.25;1.0;-3.12;82857;-0.15672692422573775;1.0;23.0;0.9781548498345284;86493;-0.49807982749831525;0.0;9.4;Enrolled
5.0;0.0;;-0.500686754217494;1.0;3.0;3.0;;0.27864052270818584;120.0;1.0;-0.1146123590003228;42853;1.0;-0.17985724429327782;0.0;133.1;14234;9130.0;0.0;5.0;1.770334653823917;11.0;34.0;0.0;0.0;0.0;1.0;0.0;-0.5909935914277588;-0.8;48636.0;40.0;-0.8466525365482825;0.0;1.0;0.6753186579931079;0.0;6.0;0.10863398129714882;0.4221379773576923;4.0;0.21942921529093604;39.0;1.1091266896484484;;1.0;-3.12;12895;-0.6508940041009349;1.0;29.0;-1.5635539288146632;51917;1.9053231974548321;0.0;9.4;Dropout
6.0;0.0;0.0;-0.5998277840939689;1.0;9.0;19.0;2.0;1.4230693252907138;110.0;0.0;0.8945709901147607;85409;1.0;0.7244754501652129;0.0;;61689;9238.0;0.0;6.0;-0.10728410424373405;0.0;1.0;;0.0;8.0;1.0;0.0;-0.8616720257369026;;63812.0;34.0;-1.1532872683290971;1.0;0.0;-2.0835571546060407;0.0;;-0.624391901991972;1.1629582962344989;0.0;0.7089596206050398;1.0;-1.0188607670667127;0.0;1.0;2.02;26105;-1.0093163028762562;1.0;18.0;1.310177597426757;54462;0.10586015317114122;0.0;11.1;Dropout
5.0;1.0;5.0;-1.8341544533668062;0.0;9.0;1.0;1.0;1.1331909788418906;120.3;1.0;-0.9041253065597437;68238;1.0;0.8407274281704181;;122.0;54989;9147.0;0.0;;0.5210220087162025;8.0;;5.0;1.0;9.0;1.0;;-0.12998506576253574;1.4;14199.0;;-0.8622935558245262;1.0;0.0;1.5892986945378342;0.0;9.0;0.18846376020872843;1.3218699603595085;0.0;-1.3211326119767428;1.0;0.4391146926861949;13.6;1.0;3.51;74420;-0.7026283709296304;1.0;19.0;1.2458252940172545;89396;0.5424127411908184;;8.9;Dropout
5.0;0.0;0.0;0.9649168878542486;0.0;9.0;37.0;1.0;1.496682496209152;130.0;0.0;-0.7179602806153267;61777;1.0;-1.0062416496712276;0.0;130.0;27568;;0.0;5.0;1.5112325790186012;0.0;;;1.0;9.0;1.0;0.0;0.9244835688697693;3.7;99030.0;95.0;-2.6720978842487315;0.0;0.0;-0.20389095886661496;0.0;;-0.17348709779888655;-0.16197529826041573;0.0;-1.3174814631539753;7.0;0.9951573533654661;0.0;1.0;-1.7;45990;-0.5640328138582191;3.0;;-0.06634661085754201;88311;0.9878938809484459;;12.7;Dropout
5.0;0.0;5.0;0.07699715037160444;0.0;2.0;3.0;1.0;1.3686276518030558;128.8;0.0;-0.05330034288490133;29957;;0.7623425594314492;;134.0;54727;9147.0;;5.0;0.6692888563993621;10.0;19.0;5.0;1.0;10.0;1.0;13.375;0.20664007421348365;-0.3;18329.0;78.0;-0.3261898941207002;0.0;;1.2458941822708518;0.0;9.0;0.702438874516117;-1.2155210784742203;0.0;0.41412120764061877;1.0;-0.43596047804847926;14.166666666666666;1.0;0.79;32670;-0.7481257015707895;1.0;18.0;-0.11872869068319965;43351;0.05495844967245965;0.0;;Graduate
;0.0;0.0;-1.8008878770315262;0.0;3.0;1.0;1.0;1.5629495167407226;129.8;1.0;-1.7413570684381454;85751;1.0;-0.6507212307562297;0.0;127.0;62607;9773.0;0.0;6.0;-2.002377281168779;10.0;33.0;0.0;0.0;3.0;1.0;0.0;-0.2371220219746366;1.4;99270.0;51.0;0.2195962557529683;0.0;0.0;;0.0;10.0;0.22757484082057314;-1.8538386190781861;;1.0275649085364025;17.0;-0.7906266500302912;0.0;1.0;;37311;0.6731127837738594;1.0;20.0;-3.102760796624073;73595;2.5910621679123693;0.0;10.8;Dropout
5.0;0.0;4.0;1.2018476020787738;0.0;4.0;;1.0;-1.153142810471234;;1.0;0.8275952735634243;77920;1.0;0.46892165184105333;0.0;127.0;10159;9670.0;0.0;5.0;-0.7156185460664132;8.0;37.0;4.0;1.0;9.0;1.0;12.5;0.3084904245684206;2.6;35657.0;86.0;-1.2193367972931106;0.0;0.0;0.2565685034811911;0.0;6.0;0.3759233588492973;-1.1395494597190248;0.0;-1.1292382472145062;1.0;0.530406459216443;11.0;;0.32;79091;1.3680443838418432;1.0;19.0;-1.2439911622015887;63940;-0.9403723024357035;;7.6;Enrolled
5.0;0.0;2.0;-0.33735095423623346;0.0;9.0;37.0;3.0;0.6474262779104684;118.4;1.0;-0.9629138874658232;88810;1.0;-0.19196574246248815;0.0;;98288;9119.0;0.0;5.0;0.7510421004504363;10.0;37.0;0.0;;7.0;1.0;0.0;1.3643850146676004;2.6;47532.0;63.0;0.9720495825584275;0.0;4.0;;;10.0;0.9793879686866628;-0.5917764457722258;0.0;-0.10180222245234818;17.0;-1.481628871787679;11.5;1.0;0.32;53214;-1.1760626301786028;1.0;18.0;0.5188492762631571;20216;-0.6060715898941221;;7.6;Dropout
5.0;0.0;2.0;-0.21408044070346283;0.0;5.0;19.0;1.0;1.2183205528638965;150.8;1.0;-0.47149102150175687;40994;1.0;1.5657885492389845;0.0;163.0;76441;9119.0;;5.0;-0.40017265563151627;9.0;;4.0;1.0;8.0;1.0;10.5;0.4904140351801323;2.6;16026.0;;0.1025671806553637;1.0;3.0;0.5721201515813034;0.0;;0.5549558598392129;1.504335369490408;0.0;-1.5872228519266356;1.0;-1.088004583066293;10.5;1.0;0.32;10450;1.1192539187620016;1.0;18.0;1.2006174663098916;21102;-0.9428257182825067;0.0;;Enrolled
5.0;0.0;;-1.5129692970010697;0.0;9.0;37.0;1.0;1.3990273218566187;;0.0;-0.2132795956797711;59625;1.0;-0.4180746289811456;0.0;133.1;93302;;0.0;5.0;1.4403546763581532;12.0;1.0;;1.0;10.0;1.0;12.0;0.2602009815728582;0.3;43034.0;81.0;0.2600177481534508;0.0;3.0;;0.0;12.0;-0.0060843926091290286;1.5195054888578603;0.0;-0.701560822961897;1.0;-0.6667563475834333;15.0;;-0.92;56491;0.6932367381288702;1.0;21.0;0.7288369221167973;17572;1.5626582864273035;0.0;16.2;Dropout
6.0;0.0;5.0;0.49219844060642215;0.0;9.0;19.0;6.0;-0.7707188130139526;110.2;1.0;0.039286821570550176;14713;1.0;0.17861184089478324;0.0;;18076;9853.0;0.0;6.0;1.857924013640533;8.0;19.0;5.0;1.0;9.0;1.0;12.2;0.6385295042598844;1.4;90898.0;;-0.4019966628843163;1.0;0.0;0.3660477974991784;;7.0;-2.0869249500164;0.9601600541549278;0.0;-0.2570239320150303;1.0;0.4505142131307084;12.2;;1.74;79945;0.17986862411700924;1.0;20.0;-0.07571506577828939;33055;0.8020858742186469;;;Dropout
6.0;;6.0;0.5017700257768325;0.0;;34.0;3.0;0.657380524931438;135.8;0.0;-0.3436532764230419;63900;1.0;0.6065931575594277;;147.0;15407;9070.0;0.0;6.0;-0.5902451660838568;6.0;37.0;6.0;1.0;7.0;1.0;13.666666666666666;-0.1580137365223362;-0.8;71339.0;92.0;0.7430439480223929;;0.0;-1.0589416882314915;;6.0;0.5137279937950102;1.2303988738119769;0.0;0.4888052393254582;1.0;0.21891252155566446;13.333333333333334;1.0;-3.12;24977;1.5266642441251714;1.0;20.0;1.9258727005684446;94262;-0.5441519127185926;0.0;9.4;Graduate
5.0;0.0;0.0;-0.04798755305599204;0.0;9.0;37.0;1.0;0.07520306495041909;120.0;1.0;-0.06737104723034884;55920;0.0;-0.8739588501228821;0.0;120.0;93884;9991.0;0.0;;-1.0325026704167284;5.0;37.0;0.0;0.0;;1.0;0.0;0.18406782076952255;;66085.0;18.0;1.2905606858558847;1.0;;-0.056969120818611024;;5.0;-0.9119233022570424;-0.7073927356328455;;-2.105775658252976;39.0;1.0323708795521318;0.0;1.0;-3.12;16312;-0.17026822734834823;1.0;25.0;1.0051755563671387;38544;-0.8638763749547805;0.0;9.4;Dropout
8.0;0.0;0.0;-0.4182379338853215;0.0;2.0;3.0;1.0;1.8470602330076118;140.0;1.0;-0.05962763239041407;83695;1.0;-0.07285705542694518;0.0;140.0;93959;9500.0;0.0;7.0;-0.36118234934605215;0.0;19.0;;1.0;6.0;;;-0.48895542387934543;0.5;43090.0;64.0;-0.4075186424710115;;0.0;;0.0;0.0;-0.08623782470029304;-1.5153157720515884;;1.3203985251958321;7.0;-0.9218700543634186;0.0;1.0;1.79;66493;0.4018970740312723;3.0;27.0;-0.3938264187449053;93198;1.3848905006026038;0.0;12.4;Dropout
5.0;;0.0;2.626467638503752;1.0;9.0;37.0;1.0;-1.3872916243944506;132.8;1.0;-0.44703095762712625;75829;0.0;-0.2665848846231373;0.0;133.1;67542;9991.0;;5.0;-0.41891725186811296;9.0;;0.0;0.0;9.0;2.0;;-1.550553321335531;0.5;93335.0;47.0;0.7610317708949567;0.0;0.0;0.49531004170743254;0.0;11.0;0.3710469852597794;-1.0065285463614138;0.0;-0.1705490728576534;39.0;-0.9754729712675083;0.0;;1.79;89140;0.12372381195715741;1.0;45.0;2.1821106519534137;49637;0.3616877153388594;0.0;;Dropout
5.0;;2.0;-1.2033677359653812;0.0;;1.0;3.0;-0.7692895814228655;124.2;0.0;-0.7731944576387653;99140;1.0;-0.5138134834059732;0.0;128.0;28050;;0.0;;1.5360882878783755;8.0;19.0;2.0;0.0;90.0;1.0;11.5;0.34283585238734404;2.6;80044.0;47.0;0.7720274578280699;0.0;0.0;0.9892969954334668;0.0;7.0;1.3330290237912121;-2.0348185675937995;0.0;1.2943874171083836;17.0;0.5239119687496643;10.5;1.0;0.32;16367;0.049351707227258915;1.0;21.0;-1.0961672347066005;51252;1.410417968616338;0.0;7.6;Dropout
5.0;0.0;0.0;-0.7214369921967101;0.0;9.0;37.0;1.0;-1.810633824962345;100.0;0.0;1.0814739243556017;93923;1.0;-0.4397230014832396;0.0;100.0;35903;9254.0;0.0;5.0;-1.0353344182808668;;37.0;0.0;0.0;9.0;2.0;0.0;0.34668008443553644;1.4;32689.0;18.0;;0.0;0.0;0.1504759220086146;0.0;10.0;1.842322801450222;-1.113955251735491;0.0;0.6986973646912629;;-0.7986669041070357;0.0;;1.74;68617;0.45899864779895094;2.0;37.0;-1.4718402205374563;33035;-0.06014935078155653;0.0;10.8;Dropout
13.0;0.0;9.0;0.7082567378433953;0.0;;3.0;1.0;0.14461628703308219;155.0;0.0;-2.104405702266703;25105;1.0;1.1120145981367944;11.0;145.0;81486;171.0;0.0;17.0;0.7424302052748504;19.0;3.0;11.0;1.0;3.0;1.0;12.909090909090908;-0.28771295827025517;0.5;;45.0;1.6770541941065122;;;-1.2761722883885986;;15.0;-0.9212182868714152;-0.5059469763754163;0.0;0.8523003210324692;16.0;-0.603503915494421;13.555555555555555;1.0;1.79;80088;0.046421810860825204;1.0;24.0;-0.42110538712392287;69563;0.5115353224335996;0.0;12.4;Enrolled
6.0;0.0;4.0;-1.0144399366631334;1.0;9.0;1.0;2.0;2.2638402692696515;;0.0;-0.20571515900948276;97376;;-0.5985507347603333;0.0;123.0;93274;9853.0;0.0;6.0;1.3878379403471885;11.0;3.0;5.0;0.0;2.0;1.0;13.2;1.0358210686017664;1.4;45681.0;16.0;-0.7264896727006454;1.0;0.0;0.10757880956676805;0.0;8.0;-1.315862876362464;0.16670368274229586;0.0;2.0202962791687438;18.0;-1.8567648392517488;10.75;1.0;1.74;24553;0.4661175351193264;1.0;;-0.7586401780205851;63035;0.30022765524400286;0.0;10.8;Dropout
6.0;0.0;5.0;-1.0882069165528085;0.0;4.0;38.0;1.0;-0.04434161853329213;115.1;0.0;-0.46889947188421555;12707;;0.5664078826716058;0.0;120.0;70439;9670.0;;6.0;0.8192204299495043;8.0;19.0;3.0;1.0;8.0;1.0;11.666666666666666;-0.7216033208616328;1.4;27953.0;20.0;-0.4215483150369508;0.0;;2.6110762284092623;0.0;11.0;0.32571716918682486;0.13545725098508216;;-0.7816145952474789;1.0;0.29084600141358746;;;1.74;33432;-0.6698200994261782;1.0;19.0;-0.3649316144868989;37430;-0.624111334374069;0.0;;Enrolled
0.0;0.0;;1.1315186464293339;;2.0;;1.0;0.10103332252425415;178.3;0.0;0.4187914867264866;51077;1.0;0.31459500203114427;0.0;188.0;46041;171.0;0.0;0.0;0.4364552710486143;;3.0;0.0;1.0;2.0;1.0;;-1.7713844118646866;2.8;69017.0;49.0;-0.7769593763625023;1.0;0.0;;0.0;0.0;0.24242775403789432;-0.6896366275086989;0.0;0.13544340581940512;1.0;1.5412904718161682;0.0;;;55703;-0.6385798514760365;;18.0;0.7980906964011155;80634;-0.14414415880900922;0.0;15.5;Dropout
5.0;0.0;0.0;0.6051917249408904;1.0;0.0;6.0;1.0;0.5502387706232047;119.1;0.0;-1.4542927965190087;93944;1.0;-1.3969801157751758;0.0;;83959;9130.0;0.0;5.0;-0.1622111877132452;10.0;6.0;1.0;1.0;4.0;;13.0;-0.6971158458551965;1.4;47334.0;6.0;0.7250216447410412;1.0;8.0;-2.974399562757699;0.0;14.0;-1.2018758779241003;0.5689479384174226;4.0;-0.990708176361029;1.0;-1.02928891630038;0.0;;1.74;64971;-0.6743588664326582;1.0;29.0;-0.033979571604678495;73125;-1.1843033442983446;0.0;10.8;Dropout
7.0;0.0;7.0;0.4841379770942782;0.0;6.0;37.0;1.0;-0.11629048500729083;;0.0;-0.49978534124360413;65067;0.0;0.5191694384264413;2.0;150.0;33423;9991.0;0.0;6.0;1.8489766318616163;8.0;37.0;6.0;1.0;;1.0;12.0;-1.5409393025519862;-0.8;18806.0;44.0;-0.2724862647495277;;0.0;0.0633431536948447;2.0;8.0;-0.01660300193008339;-0.6704396844045182;0.0;-0.10220927449396547;44.0;1.0217036117201135;13.428571428571429;1.0;-3.12;55467;-0.3647975511598388;39.0;31.0;-0.008296767619785253;74004;0.4941068237272433;0.0;9.4;Enrolled
3.0;0.0;1.0;0.18182484903756774;0.0;2.0;3.0;1.0;0.36602601914408034;120.0;0.0;-0.10235973398975594;99271;1.0;-1.4135132097576943;0.0;133.1;21629;9070.0;0.0;3.0;-0.24525565837136334;3.0;5.0;2.0;1.0;2.0;1.0;16.0;0.3380363554906751;2.6;87728.0;91.0;-0.6957491389468524;1.0;0.0;0.9321195252553444;0.0;3.0;0.5975409457467562;0.010044700640571811;0.0;0.7200946458000866;7.0;-0.059398580989951294;16.0;1.0;0.32;26533;1.0132845537675756;3.0;32.0;0.058814816208904316;50156;0.7612487463468598;0.0;7.6;Dropout
5.0;1.0;5.0;-0.692153396386862;1.0;0.0;;3.0;0.392211669327814;159.1;0.0;1.0700736103704593;60149;1.0;0.6280918281651601;0.0;143.0;44604;9085.0;0.0;5.0;0.948284317472521;5.0;37.0;5.0;1.0;90.0;1.0;14.4;-0.7520778697056207;2.6;64556.0;82.0;1.663147626744539;0.0;0.0;-0.1823270125679794;0.0;5.0;-1.230151722178926;-1.10998224211312;0.0;1.1273362877247886;5.0;-1.765414638410031;14.0;1.0;0.32;89112;-0.4622048142238367;1.0;18.0;-2.3123254929747867;68257;0.9901612001053197;0.0;7.6;Dropout
6.0;0.0;4.0;-0.25267110378547325;0.0;2.0;3.0;1.0;-0.8455566520935268;123.9;0.0;0.33218496679542386;71340;1.0;-0.5071916431308481;0.0;126.0;52075;9085.0;0.0;6.0;-0.15873520106004688;13.0;1.0;4.0;1.0;8.0;1.0;11.8;0.9846891924957778;0.5;59801.0;68.0;1.809505814060753;1.0;0.0;-0.4600909201438836;0.0;18.0;-0.9945853921309115;1.0886673120443824;0.0;-0.38225962591317914;;-0.8947268556281281;;1.0;1.79;47882;0.6524608705524366;1.0;;-1.5152605079180672;41363;0.6665448931710057;0.0;12.4;Enrolled
6.0;0.0;0.0;-0.0790748152628356;0.0;;37.0;1.0;-0.09404671154966834;113.0;1.0;-1.1834882108688618;58018;1.0;0.008367253256452208;0.0;130.0;65042;9003.0;0.0;6.0;-1.841703083068959;17.0;37.0;1.0;0.0;7.0;1.0;13.0;0.9637988025594604;2.8;99956.0;15.0;-0.32869290626158026;1.0;;-0.26696421508348833;;8.0;-0.6441599353622527;0.02083462543585792;0.0;-1.2047863626172994;39.0;-0.9564673328037719;0.0;1.0;;57909;0.265446262965217;1.0;35.0;-0.3853112654294217;99942;-0.1282101365030248;0.0;15.5;Dropout
0.0;;;0.8462163531553897;0.0;;3.0;4.0;0.7419329264902462;155.6;1.0;-0.4874767187206597;93441;1.0;-1.2942799496263389;0.0;172.0;71942;171.0;0.0;0.0;-0.2696427108231888;0.0;1.0;0.0;1.0;10.0;1.0;;-0.92497409323813;-0.8;73891.0;85.0;-1.3674080700396074;1.0;0.0;0.5521894854346522;0.0;0.0;-0.21226024900341672;0.6788250159673933;;0.07330601752955435;17.0;-0.3165277851406263;;1.0;-3.12;58216;-0.44142163320019706;1.0;19.0;-0.8429288013477375;49653;1.551970645076985;0.0;9.4;Dropout
6.0;0.0;;0.4258573655865509;0.0;2.0;3.0;1.0;0.9285761165630954;105.3;1.0;0.886051352660691;20308;1.0;0.12238232360481602;0.0;130.0;75123;9003.0;0.0;6.0;-0.15628382964222606;8.0;2.0;0.0;;6.0;1.0;0.0;-0.8081068632553141;0.3;98124.0;68.0;1.8635174503489524;0.0;0.0;-1.1484699743750089;0.0;10.0;0.6939715057754653;-1.2161933871197623;0.0;-0.852167963258619;42.0;0.41951428844670424;0.0;1.0;-0.92;59542;1.3091825362210296;1.0;36.0;-0.23178748714611774;34669;0.8923084877295449;0.0;16.2;Dropout
6.0;0.0;6.0;-0.9278434655416381;0.0;7.0;;1.0;1.298501656194275;143.0;0.0;-1.2007748659230675;45045;1.0;0.9269504179706196;3.0;140.0;28408;9238.0;0.0;;-0.14339514957622035;6.0;37.0;6.0;1.0;7.0;1.0;13.333333333333334;0.5344396526836521;-0.3;73885.0;63.0;0.470730537746453;0.0;0.0;1.1886886516093707;;6.0;-0.3264806735752573;0.17442417121508366;0.0;-0.5778804099301046;44.0;1.8489228372414315;;1.0;0.79;36097;0.7361111784853063;39.0;19.0;1.4041283796080901;50999;1.388546301657105;0.0;13.9;Graduate
7.0;0.0;6.0;0.7895422277588717;;3.0;2.0;1.0;0.33543606678279403;120.0;1.0;-0.07864426837237082;70377;1.0;-0.8069654280226208;;136.0;69563;9500.0;0.0;7.0;-0.6603100820157913;8.0;2.0;6.0;1.0;3.0;1.0;11.833333333333334;0.9798397814479904;2.6;25236.0;17.0;0.4207223756129236;1.0;;-0.05599299169806913;0.0;8.0;0.0553168260245045;0.5723337246888593;0.0;0.6717327003176705;1.0;-1.4311457949184863;11.833333333333334;1.0;0.32;38709;0.0017820893085115997;1.0;;-0.07444949739319742;94723;1.4512867044703506;0.0;7.6;Enrolled
8.0;;3.0;-1.6785060499351645;0.0;;3.0;1.0;0.35578571124444075;133.9;1.0;-0.009120452526275582;54386;0.0;-0.607167086144011;8.0;136.0;14046;9991.0;0.0;;0.6257703518803093;12.0;4.0;8.0;;2.0;1.0;11.25;-2.012620611623128;2.6;53393.0;46.0;0.10500100959557308;0.0;0.0;-0.9350242741115493;3.0;8.0;2.2461778302399584;-2.043867312168692;0.0;0.48562965223487625;43.0;-0.4847773969199881;11.333333333333334;1.0;0.32;22494;-0.08113858934781705;1.0;26.0;-1.3221682177229857;94847;-0.12559965530689088;0.0;7.6;Dropout
6.0;1.0;3.0;-0.32042184893432685;0.0;9.0;37.0;4.0;0.7501848652146249;107.5;1.0;-0.3857830599207645;96873;1.0;0.45462102356748946;0.0;111.0;92910;9119.0;0.0;5.0;0.7370894823430476;9.0;37.0;3.0;1.0;;1.0;12.333333333333334;0.28167087002955826;0.6;55823.0;58.0;-0.8003177287009094;1.0;0.0;1.1243501613986955;0.0;14.0;-0.9563102826787476;1.1680970016033507;0.0;0.834202324830207;1.0;-0.8959808529107114;12.5;1.0;2.02;75564;0.0937265606540813;1.0;22.0;-0.7930997872646736;42007;0.387879456893237;0.0;11.1;Dropout
7.0;0.0;0.0;-1.1420483770836505;0.0;2.0;3.0;1.0;-0.594770213571308;;0.0;2.695751782798915;62402;;0.47961832364693924;0.0;130.0;49779;9500.0;;7.0;-0.3058189095149944;7.0;19.0;3.0;1.0;3.0;4.0;13.833333333333334;-2.1975905928432646;;36593.0;47.0;-0.4132854559386964;0.0;0.0;-1.5451309051116413;0.0;7.0;-0.6529933973012879;-1.2494245841112377;1.0;-0.33721866722792126;7.0;-1.2679794614892974;0.0;1.0;-0.92;38228;-1.5295376439877166;3.0;43.0;1.7105759089922536;89647;0.7745651834974777;0.0;;Dropout
;0.0;0.0;-0.8571034444707225;0.0;4.0;38.0;3.0;-0.6357790519891622;;0.0;-0.41273145944754897;21412;1.0;-2.4341792984085067;0.0;125.0;96054;171.0;0.0;0.0;-0.3142155182991387;0.0;37.0;0.0;1.0;9.0;;;-0.5485161098987617;;37835.0;;0.6777200424378053;1.0;0.0;-0.5552100970015839;0.0;0.0;0.6780888742909135;0.21090021545683055;0.0;1.0089737425179777;1.0;0.0954476866095655;0.0;1.0;0.32;14526;-0.8249611803149862;1.0;;1.5324939714590151;37512;-1.149141787534425;0.0;7.6;Enrolled
7.0;0.0;1.0;1.9265862780395655;0.0;;;;-0.12479785765439863;118.0;0.0;0.4497651593677976;65211;1.0;2.0154063637827733;0.0;133.1;88102;;0.0;;-1.050688262620888;14.0;37.0;6.0;1.0;8.0;5.0;;1.0936568078962312;0.5;63669.0;57.0;-0.44756036053416426;;0.0;-0.5716750652851643;;10.0;0.9880431911327604;1.7877029180799462;0.0;0.01434874146602494;39.0;0.0014799911868473672;10.0;1.0;1.79;14191;0.4625155036887168;19.0;27.0;0.5958774356488822;27498;-1.1269731723787997;0.0;12.4;Dropout
0.0;0.0;0.0;-1.4706741464213928;0.0;2.0;3.0;1.0;-1.2750176995541036;;1.0;-0.7663011202192842;38066;1.0;0.5285534835483313;0.0;159.0;27735;171.0;0.0;0.0;0.25436233453691187;0.0;3.0;0.0;1.0;2.0;1.0;;3.0097701334193614;-0.8;47048.0;90.0;0.4329835282515518;1.0;0.0;2.143941938236131;0.0;0.0;0.41480087364599477;0.9549030123356813;0.0;-0.2841554340299909;1.0;-1.8138023470828688;0.0;1.0;-3.12;97114;-1.5829253068032094;1.0;18.0;-1.56248307069533;29949;-1.299311645995077;0.0;9.4;Dropout
;0.0;3.0;-0.8191940559929812;0.0;6.0;37.0;1.0;0.40690077169990907;108.3;1.0;0.5277479919994043;52284;0.0;0.6969186624529615;0.0;100.0;20036;8014.0;0.0;6.0;1.377919395197816;8.0;37.0;5.0;1.0;6.0;;;-0.23882383414896743;2.6;20175.0;;0.013365577156829674;0.0;1.0;-0.6850207686394431;1.0;12.0;1.8089675687653344;-1.4899379195042595;0.0;-1.098802588077287;;0.018150527945465157;11.0;1.0;0.32;48507;-0.747624545612635;1.0;39.0;0.30680493510414963;35061;-0.10810008851988984;;7.6;Enrolled
;1.0;6.0;0.5104017713182099;0.0;;19.0;1.0;1.0490820361682638;135.8;0.0;0.8707875968519352;16934;1.0;-0.14354044666201693;0.0;140.0;92127;9773.0;0.0;6.0;1.3786171322498553;6.0;;6.0;1.0;6.0;1.0;13.0;-1.2471158783700453;1.4;62314.0;8.0;-1.056886981001492;1.0;0.0;-2.154965220500105;0.0;;0.31745593487198925;-0.17803510258060412;0.0;-2.089935277855182;1.0;-1.205395992911139;13.0;1.0;;64561;-0.39254430811883756;1.0;19.0;0.38369709915070194;36347;-0.33331705921159793;0.0;10.8;Graduate
6.0;0.0;0.0;-0.4700027599054521;0.0;5.0;1.0;1.0;-0.7100436448383542;111.9;1.0;-0.587964036746098;88229;1.0;-1.8553535085522448;0.0;121.0;54225;9254.0;0.0;6.0;-0.5991491217316725;14.0;1.0;2.0;0.0;4.0;1.0;10.5;-0.5134921744150664;;63762.0;41.0;1.6211306428061516;1.0;0.0;-0.5818151152791414;0.0;16.0;-1.9761036835098071;1.233429756732715;0.0;-1.563927717861229;1.0;0.011827719134975713;0.0;1.0;1.74;58061;2.903654641460433;1.0;20.0;0.02554020839024015;36943;-1.4356706282952385;0.0;10.8;Dropout
;0.0;5.0;0.15555773076797524;0.0;1.0;1.0;4.0;0.435149189885271;127.5;1.0;-0.054701815218532915;46250;;0.67472206125024;0.0;138.0;19601;;0.0;5.0;1.9911917670270995;6.0;3.0;5.0;1.0;4.0;1.0;14.6;0.06606968804030436;;83507.0;86.0;0.5940329275619539;1.0;0.0;0.4555503474047782;0.0;5.0;0.09699568744735897;-0.8167750158266772;0.0;0.21546224402331884;17.0;1.2694964932060901;15.2;1.0;3.51;86109;0.6737372492316451;1.0;19.0;-0.5700110556093595;44498;0.1493582276986776;;;Dropout
6.0;0.0;;1.4295496326852777;0.0;6.0;2.0;1.0;-0.6291310509419934;;1.0;-0.8952797698908733;82559;1.0;-0.5651880282308862;2.0;130.0;64804;9085.0;0.0;6.0;-0.3621714008905693;;2.0;;0.0;6.0;1.0;13.2;-0.6702412395388759;0.5;19246.0;98.0;0.3306476758996663;;;0.7840845465836042;1.0;21.0;-0.5709836240975095;-0.35987974211178314;0.0;-0.9075199115558696;44.0;0.463067961075939;12.0;1.0;1.79;89911;1.097341825582322;39.0;20.0;-0.3626310438697443;11041;-0.09561891671659228;0.0;12.4;Enrolled
6.0;0.0;0.0;0.6546278576634222;0.0;2.0;3.0;1.0;-1.016575501994926;150.0;1.0;-1.1444038120498916;53350;1.0;0.5439316941833399;0.0;150.0;96119;;0.0;;-1.015939698469693;6.0;19.0;0.0;1.0;6.0;1.0;0.0;-0.9248236759798047;2.8;51153.0;;0.5550212208093948;0.0;0.0;2.276539693442772;0.0;;1.3838117488556092;-0.38788238637446554;0.0;-1.6452634270266013;44.0;0.17751709440708988;0.0;1.0;-4.06;80295;-0.8051472209367425;39.0;20.0;-0.6397149071870721;43964;1.182240170076993;0.0;15.5;Dropout
6.0;;0.0;-0.4686823500573077;0.0;2.0;1.0;2.0;2.0555610437596665;127.0;1.0;1.0367954325002064;95358;1.0;-0.21880107026272877;0.0;120.0;64101;;0.0;6.0;-1.361846310617986;6.0;1.0;0.0;0.0;5.0;1.0;0.0;-0.42685000647234383;1.4;91160.0;33.0;-1.7928917086883331;1.0;0.0;1.406897570985881;0.0;;0.964624064215027;0.5700389257224535;0.0;-0.41937534625298833;;-0.5287657574033869;0.0;1.0;3.51;98380;0.362055927540961;1.0;18.0;-1.1450739583590241;57738;2.012979079132458;0.0;8.9;Dropout
5.0;0.0;;-0.13371947940079018;1.0;;;1.0;-1.0022331360172423;120.0;1.0;-0.5540009458836479;42221;1.0;0.2380393791163774;0.0;133.1;33340;;0.0;5.0;-1.0762677731843522;13.0;1.0;4.0;0.0;;1.0;13.5;0.39557726622524236;-0.8;33831.0;9.0;-0.49317960205361616;0.0;1.0;0.18792259391515215;0.0;12.0;-1.5896907764606103;-1.5369914283307409;1.0;0.27978003664746615;39.0;0.06686765084477449;11.666666666666666;1.0;;29633;-1.7601745085050793;1.0;31.0;1.3659878354682442;46061;0.45645034041423266;0.0;9.4;Dropout
6.0;0.0;0.0;0.5306060097858019;0.0;0.0;34.0;;-1.279319318087845;115.0;0.0;-2.41361232850807;19576;1.0;-0.7749963814092447;0.0;;40336;9853.0;0.0;6.0;0.3337498164556771;10.0;34.0;2.0;1.0;;1.0;10.5;-0.1694089390563463;;76947.0;65.0;-1.527300540426841;0.0;0.0;-0.8914154675747775;0.0;13.0;1.3503180635875418;0.626110217557537;0.0;0.41506943454858675;17.0;0.5632542222474821;0.0;;0.32;50441;-0.33061468593115223;;18.0;0.8823137950296952;53441;-0.6966305213662353;;7.6;Dropout
6.0;0.0;0.0;0.6349897661603746;0.0;2.0;2.0;1.0;0.21471539705531278;157.7;1.0;1.7653561564936229;52891;1.0;0.8643889426789316;0.0;178.0;33920;9254.0;0.0;6.0;-0.25746412476765307;13.0;;2.0;1.0;3.0;1.0;;-0.8816028000930327;2.8;40927.0;10.0;0.12468621979131778;0.0;0.0;1.6240274313473586;0.0;6.0;0.9393677687987464;-0.6227991789061939;0.0;-0.028870171466186794;1.0;0.4641663428084097;0.0;;-4.06;36016;0.5053659279210636;1.0;34.0;-0.28492944258331016;30258;0.6467243773470688;0.0;15.5;Dropout
7.0;0.0;4.0;0.020752739860514666;0.0;9.0;37.0;1.0;0.2685214784607662;120.0;0.0;-0.8020953230626062;13084;1.0;-1.1883790394576719;1.0;100.0;58449;9556.0;0.0;7.0;-0.63200787293126;16.0;37.0;6.0;1.0;9.0;2.0;12.514285714285716;-0.6700624996857939;;26308.0;3.0;;0.0;0.0;-0.36856355032623145;0.0;15.0;-0.32446212910082745;-0.011337004714896822;0.0;-0.06086122092592871;39.0;-0.0992187638135439;;1.0;-1.7;84960;-1.4175778779272814;1.0;47.0;0.3521783083677695;21214;0.009302923320473023;0.0;12.7;Dropout
9.0;0.0;7.0;0.36060900005740876;;9.0;19.0;1.0;0.6672321411899407;;1.0;-0.24637304374803073;82266;1.0;2.24556942533919;2.0;120.0;47938;;0.0;7.0;-0.847395060319414;8.0;1.0;5.0;1.0;3.0;1.0;12.2;-0.4138585496704325;0.3;73987.0;60.0;;1.0;;-0.6581572362146048;5.0;;-0.07844189436572595;-0.2248712870908689;;-0.538409526496282;44.0;0.21737632393891565;12.142857142857142;1.0;-0.92;35020;0.3931369398820419;39.0;23.0;0.389700890390535;91019;-0.24012525378149832;0.0;16.2;Dropout
;0.0;0.0;0.36158244037961457;0.0;5.0;38.0;3.0;2.001228053509907;116.8;;1.6409065054943148;92698;1.0;2.237948634987012;0.0;128.0;40860;9853.0;0.0;;-1.0861174567540721;10.0;37.0;4.0;0.0;9.0;;;-0.9994263975842171;1.4;80618.0;59.0;1.1785891533359611;1.0;0.0;-0.4170738021540699;0.0;12.0;1.3921770411365206;0.5997668408069873;0.0;0.6339057708388454;18.0;-1.31656182004208;0.0;1.0;1.74;81488;0.4760714340557563;;19.0;2.342883558076062;99120;-0.8616011211798119;0.0;10.8;Dropout
6.0;0.0;0.0;-0.09222655400513156;0.0;2.0;3.0;2.0;-0.7771298151946303;116.5;0.0;-0.14174209418763992;29252;1.0;1.6326995854665105;0.0;127.0;26356;9130.0;0.0;6.0;-0.8898688046263595;0.0;1.0;0.0;1.0;1.0;1.0;0.0;-0.7071449963877648;2.8;92342.0;96.0;-1.4973522142023494;0.0;0.0;-1.2522882388968095;0.0;0.0;-1.9715119157749532;-0.02104015415869843;0.0;-0.17681457843050152;17.0;-0.7343367747777377;0.0;1.0;-4.06;30296;-0.602503233985836;1.0;19.0;0.8725686809157047;46692;-0.464220039222007;0.0;15.5;Dropout
6.0;1.0;0.0;-0.6052376063964122;0.0;5.0;19.0;;-0.5784368379739004;139.0;0.0;-0.1633366022018634;14759;;1.2754789857745101;0.0;160.0;12609;;0.0;6.0;1.0153936718531409;8.0;38.0;5.0;1.0;7.0;1.0;12.2;0.6436360006037405;-0.8;75326.0;45.0;-0.7992509723702166;1.0;0.0;-0.4650200911709756;0.0;13.0;0.4453980050396956;1.440434442289613;0.0;-0.07633231269543252;17.0;0.7075597525459859;0.0;1.0;-3.12;72367;-0.8348047785078178;1.0;18.0;0.8347696187281046;78514;-0.1777910112738275;0.0;9.4;Dropout
;;2.0;0.7425955980216679;0.0;9.0;1.0;1.0;1.608805497306857;123.7;1.0;-1.2281730445505332;78216;1.0;-0.08454835823364099;0.0;131.0;84493;9119.0;0.0;5.0;1.803336515473208;7.0;3.0;4.0;1.0;10.0;1.0;12.0;-0.23032096122549042;1.4;37597.0;55.0;0.4143479994793322;1.0;0.0;-0.23310832997841546;0.0;8.0;1.093409635125033;0.9894290622144151;0.0;1.0378452558162299;17.0;0.8420329513742077;;;1.74;11431;-0.715241788098103;1.0;20.0;0.03798101306933453;22647;0.8040963921654486;0.0;10.8;Enrolled
6.0;0.0;2.0;0.2917954615803091;0.0;;1.0;1.0;0.9391237655057844;112.9;0.0;-1.6348336996275665;72003;;1.1665467057472083;0.0;133.1;82285;9670.0;0.0;6.0;1.865160269819391;12.0;1.0;2.0;1.0;4.0;1.0;11.666666666666666;-1.7534869590840183;0.3;75559.0;63.0;0.26393665724848114;0.0;6.0;0.7306566058121181;0.0;20.0;-0.08871303071203462;-0.7953226974445985;0.0;0.7919000957144205;39.0;0.093598590839362;10.5;1.0;-0.92;80980;-0.3469489526904856;1.0;24.0;-0.4344239584101757;26477;0.5110255804078663;0.0;16.2;Dropout
5.0;0.0;0.0;-2.080979715777251;1.0;90.0;19.0;1.0;0.8000813377617322;120.0;;-0.1663862645961283;81395;1.0;-0.09617649827612768;0.0;;21226;9119.0;0.0;4.0;0.6870869281943682;4.0;19.0;0.0;0.0;90.0;1.0;;1.0249486990649743;;12917.0;46.0;-1.31543073288451;0.0;0.0;-0.3880883351010187;0.0;5.0;0.6479098131417899;1.3652977661621113;0.0;-0.1848652446783069;42.0;1.4789657343651517;0.0;1.0;-1.7;84424;-0.31677401916972764;1.0;31.0;1.382710252661615;56780;1.8255761429284958;0.0;12.7;Dropout
6.0;;5.0;-0.825835519686871;0.0;4.0;1.0;3.0;-0.589868695507319;127.2;0.0;0.3628097740748948;61242;1.0;-1.553517542245307;0.0;;30510;9773.0;0.0;6.0;-0.4922760331906505;6.0;1.0;6.0;1.0;4.0;1.0;;0.41671981978507205;0.5;40175.0;33.0;;1.0;0.0;;0.0;7.0;0.1031545365578235;0.3194062551291095;0.0;-0.3270565588278282;1.0;0.508019416461367;13.2;1.0;1.79;60682;0.5096087502617995;1.0;18.0;0.6522721175661845;73479;0.6743380738464718;0.0;12.4;Dropout
5.0;0.0;0.0;-0.4806716102665296;0.0;9.0;19.0;1.0;1.125888220412252;113.8;1.0;0.30552540821077256;62301;1.0;1.503201414030688;0.0;120.0;49535;9119.0;0.0;5.0;-0.6678134869487954;0.0;37.0;0.0;0.0;9.0;1.0;0.0;-1.3831329637471979;2.8;29172.0;3.0;1.5432221224850806;0.0;0.0;-1.6037721552567;0.0;;-0.7840392697119178;0.16988334632839508;0.0;-0.3348380949258205;42.0;-0.2331275178630646;0.0;1.0;;58406;-0.5344025303179697;1.0;27.0;-0.8295419540543993;73126;0.4242949245623606;0.0;15.5;Dropout
8.0;0.0;8.0;-0.20113135674714627;0.0;9.0;38.0;5.0;0.8031828201810357;142.3;0.0;-0.4812610804692158;34422;1.0;1.1288244629225053;0.0;141.0;63629;9500.0;;8.0;0.7561398271851035;8.0;38.0;8.0;1.0;9.0;1.0;12.82875;-0.36537900611389673;-0.8;57046.0;;0.4255870072771317;1.0;0.0;0.20956974752311602;0.0;8.0;-0.8090300174142527;0.8482090520772465;0.0;-2.021266468596927;;-1.2197527530405574;12.82875;1.0;-3.12;51336;1.6021261444629769;1.0;18.0;0.4538665543398381;40656;-0.30623036547257415;0.0;9.4;Dropout
6.0;;4.0;1.203944919729829;1.0;5.0;19.0;1.0;0.1895372681193656;146.6;0.0;0.020257799346942336;38378;1.0;-0.031339107655435385;0.0;163.0;91643;9853.0;0.0;6.0;-0.2463582022577131;9.0;1.0;5.0;1.0;10.0;1.0;13.6;-0.7920988290577884;-0.8;72117.0;75.0;-1.5090713985596969;1.0;0.0;0.07262585346922472;0.0;10.0;0.7119292673791109;-1.0411486150546716;;1.09689637471241;;1.4387332500289147;11.75;;-3.12;63205;1.5948742742082154;1.0;18.0;0.8373860884208123;88894;-1.0374629818467107;0.0;9.4;Enrolled
5.0;0.0;1.0;3.202325903747537;0.0;9.0;1.0;1.0;-0.5849278102334923;152.1;1.0;-1.8372099953279672;66806;;-1.2251842573311502;;130.0;72750;9991.0;;5.0;0.411916545934652;13.0;1.0;2.0;1.0;7.0;1.0;11.0;0.6769057090796319;;62719.0;5.0;0.15972524538850544;0.0;0.0;-0.5543127112131678;0.0;12.0;-0.6357067255381511;-1.3794382720051797;0.0;-0.6848072969311961;39.0;0.7703174571545773;12.0;1.0;2.02;60891;0.23620128678406696;1.0;28.0;-2.0958309562928616;66955;-0.5698934418531435;;11.1;Dropout
6.0;0.0;0.0;-2.4588209778245154;0.0;;19.0;1.0;0.10669555438844522;170.0;0.0;0.4601670206954785;94284;;-0.5862006765789738;0.0;170.0;67184;8014.0;0.0;5.0;1.930437985701149;5.0;19.0;0.0;1.0;4.0;2.0;0.0;-0.3716522260476548;-0.8;26298.0;99.0;0.3403425659160639;0.0;0.0;-0.4674564604920708;0.0;0.0;-1.5245809383957594;0.024941466846518455;0.0;0.8546175892516872;7.0;1.798311422930518;0.0;1.0;;54252;-0.34463410504523045;3.0;27.0;-0.9223867925846672;38501;-0.6998386627619273;0.0;9.4;Dropout
5.0;0.0;2.0;0.3044063596328327;0.0;4.0;1.0;1.0;1.6484868884832717;141.5;1.0;0.16140584477004594;37844;1.0;-1.8211455848875098;0.0;160.0;76947;9147.0;0.0;5.0;0.21682857855558008;10.0;38.0;3.0;1.0;;;10.666666666666666;-0.07277333388596144;-0.8;43927.0;59.0;-0.27184231636800577;1.0;0.0;0.38848693279916996;0.0;;0.12239869172149931;-0.6063018370462037;;0.04158829574698715;1.0;2.1668474555039157;12.5;1.0;-3.12;56855;-0.5332812986478044;1.0;18.0;0.36276482603990634;52343;-2.560906817931806;0.0;9.4;Dropout
6.0;;0.0;0.0695861202667127;0.0;1.0;3.0;2.0;-1.0939677526036804;123.5;1.0;1.9736608941828575;42750;1.0;0.9450808526179771;0.0;135.0;64644;;0.0;6.0;2.2778514510464523;12.0;19.0;;1.0;7.0;1.0;0.0;-0.18919441984225716;0.3;18140.0;19.0;1.3472446280811023;1.0;0.0;1.3905462536893474;0.0;6.0;-0.5130814209685131;2.07371857157332;0.0;1.3916670522732657;43.0;-1.2869403067827607;0.0;1.0;-0.92;21192;0.316758613881249;1.0;22.0;-1.924461303828756;36830;-1.0086317825741715;0.0;16.2;Dropout
6.0;0.0;;-0.18048978867265256;0.0;4.0;19.0;1.0;-0.79979906806347;122.5;;0.007479646429047295;63013;1.0;-1.6033089668641802;0.0;120.0;93681;9085.0;0.0;6.0;-1.1268748166546567;11.0;38.0;5.0;;8.0;1.0;13.6;-1.4801345297253927;;60435.0;61.0;-0.11593866063765039;0.0;0.0;-0.7801445841439879;0.0;11.0;-1.1991081252397104;-0.764322814214814;0.0;0.529484966419522;;-1.2843337441271854;13.666666666666666;1.0;2.02;51931;0.4917148241690525;1.0;19.0;-1.7661311658852938;22497;1.6022097613659732;0.0;11.1;Enrolled
8.0;;0.0;0.5429395453621464;0.0;90.0;37.0;1.0;-0.6278024350706654;130.0;1.0;-0.942669352146079;14492;1.0;0.28683087014667635;0.0;130.0;99516;9500.0;0.0;8.0;0.44742240703576724;8.0;37.0;;1.0;90.0;1.0;;1.4053961679571554;-0.8;;27.0;2.104542354056488;;8.0;;0.0;8.0;0.07174743306788707;0.04024734789643347;8.0;0.912123116902793;7.0;-2.8631999125690673;0.0;;-3.12;49248;-0.20100436739159525;3.0;30.0;-0.27046174039426135;10518;0.36860021295899326;0.0;9.4;Dropout
0.0;0.0;0.0;0.1497887405794813;0.0;5.0;12.0;1.0;-0.41082115600974495;100.0;1.0;-0.050723134088819094;68765;;-0.8436933477796882;0.0;110.0;50632;171.0;0.0;0.0;0.31373652056004475;0.0;3.0;0.0;;2.0;1.0;;0.6623300571835197;-0.8;31961.0;34.0;0.7831172145335363;1.0;0.0;0.9582704040053237;0.0;0.0;0.7672767400869959;0.1919644729574794;0.0;-0.5920777676410975;39.0;0.9183621370297562;0.0;1.0;-3.12;90576;-0.3931295106967442;1.0;27.0;0.49154425909494237;51407;-0.3765238553450964;0.0;9.4;Dropout
5.0;0.0;4.0;-0.36143397563878776;0.0;9.0;38.0;;-0.01573668652102702;134.8;0.0;-0.327799800015837;22247;1.0;-1.4267034449994767;0.0;133.1;12029;9147.0;;5.0;-0.984081271321006;12.0;38.0;2.0;1.0;8.0;1.0;10.5;-0.7473836010498679;0.3;57507.0;54.0;0.27608012996203884;;2.0;;0.0;;0.02015006419141846;1.231274159613204;0.0;-1.2854092463305462;39.0;0.656482687487599;10.0;41.0;-0.92;36426;0.35274330110013347;1.0;24.0;0.5377837069011182;10560;0.39847982214002087;;16.2;Enrolled
6.0;0.0;5.0;0.029242663859610142;;4.0;1.0;1.0;0.9585710282019061;130.4;0.0;0.43470786877039785;71488;1.0;0.2383550932785717;0.0;122.0;99470;9254.0;0.0;6.0;0.8016555455671923;10.0;19.0;5.0;1.0;3.0;1.0;11.8;0.19186192099534252;0.6;88738.0;20.0;0.92042738400042;1.0;0.0;-0.01563211456330535;0.0;10.0;-1.066240856065749;-0.994561022044537;0.0;0.14752600512732794;17.0;0.09777900012584652;12.2;1.0;2.02;97121;0.06904149629940481;1.0;18.0;1.582399552691461;96550;-1.9534045257293744;0.0;;Graduate
5.0;0.0;4.0;0.5565666647330694;0.0;2.0;3.0;1.0;0.4614141144174627;114.0;1.0;0.026892061725186146;90242;;-0.3337993853120314;0.0;121.0;38781;9119.0;0.0;5.0;1.5308099945178637;9.0;1.0;;1.0;3.0;1.0;11.6;0.9741179148473879;2.6;20287.0;;1.5308852731317635;0.0;2.0;-0.03799560308766622;0.0;7.0;0.4818035624035518;-1.6120653989685307;0.0;-1.9171849761991615;1.0;-1.226133231043401;12.25;1.0;0.32;90284;-0.5721224805284093;1.0;;0.08226388788949895;88983;0.28209771646242404;0.0;7.6;Enrolled
6.0;0.0;0.0;0.4614712645145952;0.0;8.0;38.0;1.0;0.06084105050342878;110.8;;-1.2599467010526437;92463;1.0;0.8381891054253677;0.0;116.0;34130;9238.0;0.0;6.0;2.202669817231093;0.0;19.0;;1.0;10.0;1.0;0.0;0.05574101275759173;;96429.0;100.0;0.8990520174437846;1.0;0.0;-1.311295235043519;0.0;0.0;1.0351563820764538;1.3944348071696824;0.0;-0.46795293459442144;1.0;-0.08903368912477153;0.0;;-0.92;80472;0.11303952262772723;1.0;19.0;-0.37265285346052174;77331;1.2774922631474832;;16.2;Dropout
6.0;0.0;3.0;0.18863230761968566;0.0;5.0;38.0;;0.2769934750803454;121.0;;-1.6357432881940195;23497;1.0;-1.267605268728707;0.0;135.0;21251;9238.0;0.0;6.0;0.41128985722026773;13.0;38.0;3.0;1.0;7.0;1.0;10.333333333333334;1.5567541866680903;2.6;;68.0;-0.07583501668383029;0.0;;0.1684987947656227;0.0;12.0;2.2130341632969217;0.08051888414133908;0.0;-1.189432817192722;1.0;0.18470549500770564;10.333333333333334;1.0;0.32;73108;-0.6052692516323414;1.0;19.0;-1.3073595861552483;77520;-0.12111594708938031;0.0;;Enrolled
7.0;0.0;0.0;-0.5834476277528152;0.0;;37.0;;0.6239909603631794;106.2;0.0;0.262908202633016;63753;1.0;-0.7573146454738222;0.0;130.0;78613;;0.0;;-1.9001068220141835;14.0;19.0;0.0;1.0;8.0;1.0;;2.9178508419178057;0.6;39405.0;36.0;-0.6599202672573723;1.0;0.0;0.03154467860443138;0.0;14.0;1.4418440302656836;0.8097425226335472;;-0.8396591909943495;39.0;0.7827256668791696;0.0;1.0;2.02;38519;-0.7516586592725796;;27.0;-0.3846276164270356;66391;-1.7719895262485683;;;Dropout
;0.0;3.0;2.819142883225069;;4.0;5.0;1.0;-1.6817059462295947;122.8;1.0;1.383114541069239;50265;1.0;-2.3876422084908913;0.0;127.0;26611;9773.0;0.0;6.0;0.4769897559945693;7.0;3.0;6.0;1.0;;1.0;12.166666666666666;-0.12612173591138312;0.5;;53.0;-1.1221073372647838;1.0;0.0;;0.0;9.0;-1.0053583901986916;0.8566972370046712;0.0;0.5956928505794573;1.0;0.27298691446528606;12.0;1.0;1.79;24639;-0.004977211772486045;1.0;20.0;0.7075293079967273;75920;-0.41394053477669707;;12.4;Enrolled
5.0;0.0;0.0;0.35951331118824936;0.0;9.0;37.0;;1.0715841917546007;122.7;0.0;0.07934788405171923;54123;1.0;-2.1843466823279227;0.0;120.0;96801;9147.0;0.0;5.0;0.74195958149375;5.0;1.0;0.0;;1.0;1.0;0.0;-0.5825297430408646;1.4;40815.0;88.0;-2.440719109853175;;0.0;;0.0;9.0;0.858082738094596;1.0300085757656792;0.0;0.529966461224456;39.0;0.6638012949911665;0.0;1.0;;81083;-0.5746693545054586;1.0;25.0;0.7527222034871184;85916;1.2792619949831199;0.0;10.8;Dropout
6.0;0.0;3.0;0.762463227336137;0.0;;19.0;5.0;-0.8264129428864023;;0.0;0.8132973539202071;72276;1.0;1.7981924099785127;0.0;130.0;29440;9238.0;0.0;6.0;-0.23518599760965672;8.0;1.0;4.0;1.0;5.0;1.0;11.25;-0.9894092520207243;-0.8;46554.0;68.0;0.17423338029748545;1.0;0.0;0.009970385261224823;0.0;15.0;0.2565239206575975;-0.37786346834502943;0.0;-0.16196006370584007;;-0.12413086991404836;10.0;1.0;-3.12;73171;-0.7329986227166922;1.0;20.0;0.2646190067284926;56136;0.25862965689766904;0.0;9.4;Enrolled
;0.0;0.0;-0.5078024528610549;0.0;4.0;;;-0.443510371177488;123.3;;1.0128091542036002;99177;1.0;2.083598244099669;;143.0;16514;9500.0;0.0;7.0;0.215119275433445;0.0;19.0;0.0;1.0;4.0;1.0;0.0;-2.2135746230952877;2.6;;8.0;-0.38766963811889976;1.0;0.0;;0.0;0.0;-1.1520991608692803;-0.6489351563696003;0.0;0.3200085517658667;1.0;1.1814818939252518;0.0;1.0;0.32;84842;1.0457140216023326;1.0;18.0;0.5471149352947167;84584;-1.4183100947935663;0.0;7.6;Dropout
6.0;0.0;3.0;0.18957369416287068;0.0;9.0;;1.0;0.3404353217035865;129.1;1.0;0.26679184579466836;61627;1.0;0.09272620522395288;0.0;;66419;9670.0;0.0;;-0.48342632454889223;6.0;1.0;;1.0;9.0;1.0;11.25;1.2481450514496444;1.4;22149.0;;-0.3341285399526588;1.0;0.0;2.0774998319122866;0.0;10.0;0.28379521182197043;-1.9962570359473717;0.0;-0.5406892222044034;1.0;0.6317300774434418;10.333333333333334;1.0;1.74;59352;-0.39220527096119867;1.0;;1.2763835590745916;31361;2.367629179183871;0.0;10.8;Dropout
6.0;0.0;6.0;0.18160807680054034;0.0;3.0;40.0;2.0;-0.07540582800391739;150.9;0.0;-0.8144914878614082;59895;1.0;-0.8238287659065117;0.0;156.0;28531;9085.0;0.0;;-0.13369560789033313;8.0;40.0;6.0;1.0;7.0;1.0;16.0;-0.3534938100632818;0.6;87829.0;23.0;1.0288575343335444;1.0;0.0;1.2801292689716093;0.0;10.0;1.9186766979070913;-0.9949014358070649;0.0;2.4266612518016806;1.0;-1.1869330707008243;14.625;1.0;2.02;90840;1.8433616653415865;;18.0;0.07527184311995858;89937;-1.253808516245133;0.0;11.1;Dropout
6.0;0.0;3.0;-1.9119497884148662;0.0;4.0;41.0;4.0;0.4869304410933395;119.6;;0.19530808504556424;68802;1.0;-0.298448925490107;;122.0;34489;9773.0;0.0;6.0;1.017486985312624;6.0;;4.0;1.0;3.0;1.0;12.0;0.8753557474700663;0.6;18761.0;55.0;-0.11207251063191619;1.0;0.0;-1.1770715056502423;0.0;11.0;1.1958642107191713;0.062151091768366494;0.0;0.3008374771132397;1.0;1.3892203676562416;11.333333333333334;1.0;2.02;17350;0.6266389621956614;1.0;19.0;1.3673188377502348;73587;-0.24292458161321462;0.0;11.1;Dropout
7.0;0.0;5.0;-0.7166607603462448;1.0;4.0;1.0;1.0;0.14182791845640558;162.4;1.0;1.2070728876004806;55461;1.0;0.8735742024863639;4.0;111.0;19468;9003.0;0.0;12.0;1.3890237402016365;16.0;;5.0;;2.0;2.0;11.6;1.07645217088882;1.4;24702.0;57.0;1.8951036482459014;0.0;0.0;0.4510526820436264;;7.0;-1.0134498062366384;-0.7013962436992836;0.0;-0.590322104009801;39.0;1.2255715227151365;11.2;;3.51;19870;-0.8207033898407939;1.0;49.0;-0.726646839299346;19797;-1.0373860006522035;0.0;8.9;Dropout
8.0;0.0;8.0;-0.735143352915445;0.0;5.0;37.0;;-0.2893322870616215;122.8;0.0;0.5298905495999142;41392;1.0;-0.5143890198220461;0.0;126.0;69775;9500.0;0.0;8.0;-1.2707089219342524;;37.0;8.0;1.0;5.0;1.0;12.93375;-1.0809702299310213;-0.8;84241.0;72.0;-0.5730998315391933;1.0;;-0.4831465749611137;0.0;8.0;0.01371721688493822;-1.1409008621810646;;0.8753666259329187;18.0;0.4654747370529418;12.93375;;-3.12;16259;1.1597596104959493;1.0;18.0;-0.07329104454049068;26379;-1.036002014913601;0.0;9.4;Graduate
5.0;0.0;2.0;-0.6004567663178756;0.0;1.0;;1.0;1.528758169376282;128.2;0.0;0.7482453428286557;84096;1.0;0.2376338670416892;1.0;120.0;29811;9130.0;0.0;5.0;-0.5113223844313154;11.0;3.0;2.0;;1.0;2.0;11.5;-0.9308141947451899;-0.8;81896.0;29.0;-0.9709511624206272;0.0;0.0;0.283900593129921;1.0;8.0;0.49167443030684665;0.05042155955382021;1.0;1.240186097694855;7.0;0.28071770498746496;12.0;1.0;-3.12;38937;-0.7166194999700621;3.0;33.0;-0.4808332298604204;21650;-0.4521511157351564;0.0;9.4;Dropout
0.0;1.0;;-1.069839135161088;0.0;9.0;37.0;;0.708065532010135;141.4;1.0;-0.4625462416918259;69600;1.0;-0.01275605048124964;0.0;133.0;76425;171.0;0.0;0.0;-1.5884544918435681;0.0;19.0;0.0;1.0;8.0;1.0;0.0;1.744686889450433;-0.3;29407.0;12.0;-1.2576363743505876;0.0;0.0;-0.7722167057769237;;0.0;-1.7299036016391465;1.342942043361723;0.0;-0.7742189123808034;;1.6586115688783254;0.0;1.0;0.79;23269;1.9733475092539887;1.0;20.0;0.792705131739008;31820;0.6361501598460775;;13.9;Enrolled
6.0;1.0;4.0;0.04385603630094532;;5.0;19.0;1.0;0.3021173251356195;115.1;0.0;-0.2023537597454822;60877;1.0;-0.568812670082858;0.0;120.0;33351;9853.0;0.0;6.0;1.838324258818206;11.0;37.0;4.0;1.0;7.0;1.0;12.0;-0.07006514979360157;2.8;84908.0;40.0;0.7227510576976323;0.0;0.0;-1.7134734418523;0.0;;-1.695437763689586;-0.05601583916568041;0.0;-1.418560233051546;1.0;-1.6333128662720742;;1.0;-4.06;13654;0.22619306951339194;1.0;;-1.0144844465914487;81899;1.2905314452196017;0.0;15.5;Enrolled
5.0;;4.0;1.3973586138984084;0.0;3.0;;1.0;0.6925198408593666;123.3;1.0;-0.11872731090036714;10817;1.0;-0.5261927459918712;0.0;131.0;46171;9147.0;0.0;5.0;0.8707795194891192;7.0;19.0;5.0;;10.0;1.0;;-0.6602875371187038;0.3;75267.0;79.0;1.1514860558300648;0.0;2.0;-0.3445172386998327;;8.0;0.15462784410866132;-1.1328195908580831;0.0;-1.2204538847903803;1.0;1.241224524059651;12.4;1.0;-0.92;82943;0.542567403303669;1.0;19.0;-0.32176547550349094;84392;-0.38616817203245973;0.0;16.2;Enrolled
6.0;0.0;5.0;0.13048869973405622;0.0;9.0;1.0;;-0.7053294927074957;146.0;0.0;-0.05133800253679587;34785;1.0;0.29332087168550824;0.0;160.0;54273;9853.0;0.0;;-2.0010033999191803;11.0;37.0;3.0;1.0;9.0;1.0;10.333333333333334;-1.045173294904216;;;1.0;-0.5943948962587207;;0.0;0.7226026966100152;0.0;10.0;0.1676750499340186;1.2724247139137654;0.0;-0.6699560571082858;1.0;-0.47620669857435094;11.8;1.0;-3.12;24042;0.030952806781242907;1.0;19.0;-1.8596764908226535;99579;-1.0101435541849244;0.0;9.4;Enrolled
;;3.0;-1.1812704556719156;0.0;4.0;1.0;3.0;2.1747717418166843;125.4;1.0;1.1679583160123588;33692;1.0;-0.9768881363874414;0.0;;58268;9119.0;0.0;5.0;-0.06453476245946102;9.0;19.0;4.0;1.0;3.0;1.0;12.25;-0.14145578040111212;;17127.0;8.0;-1.0639827021268937;1.0;0.0;0.2879997554738113;0.0;9.0;-1.8388189334627523;-0.7741174488604207;0.0;-0.054268661466530005;;1.0951774464103856;12.333333333333334;1.0;3.51;84694;0.26588258459896114;1.0;18.0;0.5943760855698614;21596;0.47863931665980813;0.0;8.9;Dropout
;0.0;4.0;-1.0309039031989309;0.0;9.0;38.0;3.0;-1.0876372010831383;129.1;0.0;-2.3471737283381673;68466;1.0;0.45172934562351613;;134.0;84510;9085.0;0.0;5.0;-0.2834590721501699;7.0;19.0;3.0;1.0;5.0;;12.0;1.5078944209782768;2.6;79910.0;33.0;1.5302762220608312;0.0;0.0;0.4029478599143535;0.0;7.0;0.387973525707626;1.4793717228981438;0.0;-1.6291300772802086;1.0;0.12037584716904297;13.5;1.0;0.32;67838;-0.22910967649561687;1.0;19.0;1.246790275725483;60628;0.5079635789291874;0.0;;Enrolled
6.0;;2.0;-0.37705114920949107;0.0;3.0;;1.0;0.11316865829340152;111.4;0.0;0.03053830458183765;21123;;-0.47157895964918195;0.0;111.0;21888;9238.0;0.0;6.0;-0.7559389441975091;13.0;38.0;4.0;0.0;3.0;1.0;11.0;0.6854379817631263;3.7;71258.0;55.0;-1.4504018803155287;;0.0;0.2163503229793779;0.0;13.0;1.086962703498417;-0.2631335972034264;0.0;-0.41824691133405734;17.0;-1.2429260234082382;11.5;1.0;-1.7;64735;-0.9258083596915647;1.0;19.0;0.9107079513000965;83946;0.2403763355534504;;;Dropout
4.0;0.0;1.0;-1.4156065145619654;0.0;3.0;3.0;1.0;-0.2864262786177403;100.0;0.0;-0.07949637569485415;44372;1.0;0.12736730464823023;0.0;147.0;30505;9556.0;0.0;2.0;1.036277317036397;2.0;4.0;0.0;1.0;2.0;1.0;0.0;0.1817623463107941;1.4;50767.0;;1.0102201778666928;0.0;0.0;0.40452747484571083;0.0;4.0;-0.21830166885451202;0.10313010758056632;0.0;-0.20793743735033593;43.0;-0.49651981003569134;16.0;1.0;1.74;20528;0.33967508372073396;1.0;18.0;0.8126276134697776;96782;0.27573981290673266;0.0;10.8;Enrolled
0.0;;0.0;0.3044570839608582;0.0;4.0;1.0;1.0;-0.3244143754270483;160.4;;-1.371501141444149;50973;1.0;1.3839625661685588;0.0;152.0;77736;171.0;0.0;0.0;1.0133868424737364;0.0;38.0;0.0;0.0;9.0;1.0;0.0;1.5885209435910486;;34660.0;51.0;-0.5709813603228443;1.0;0.0;0.529511759086702;0.0;0.0;0.05981178619117832;1.5608930755988106;0.0;0.3248599190481407;1.0;1.0217290731659654;0.0;1.0;0.32;11406;1.0247993658525705;1.0;19.0;0.8394003959799484;18834;-0.1125664463436816;0.0;;Dropout
;0.0;1.0;1.3530988697667792;0.0;;1.0;2.0;-0.4542567563147595;100.0;1.0;0.671767216587465;76657;1.0;-0.16819204522695244;0.0;126.0;86994;9147.0;0.0;5.0;0.2694516096816971;11.0;19.0;0.0;1.0;3.0;1.0;0.0;1.3957751649705066;0.3;41360.0;95.0;0.39709535711018784;1.0;1.0;-0.2746814289546182;0.0;7.0;0.5714117166842468;-1.3514974149575207;0.0;0.6117822754117709;43.0;-0.2102078813198733;;1.0;-0.92;22563;-1.1906423406230777;1.0;22.0;0.6996938284365051;69652;0.09815085455588131;0.0;16.2;Dropout
5.0;0.0;5.0;-0.5759042127325396;0.0;2.0;1.0;1.0;-0.7717100009985014;113.3;0.0;-0.7245001919449245;23123;1.0;0.9198043401919923;0.0;122.0;47720;9085.0;;5.0;-0.6416524415197875;9.0;1.0;4.0;1.0;5.0;1.0;14.25;0.33412221072252435;1.4;34564.0;53.0;1.0769217223206249;1.0;0.0;;0.0;8.0;0.4390292762940552;-1.0501052717712211;0.0;0.40154348299305437;1.0;-0.6214854147181051;12.714285714285714;1.0;1.74;38540;1.5404738236758568;1.0;18.0;0.6143956225060794;17195;-0.18165112862357083;0.0;10.8;Enrolled
7.0;1.0;5.0;0.07613390677896471;0.0;6.0;38.0;3.0;1.1883422048081194;;0.0;-0.3570326493531597;64537;1.0;-1.7920328558838285;0.0;126.0;10514;9500.0;0.0;7.0;-0.6332480292666243;;37.0;5.0;1.0;5.0;1.0;11.98;2.7761196575361344;2.6;90403.0;28.0;0.4762561896874243;1.0;0.0;1.7432583748696906;0.0;8.0;-1.6686225021652166;-0.32654796159653143;0.0;1.7921732894957627;43.0;-0.6281720577950204;11.98;1.0;0.32;96078;0.6011371911866729;1.0;18.0;0.6789134576286263;17678;1.0702437270371223;0.0;7.6;Enrolled
6.0;0.0;4.0;-0.42896068767120565;0.0;9.0;37.0;1.0;-1.204702794582884;134.3;1.0;1.8487819077540433;59262;1.0;-0.4703630136405947;0.0;133.1;85116;9003.0;0.0;6.0;0.043926750701900386;15.0;19.0;1.0;1.0;7.0;1.0;11.0;-0.24742315559350855;0.5;28347.0;60.0;-0.29525606278902805;0.0;0.0;0.142031029001139;0.0;13.0;-0.9051211921136186;-0.1399679033452213;0.0;1.0941233787019775;39.0;0.6422474222337905;11.75;1.0;1.79;46081;-0.4369081798358277;19.0;25.0;-0.6556821299075588;85128;2.228459500705877;0.0;12.4;Dropout
14.0;0.0;9.0;-0.6296278512768233;0.0;9.0;37.0;1.0;0.9835638986838199;120.0;1.0;1.0099736495390559;76522;1.0;0.027688621076072818;12.0;120.0;65038;9147.0;0.0;15.0;-0.4571363573996206;17.0;;12.0;0.0;9.0;2.0;11.75;1.0980284971591932;-0.8;50817.0;18.0;1.3960972612141203;0.0;0.0;0.04256349645391804;9.0;16.0;-0.3958534361886095;2.642069780450904;0.0;0.2219620379814174;2.0;1.7506350301399634;12.22222222222222;1.0;-3.12;30991;-0.4547776361186857;2.0;57.0;-0.20019344351984655;93361;0.17965315170719248;0.0;9.4;Dropout
6.0;0.0;6.0;0.1895760679224758;0.0;2.0;3.0;1.0;0.6485377347209822;144.8;0.0;0.5744869391451162;26259;1.0;1.923330679206459;0.0;143.0;57359;9773.0;0.0;6.0;-0.005821454117078409;6.0;3.0;6.0;1.0;5.0;1.0;12.166666666666666;-0.3929966050421272;0.3;67680.0;15.0;0.28910138492964804;0.0;0.0;0.10288450722639941;;6.0;-0.8608270507861857;-0.8880613219953928;0.0;-0.9704876395805729;1.0;-2.1408833706362818;12.5;1.0;;35594;1.8641624376481394;1.0;19.0;0.07024326070851288;26682;-0.006572247971360915;;16.2;Enrolled
6.0;1.0;6.0;-0.6633054971115451;0.0;4.0;1.0;2.0;-0.38089113167934613;127.6;0.0;0.38077693464440415;63977;1.0;-1.9599520832598905;0.0;116.0;45021;9773.0;0.0;6.0;0.5580810961836272;7.0;19.0;6.0;1.0;7.0;1.0;13.857142857142858;0.9028484364194213;-0.3;14970.0;57.0;3.6825095059822104;1.0;0.0;-0.2179085183162197;0.0;7.0;1.466968497977134;-1.3042474946557012;0.0;-0.6754974482616108;1.0;2.8006844473432873;;1.0;0.79;40137;0.9387247016836515;1.0;19.0;-0.3357051386995137;85528;0.255861365690068;0.0;13.9;Dropout
;0.0;5.0;-0.808400452489977;0.0;194.0;38.0;1.0;0.532607283793853;135.4;1.0;-0.16468002244534266;47283;1.0;-0.09620986189277686;0.0;135.0;72708;9500.0;0.0;7.0;-1.5335284632336017;9.0;19.0;6.0;1.0;193.0;1.0;12.565;-0.2483871835647762;0.6;55170.0;38.0;-1.7051546673252722;1.0;0.0;-0.43535596372080304;0.0;12.0;0.6344759382673829;-0.9358348991349641;0.0;-1.4286655311177465;1.0;0.20374622897613145;;1.0;2.02;62300;1.1400511859215476;1.0;21.0;-1.5663096360348399;92043;-0.6579218009832918;0.0;11.1;Enrolled
7.0;0.0;;-1.6192913819294215;0.0;3.0;1.0;1.0;-0.15789901769657472;115.0;1.0;1.9993772653701014;33331;1.0;1.456688850916263;0.0;133.1;35968;9500.0;0.0;7.0;-0.7581842841854047;11.0;19.0;4.0;0.0;5.0;1.0;12.6;0.4613683159170215;0.3;67106.0;57.0;-1.7199269732363143;;0.0;0.2086785243654316;0.0;7.0;-1.1097254057965993;0.23213304601401197;0.0;0.15334480518107396;1.0;0.5802241352988272;11.575;1.0;-0.92;82557;-0.2510617203739841;1.0;20.0;-1.2350089868939376;58225;0.7649783711048204;0.0;16.2;Dropout
6.0;;4.0;0.06458822773864592;1.0;5.0;37.0;1.0;-1.1010063385093518;114.2;0.0;0.8021676314402391;16679;1.0;-0.785020405266872;0.0;124.0;42272;9670.0;0.0;6.0;-0.0336929608187298;6.0;19.0;5.0;1.0;8.0;1.0;11.8;2.3901359098825514;1.4;57491.0;34.0;0.994260567933725;1.0;0.0;-0.5057152019591512;0.0;;-0.21433575779450478;0.4920357635327086;0.0;0.3313621680763128;17.0;-0.43626174714740623;13.714285714285714;1.0;1.74;15598;0.5555158816147858;;18.0;0.2299761150234739;25425;0.44117640908112865;0.0;10.8;Dropout
5.0;0.0;1.0;1.0670093949527026;0.0;2.0;2.0;1.0;-1.0904336546709064;121.6;1.0;-0.7495499139652525;44267;1.0;-0.21283881042567027;0.0;129.0;79200;9119.0;0.0;5.0;1.5653448972236796;;37.0;0.0;1.0;9.0;1.0;;0.9518518013812746;;69219.0;;-0.031751166065503426;1.0;0.0;;0.0;7.0;1.1303921370503283;-0.7070870913780989;0.0;0.8929128045448383;51.0;-0.0035151248568269806;10.0;1.0;0.32;79721;0.34937861259070824;1.0;19.0;0.9057759087219182;76950;-0.4204702080426906;0.0;7.6;Enrolled
5.0;;4.0;0.7073087885423386;0.0;4.0;1.0;2.0;0.6554415164696908;113.6;0.0;-1.400102278217654;49597;1.0;0.3317389850555395;;123.0;43458;9085.0;0.0;5.0;0.8453335500072522;13.0;;3.0;1.0;9.0;1.0;12.0;0.47684111268985135;-0.8;53933.0;44.0;0.7926093953132728;1.0;0.0;-0.7905147065262872;0.0;8.0;-0.6462393913883483;0.021036143480130474;2.0;0.26731829488695025;17.0;0.19251301213110772;11.75;1.0;;11797;-0.1746502461994104;1.0;19.0;0.009341909159706499;59361;0.9020668190424783;0.0;9.4;Enrolled
6.0;0.0;0.0;1.4919933307486095;0.0;4.0;1.0;1.0;0.6035703236850228;140.0;0.0;0.5668380019892694;14582;0.0;0.18450855372278024;;140.0;95183;8014.0;;6.0;-0.003584025583877192;0.0;1.0;0.0;;4.0;1.0;0.0;-0.7747027921783913;1.4;67117.0;1.0;-1.0983808898760943;0.0;0.0;0.10801180453431738;0.0;0.0;0.8515838543442575;1.9452023390492441;0.0;1.0539887918519086;7.0;-1.0490959923370353;0.0;1.0;1.74;38953;0.10925711177097336;3.0;30.0;2.764821861854195;41639;0.018989768345387258;0.0;10.8;Dropout
0.0;1.0;0.0;-0.6745154547295736;1.0;9.0;38.0;3.0;0.24201141431921958;127.3;1.0;-0.05586912987844468;82717;1.0;1.5657704754544142;0.0;129.0;49285;171.0;0.0;0.0;0.4023087071149271;0.0;37.0;0.0;0.0;3.0;1.0;0.0;0.18822870450322624;-0.8;97975.0;71.0;0.05413274921397746;;0.0;;0.0;0.0;1.383179690560655;0.035168481860796116;0.0;1.0744990285793043;1.0;-0.8056814382575295;0.0;;-3.12;62907;1.1100511748216575;1.0;19.0;-0.9197624301552701;87868;-0.9700566384743754;0.0;9.4;Dropout
6.0;;0.0;0.8508093873733549;0.0;4.0;1.0;2.0;-0.3915165393405067;130.8;1.0;-1.4289381669461676;72192;1.0;0.44847381007323184;0.0;150.0;60615;9773.0;0.0;6.0;-0.10150386771522495;15.0;1.0;2.0;;5.0;1.0;12.0;-1.008002501574517;1.4;42428.0;38.0;0.4573174811161645;0.0;0.0;-0.21191485991091527;0.0;12.0;1.2161409646465664;0.32099002325267023;;-1.0280960290543202;17.0;1.1845675408912535;0.0;1.0;1.74;19438;1.599591543315416;1.0;;0.44494214206569804;65419;0.35160444542296;0.0;10.8;Dropout
5.0;0.0;2.0;-1.1026326185121387;1.0;9.0;37.0;1.0;-0.19043153363102142;139.2;1.0;0.4285861657115819;38520;0.0;1.3277728955142192;0.0;133.0;67242;9991.0;0.0;5.0;1.0772237738493302;11.0;37.0;2.0;1.0;5.0;;12.5;0.886976348237032;3.7;42117.0;28.0;-0.5437108437150331;1.0;1.0;-2.008378436889316;0.0;9.0;0.18040414458382917;1.8889882136236167;0.0;-0.5180633270166585;39.0;-1.5523468453592213;11.5;1.0;-1.7;33807;-0.25149671481485364;1.0;33.0;1.2912026106494416;33786;0.2369925033993263;0.0;12.7;Dropout
;0.0;5.0;0.7092586457278951;0.0;9.0;37.0;1.0;-0.32555315716402644;140.0;0.0;-0.2690271603115207;14233;1.0;-0.3600083573099114;0.0;133.1;72908;9147.0;0.0;5.0;0.4337531513945975;8.0;37.0;4.0;0.0;9.0;2.0;12.5;0.8618776396898403;-0.8;71074.0;42.0;0.2318297058432619;0.0;0.0;0.5903715440554717;0.0;8.0;1.2510249973152894;-0.6980257148488417;1.0;-0.011038461280374919;39.0;0.4410391033135405;11.8;1.0;-3.12;67467;-1.3130562544181579;1.0;35.0;1.0656771211655787;47191;0.9604181461106248;0.0;9.4;Dropout
;0.0;0.0;1.644187278990438;0.0;;;1.0;-1.7469441351768673;140.0;0.0;0.5306649255274699;73567;1.0;-0.7405254112502966;0.0;140.0;55587;9085.0;0.0;6.0;1.278800244383269;0.0;;0.0;1.0;6.0;1.0;0.0;-0.1796354459135899;2.8;18055.0;100.0;-1.3615261808781902;1.0;;0.12018384275976032;0.0;0.0;-0.5222380165853108;-0.7634087185772561;0.0;-0.7060746802828396;44.0;-0.37051690936918447;;1.0;-4.06;71786;1.6435929314017126;39.0;29.0;0.6550668617746184;37825;0.8315469500748488;0.0;15.5;Dropout
5.0;0.0;0.0;0.49838150311211465;0.0;1.0;19.0;1.0;0.06125325025627931;116.1;1.0;0.4417402145809067;12153;1.0;-0.22572319301963548;0.0;120.0;42670;9130.0;0.0;5.0;-1.3553386824047795;9.0;37.0;2.0;1.0;;1.0;10.5;1.6635319868837088;3.7;36198.0;7.0;0.39482285814831775;1.0;0.0;-0.9932314500134598;0.0;5.0;2.485881337946096;-0.469682100347495;0.0;-0.24332330794676524;1.0;-0.9607071494755755;0.0;1.0;-1.7;17457;1.6561579229130226;1.0;22.0;1.0702539738421097;57441;-0.10922633062876186;0.0;12.7;Dropout
6.0;0.0;1.0;1.6618116169437407;0.0;5.0;34.0;1.0;0.522454861209501;120.4;0.0;-0.6082640215438392;48338;1.0;-1.1591030933676016;0.0;133.0;82384;9238.0;;6.0;-0.8061905400911277;12.0;37.0;2.0;0.0;;1.0;11.5;1.522896069369992;;24996.0;58.0;1.4454480243705408;0.0;0.0;0.7732702423232731;;13.0;0.24084954143453882;-0.5279105176080685;;0.30125857923473665;1.0;1.9719318519694005;13.0;1.0;-3.12;79982;0.40038748154872955;1.0;21.0;0.05539434765770002;34390;-0.4720869364135305;0.0;9.4;Dropout
6.0;0.0;6.0;-0.5987319980759855;0.0;9.0;;1.0;0.0676087987782057;;0.0;0.6328447644242048;28635;1.0;0.48351169621009515;0.0;121.0;74448;9773.0;;6.0;0.27457133663544436;8.0;19.0;5.0;;10.0;;12.6;0.1496465984459531;2.8;51792.0;13.0;-1.237577964517987;0.0;0.0;-1.3984252007158473;0.0;10.0;1.1467941621098956;-1.8210131123449247;0.0;-0.12307632398001085;17.0;-0.954502561261438;12.428571428571429;1.0;-4.06;46727;1.7926309624748469;1.0;;1.6628817448205502;67289;0.0017437500577992453;0.0;15.5;Enrolled
0.0;0.0;0.0;-0.1342310655133788;;7.0;;1.0;1.7691491720192023;127.3;0.0;-0.4979050826348992;31078;1.0;-0.3858781127552457;0.0;136.0;14931;171.0;0.0;0.0;0.4935111886688474;0.0;38.0;0.0;1.0;7.0;1.0;0.0;0.5655111216544726;;;20.0;-1.2979533440178432;1.0;;1.045407615324468;0.0;0.0;-0.362008859015114;0.1379941429960421;0.0;0.000309315169626622;17.0;-1.1301019997344715;0.0;1.0;-4.06;64994;0.327615325157132;;19.0;1.2831591063542616;50329;0.36330887966865616;0.0;15.5;Dropout
6.0;1.0;6.0;-0.9156836951737612;0.0;3.0;1.0;1.0;-1.0045621448299802;102.0;0.0;-0.4328818731809713;77963;1.0;-0.6717888999774754;0.0;133.1;66268;9238.0;0.0;6.0;2.4003384500050413;7.0;;6.0;1.0;3.0;1.0;13.666666666666666;-0.5884572179411017;0.6;29503.0;4.0;1.1899210637041624;1.0;;-0.05736661964721288;0.0;7.0;0.4994145332514918;0.21694130225125904;0.0;-0.9426388539209145;;-0.1869727035205362;;1.0;2.02;29134;-0.9090588977102657;1.0;20.0;-0.8522276007105466;14848;0.4837543777650492;0.0;11.1;Graduate
8.0;0.0;0.0;0.03478984845542972;0.0;7.0;38.0;5.0;-0.6611037168937204;;;-0.532271406621378;37312;1.0;0.4986584096210017;0.0;141.0;91047;9500.0;0.0;;-1.8077466356845824;0.0;19.0;;0.0;7.0;1.0;0.0;-0.27218052729658815;3.7;48250.0;28.0;-1.3156378093961274;1.0;0.0;-2.2688650753773305;0.0;0.0;0.5434634806613748;-0.18585854983196132;0.0;0.5064421040421301;1.0;-0.7685586341021013;;1.0;-1.7;99071;-1.312129938083906;1.0;19.0;0.3215679376343867;10508;0.30141220813611785;0.0;12.7;Dropout
6.0;0.0;2.0;0.2696738204380895;1.0;5.0;37.0;1.0;0.1330189956836701;121.0;0.0;1.1309744278062708;32104;1.0;-1.1437157779742886;0.0;135.0;60399;9238.0;0.0;6.0;-0.03307525236381594;10.0;19.0;5.0;;10.0;1.0;10.6;-1.0780077139635724;2.6;65192.0;11.0;0.8406009784750912;0.0;0.0;0.17832958726323747;0.0;14.0;-0.9288336742650174;0.24747084283400278;;0.433261692227063;1.0;0.006380656994548653;10.0;1.0;0.32;78500;-1.3216882533545906;1.0;18.0;-1.5472966295268524;18642;-0.09076194347176915;0.0;7.6;Enrolled
5.0;0.0;0.0;0.026035062632394888;1.0;9.0;37.0;1.0;0.2437668101924316;96.0;;-0.2805723880543605;37231;0.0;0.7705022138557944;0.0;133.1;93342;8014.0;0.0;6.0;-0.07792198916473564;6.0;11.0;0.0;0.0;7.0;1.0;0.0;-0.4783369897209981;0.5;48720.0;47.0;0.0553484859464336;0.0;0.0;-0.406192368090936;0.0;;-0.9584433699117578;0.25810884004994933;0.0;-0.7625003614739699;39.0;0.15539929665139038;0.0;;1.79;67862;0.004556824945600413;1.0;50.0;1.5217889732357095;24457;0.9968170200232238;0.0;12.4;Dropout
7.0;1.0;6.0;-0.4741389473059162;0.0;3.0;3.0;1.0;-1.9012086250262723;116.6;0.0;1.3724431805642519;23398;;-0.4783373884913608;0.0;125.0;45121;9853.0;0.0;7.0;0.23783861242040305;7.0;;7.0;0.0;3.0;1.0;12.285714285714286;-0.1043888642558086;1.4;82944.0;68.0;;1.0;0.0;-0.5568492918231364;0.0;8.0;-0.20450255642254214;-1.3161519694282937;0.0;-1.293227410552346;17.0;0.23465806563492655;13.333333333333334;1.0;3.51;26730;-0.4662456513443391;;18.0;0.2242314410317344;17417;-0.6743018940932767;;8.9;Enrolled
5.0;0.0;5.0;-0.49071576070636536;0.0;9.0;38.0;6.0;0.6026979998756027;128.7;1.0;1.78348487018686;76813;1.0;1.159096444094184;0.0;143.0;31966;9147.0;0.0;5.0;1.733260621288509;6.0;37.0;4.0;;9.0;1.0;14.0;-1.6603672466550468;0.6;81981.0;44.0;;1.0;0.0;;0.0;5.0;1.105332543845991;0.2886399471167301;0.0;1.2302447322819987;;-0.12389084724356332;13.8;1.0;2.02;79546;-0.5788556197884449;1.0;;1.3487728440670128;69536;2.4794034521548225;0.0;11.1;Enrolled
5.0;0.0;0.0;0.3451705919833726;0.0;90.0;1.0;1.0;0.24831683955559872;143.4;1.0;-0.7387191368544488;54589;1.0;-0.39273757822956723;0.0;130.0;54888;9119.0;0.0;3.0;0.8762756143384679;3.0;38.0;0.0;1.0;;1.0;0.0;0.5768139749961225;1.4;18789.0;38.0;0.9281478084170255;0.0;;-0.12721579085987272;;0.0;-1.8314276438450185;0.5585120787317357;3.0;1.748175382348123;39.0;-0.7021617030922251;0.0;1.0;1.74;43967;-0.10690662541073999;3.0;;-0.1093575047678297;63543;0.7630703801537592;0.0;10.8;Dropout
5.0;1.0;3.0;-0.15928693035016447;0.0;4.0;1.0;2.0;-2.119392943833091;126.4;0.0;-2.9209953146969334;28084;1.0;0.6319096665579241;0.0;132.0;19069;9147.0;0.0;5.0;-1.6040143215323632;13.0;19.0;3.0;;3.0;1.0;10.6;1.0221282705262742;-0.3;72588.0;82.0;0.27971562829187;1.0;0.0;-0.48518868116714137;0.0;;-0.362849219692696;-1.5971014647005801;0.0;0.23470961331202944;1.0;0.6434030426793305;;1.0;0.79;67690;0.857971346529255;1.0;;-1.856267498765311;11889;-1.1274854031700103;0.0;13.9;Graduate
8.0;0.0;7.0;-1.15180300516887;0.0;4.0;19.0;;-0.11670926888492182;122.0;0.0;1.0445095432712728;37722;1.0;0.17956237377290588;0.0;131.0;15820;9500.0;0.0;;1.5337594472768745;;19.0;;1.0;;1.0;14.014285714285714;-0.00791773490932441;3.7;12431.0;72.0;-2.152666518543783;1.0;0.0;-1.8566902431883854;0.0;8.0;1.309872622866183;1.4631160223687936;0.0;-0.36168493893011644;1.0;-0.11169276650414407;14.014285714285714;1.0;-1.7;68504;-0.5470082766076154;1.0;;2.637367541069991;47161;0.18522933093641553;0.0;12.7;Enrolled
5.0;0.0;5.0;-1.897286045973107;0.0;3.0;3.0;1.0;-0.8085415219386677;100.0;0.0;-0.3419718973601411;97998;1.0;0.7439018737144868;0.0;100.0;61466;9130.0;1.0;5.0;1.505863024410833;10.0;4.0;5.0;1.0;2.0;1.0;14.857142857142858;-2.6972420584385057;-0.8;25614.0;11.0;0.7122537164010486;0.0;0.0;1.2720678866772048;0.0;7.0;-1.2321293934376853;-1.235796302904856;2.0;1.0462780127177047;43.0;-0.49561731205497855;;41.0;-3.12;82488;-0.71539345572387;;19.0;0.13108854718723997;36437;0.7726835180321313;0.0;9.4;Enrolled
6.0;0.0;6.0;-0.5954884869308772;0.0;4.0;3.0;1.0;-0.4533232643137902;130.0;1.0;-0.8661864131319914;62038;1.0;0.10994689214762728;0.0;130.0;12667;9003.0;0.0;6.0;0.2630745671988689;8.0;1.0;5.0;1.0;6.0;1.0;11.5;-0.25299276441509744;0.5;78501.0;88.0;-1.0708599258190108;0.0;0.0;;0.0;11.0;1.2539006632557497;-1.1382381180889076;0.0;0.470350036713133;44.0;1.4799936990975222;11.333333333333334;;1.79;85250;-0.48101065840268314;39.0;19.0;-1.0002086234017997;55004;-0.34936910551970984;0.0;12.4;Enrolled
5.0;0.0;0.0;-1.3822687367164619;0.0;99.0;34.0;1.0;-1.3381007846778628;96.0;1.0;-0.5887181061529682;71872;1.0;-1.6633974123432438;0.0;133.1;15775;9130.0;;5.0;-1.6177652478781663;5.0;34.0;0.0;1.0;99.0;1.0;0.0;-1.39338621236748;2.6;;77.0;-0.22138194922990814;0.0;0.0;-0.7319350158782632;0.0;5.0;-1.1277929765676722;0.20195531186049384;0.0;-0.2107071167128448;39.0;-0.12131196039145109;0.0;1.0;0.32;45153;0.9209254794481379;19.0;31.0;1.1457622883908887;62663;-1.4951440475767068;0.0;7.6;Dropout
5.0;0.0;0.0;-0.8355699885294011;0.0;2.0;5.0;5.0;0.41618867867357234;111.9;0.0;-0.4148138213660293;87087;1.0;1.008793539242132;0.0;121.0;50975;;0.0;5.0;-0.15161897565363683;12.0;3.0;0.0;1.0;;1.0;0.0;-0.6096190325367516;3.7;39058.0;;0.00733406842951939;1.0;0.0;-1.128423682545331;0.0;5.0;-0.9165416140844007;0.5346987907833008;3.0;0.9680745251161214;18.0;1.0919866014965909;0.0;1.0;-1.7;17296;-0.07001788813411436;;21.0;2.0358572812442954;55024;-1.0390639415988954;0.0;12.7;Dropout
7.0;0.0;1.0;-0.4233052509939386;1.0;9.0;1.0;1.0;1.761776380570226;100.0;0.0;1.29719309069374;46103;1.0;-0.08768292245790726;3.0;140.0;30674;9003.0;1.0;9.0;0.46872798791005604;9.0;1.0;3.0;0.0;9.0;1.0;14.333333333333334;1.4519363006285246;2.8;23822.0;74.0;1.8972773212249685;;0.0;0.7707320674529213;1.0;8.0;-0.14722177787598442;0.7776713045957315;0.0;-0.809633167766715;;1.2268384471093907;14.0;41.0;;49091;0.279907724349316;1.0;29.0;-0.20243817445701345;45891;0.5420929443455513;0.0;15.5;Dropout
6.0;1.0;;-0.14609917289053218;0.0;;1.0;3.0;0.2650235741702826;121.0;0.0;0.1599112393175145;41338;1.0;0.789516077354813;0.0;;26168;9238.0;0.0;6.0;0.9965510134041364;7.0;;6.0;1.0;;1.0;11.333333333333334;-2.434473082869535;;39143.0;25.0;-0.25324205794921395;1.0;0.0;-1.298431969096525;0.0;6.0;1.873459068380936;0.560992335208481;0.0;-0.690805049922266;1.0;1.287672835425793;11.5;1.0;1.79;46017;1.5530235418310676;1.0;19.0;-0.09924241072697185;13642;-1.7546164725683715;0.0;12.4;Graduate
;0.0;0.0;-0.666005831914257;0.0;;1.0;2.0;-2.1593841017636466;148.6;1.0;1.2835986301081355;99819;1.0;0.6902464768688565;0.0;130.0;55680;171.0;1.0;0.0;-1.7704477912488932;0.0;1.0;0.0;1.0;3.0;1.0;0.0;-0.8163625248873582;0.6;80140.0;19.0;-1.4227718360529964;1.0;0.0;0.13398730185796676;;0.0;-0.6400071964123158;-0.5197030143569934;0.0;0.36363175676280024;;0.6911578081111006;;41.0;2.02;40166;2.8432732454478917;1.0;20.0;0.23804623471157915;81327;-1.4493445718460223;0.0;11.1;Dropout
;0.0;4.0;2.1912011081614997;0.0;9.0;19.0;1.0;0.28559603733279876;122.5;0.0;0.4942201192784956;60968;;-0.7732964810113417;0.0;126.0;39497;9130.0;0.0;5.0;-0.7691045476676663;14.0;1.0;4.0;0.0;9.0;;;0.8295696118548928;-0.8;60825.0;94.0;1.4696437083235199;1.0;0.0;-0.5836490018735813;0.0;10.0;-1.7329627883622294;0.10856129348601495;2.0;0.11424141292676071;1.0;-0.0006334968757647034;14.25;;-3.12;53977;0.6403874156224512;1.0;25.0;-1.1109706315521002;81644;0.5368347469339261;0.0;;Dropout
;0.0;1.0;-1.2611030335979663;0.0;2.0;3.0;1.0;-0.19463879219903518;119.1;0.0;-0.3092307239504844;29455;;-0.9147954051752969;0.0;;65242;9773.0;0.0;6.0;1.0980164114413735;13.0;2.0;2.0;;;1.0;;-0.7019261195486607;-0.8;21717.0;67.0;0.7257322149982198;1.0;0.0;-0.5254196605623322;0.0;14.0;-1.4019360474791251;-0.31667037334641124;;0.6372790224822711;1.0;-0.06404169065102566;10.0;;-3.12;61882;0.5413566606536869;1.0;22.0;-0.6906674495813695;87363;-0.22254921684682955;0.0;9.4;Dropout
5.0;0.0;4.0;1.209212457940401;;7.0;1.0;;-1.101012534754103;120.1;1.0;-0.3903572032092572;87249;1.0;0.655355101449004;0.0;125.0;48303;9147.0;0.0;5.0;1.501765070677553;8.0;38.0;5.0;1.0;7.0;;11.2;-0.7784301771719252;;53805.0;45.0;0.7629758049383263;0.0;3.0;-1.1035595309758999;0.0;;0.9319481902725107;0.17425903692465192;;1.193330921295176;1.0;-0.24412011848328874;10.75;;-0.92;66100;-1.1845270426183052;1.0;19.0;1.781925864365022;73061;-0.6957803896047969;0.0;16.2;Dropout
7.0;;0.0;-0.16256800969280905;0.0;1.0;3.0;1.0;0.3536238313910272;131.6;;0.5616087507496011;78661;1.0;-0.3032490294105138;0.0;140.0;27487;;0.0;7.0;0.4305274326631392;0.0;3.0;0.0;1.0;7.0;1.0;0.0;2.0324061686075274;;28106.0;;1.4884180035291825;1.0;0.0;-0.6203194325216602;0.0;0.0;-1.3547402850922816;0.06845665960602013;0.0;-1.5524490998928218;;-2.1668956700131257;0.0;;2.02;43717;0.36851554456578073;1.0;19.0;-0.13220643789951475;39465;-0.4947321473225333;0.0;11.1;Dropout
5.0;0.0;0.0;-0.6575263913405929;0.0;9.0;19.0;2.0;0.8797647281273557;126.3;0.0;0.8204256293327086;46061;1.0;0.936429279466497;0.0;121.0;73387;9147.0;0.0;5.0;1.1485122136202721;12.0;19.0;1.0;1.0;;1.0;10.0;0.3783873934105239;3.7;20940.0;60.0;1.7232088486329806;1.0;0.0;0.008812391506857966;0.0;5.0;1.1879645754811665;-0.5049086095761036;2.0;0.03895177893839231;;0.7188068057478623;0.0;;-1.7;65477;0.06199529186129578;1.0;20.0;-0.8375569780252101;71910;-1.4708138128443196;0.0;12.7;Dropout
6.0;;2.0;0.5875760103912714;1.0;4.0;1.0;1.0;-0.6684934818931376;123.0;0.0;0.9967926857008693;34384;1.0;-0.17820094286302327;0.0;138.0;93945;9238.0;;6.0;0.45528127100631993;9.0;19.0;5.0;0.0;7.0;1.0;11.4;0.9343024110319759;1.4;;97.0;-0.8917340638495348;;0.0;0.235312226348993;0.0;14.0;0.0697908211006055;-0.3472179161629584;0.0;1.9010804114372304;1.0;0.24446556638507907;13.5;1.0;3.51;98906;0.8922482534451703;1.0;18.0;-0.45204189636327474;91132;0.4844534304549453;0.0;8.9;Dropout
6.0;0.0;6.0;-0.45287755126834034;0.0;4.0;19.0;1.0;-1.643732810811891;118.2;0.0;-0.261538511375743;69114;1.0;1.0234097774482882;;128.0;75425;9670.0;0.0;6.0;0.9630847581139547;6.0;1.0;6.0;1.0;1.0;1.0;13.166666666666666;0.49466971787421915;1.4;78438.0;75.0;-1.3909897527417179;0.0;;-0.7855924812829784;0.0;9.0;-0.03227122661494361;-1.8522043253028535;0.0;-0.5965536902875491;;0.8255242662086274;13.0;;1.74;68565;-0.39184686100302435;1.0;19.0;1.0728236873301344;13082;-0.8065435550174455;0.0;10.8;Dropout
;0.0;5.0;-0.806964686439436;0.0;9.0;37.0;1.0;-2.0116722395428694;130.0;1.0;0.1752058564044724;58920;;0.4233044842091017;1.0;100.0;26318;9991.0;0.0;5.0;0.14512227513246032;6.0;19.0;4.0;1.0;4.0;1.0;10.25;0.16169739159877825;;24426.0;51.0;0.8424692435217134;0.0;;-0.09093440243741396;3.0;18.0;0.2973042459594577;0.83013001966058;0.0;-0.7147477503092114;43.0;-0.1170015514719639;11.2;1.0;-4.06;64269;0.2007170638480723;1.0;40.0;-1.975896885124939;55644;-0.5357521845838709;0.0;15.5;Dropout
0.0;0.0;0.0;1.789809902248607;0.0;9.0;19.0;1.0;-0.6656850935853221;130.0;1.0;0.5840404092553264;31299;1.0;0.2879749937141485;0.0;120.0;60181;171.0;0.0;0.0;0.47994854321821684;0.0;19.0;0.0;1.0;9.0;;;1.2640249099721235;2.6;25864.0;61.0;-0.26246731680706514;1.0;0.0;0.8884544309704219;0.0;0.0;-0.8009203358967713;0.2975575069885842;0.0;-2.240987322753276;7.0;0.6648251619535254;0.0;1.0;0.32;35705;0.6052323264315527;3.0;37.0;0.2546498973538494;68653;0.3467851365871779;0.0;;Dropout
5.0;0.0;4.0;-2.1944600462682695;0.0;99.0;;1.0;-0.1555034692598096;114.3;1.0;-0.38396502593686194;14897;0.0;-0.3740111987402744;0.0;160.0;23828;9991.0;0.0;5.0;-1.2217785933831198;9.0;34.0;3.0;1.0;99.0;2.0;11.0;1.9053466044672862;2.6;;80.0;-0.17177800302987245;0.0;1.0;-1.6626285569490726;0.0;8.0;0.13787192149519203;-2.3066801493826263;0.0;0.10174839861600972;39.0;-1.3775070628614443;12.5;1.0;0.32;40212;1.8985425748233362;1.0;40.0;2.4622187450424615;98658;-0.25662753545421646;0.0;7.6;Enrolled
;0.0;1.0;-0.24487382549239659;;0.0;37.0;;-0.5160055636374792;150.8;0.0;-1.1349400338027669;83719;;0.2324276140615166;0.0;170.0;12340;9238.0;0.0;6.0;0.7221372659725718;13.0;37.0;2.0;1.0;0.0;1.0;11.0;-1.683516924610645;2.6;;1.0;-1.1216693928988264;1.0;0.0;;0.0;14.0;-1.1930729967370544;0.7931602687342943;0.0;0.580608481022411;1.0;-1.16926560926157;11.0;1.0;0.32;14648;1.5637717926116745;;27.0;2.0310626272890295;55040;-0.7046533096343361;0.0;7.6;Dropout
5.0;0.0;4.0;0.19007162049412393;0.0;;38.0;1.0;-0.6832820926623819;150.0;0.0;-0.8062710667021233;86180;1.0;1.1928527149527093;0.0;150.0;24608;9085.0;0.0;5.0;-1.252352847885232;10.0;1.0;2.0;1.0;5.0;1.0;14.5;-0.03531735618704696;3.7;55210.0;78.0;0.5838966157876588;0.0;0.0;-0.9507839454021733;0.0;7.0;1.3488909296540648;-0.05302780855647695;1.0;0.5785542232603268;44.0;-2.4762115997213816;;1.0;;55734;1.2660723566460805;39.0;20.0;0.5732027808186728;89159;-1.9894384247239287;0.0;12.7;Enrolled
5.0;;3.0;1.408022533177587;0.0;4.0;1.0;2.0;0.567899527128155;115.3;0.0;-0.24103544254798545;91586;1.0;-0.05421545866331975;0.0;123.0;82856;;0.0;5.0;0.7210160659805871;9.0;38.0;3.0;;7.0;1.0;13.0;-0.043198748398427765;1.4;78790.0;;0.40213117381080843;1.0;0.0;-1.0526841721165314;0.0;11.0;-1.0272952299106697;-0.9368221163613831;0.0;-1.0370512533817633;17.0;-0.13434919583162616;11.0;1.0;3.51;16701;0.7271192703383661;;18.0;1.3164426100439806;78450;0.36742584586781474;0.0;8.9;Enrolled
6.0;0.0;0.0;-0.39843089784548363;0.0;9.0;19.0;1.0;0.46282604614592426;120.0;0.0;0.662207139220301;42953;1.0;0.5311744436838554;0.0;130.0;93656;9003.0;0.0;6.0;-0.43898303698163843;6.0;;0.0;;9.0;1.0;0.0;-0.42927723531224793;0.6;12068.0;;-0.15549808664786932;0.0;0.0;0.26101151299810066;0.0;6.0;0.43888063492369617;-1.0254251793653046;0.0;-0.008713679372551113;39.0;-0.7725255877786001;0.0;1.0;2.02;80254;-0.43132653339656546;1.0;25.0;1.306826284796275;81093;0.07899296760840173;0.0;11.1;Dropout
6.0;0.0;4.0;2.6610152443350024;;3.0;1.0;1.0;0.1995934027601921;140.0;0.0;1.2589774955721018;73368;;0.046360076249706055;0.0;140.0;63747;9003.0;0.0;6.0;0.3699883039639026;13.0;19.0;;0.0;9.0;;11.6;0.9810606294734381;0.5;25050.0;49.0;-1.3883422476355272;1.0;0.0;-0.5452514686675594;0.0;11.0;-1.034750302260612;-0.6882221687476503;;0.2215461313953466;;-0.9033818751704199;12.25;1.0;1.79;96129;0.7265387021160932;;23.0;-0.12585200348909859;18718;-0.5173874576833732;0.0;12.4;Dropout
6.0;0.0;2.0;0.7591190613482472;;4.0;1.0;1.0;0.8164877843441061;124.6;1.0;-1.3560472087346207;62603;1.0;0.12460404274542186;3.0;;89088;9238.0;0.0;9.0;-0.9527967206069873;9.0;44.0;3.0;0.0;2.0;1.0;13.333333333333334;0.2568876825190573;1.4;41816.0;59.0;1.2091500288064518;1.0;;-1.2168031262351;2.0;6.0;-0.533204586491409;-0.9315253339782039;0.0;0.05210767782873524;17.0;0.33465237796530783;;1.0;3.51;82549;-0.7722679287045329;1.0;20.0;0.9247938033643068;55377;-1.0373991054668465;0.0;;Dropout
5.0;0.0;;-2.3672928107544697;0.0;1.0;3.0;1.0;-0.6563073527953184;133.6;0.0;-0.5973450139299826;33964;1.0;1.7234107569382986;0.0;135.0;46866;9085.0;0.0;5.0;-0.5036081874069511;12.0;2.0;4.0;;;1.0;14.6;1.925472864442779;-0.8;78238.0;64.0;0.2557045082409063;1.0;1.0;1.3242831920699876;0.0;5.0;-0.3738320341598101;-0.7971880004372696;3.0;-1.0948045000474982;1.0;-0.4255071941976285;12.75;;-3.12;24098;-0.2062188683916423;1.0;22.0;1.788583018787357;77203;0.012762478653524782;0.0;9.4;Dropout
;1.0;0.0;-1.453682728967563;;3.0;3.0;1.0;-1.094559235058568;147.7;1.0;-0.3578624970632518;93454;1.0;1.2017300310395511;;148.0;12973;9119.0;0.0;5.0;0.36797091938043885;5.0;19.0;0.0;1.0;;1.0;0.0;1.1002664092961025;-0.8;18152.0;67.0;1.117843730156241;;0.0;;0.0;5.0;2.98134798092135;1.7006342163564554;;0.07730752508065647;18.0;-1.4330910068036626;0.0;1.0;-3.12;67338;1.7783688301033314;1.0;18.0;-1.263762243124131;21223;0.48047176052576845;0.0;9.4;Dropout
0.0;1.0;0.0;0.2369340007917713;0.0;7.0;37.0;1.0;-0.5223336742273718;126.8;0.0;0.7947170323066438;40242;1.0;0.07940381519571835;0.0;140.0;91379;171.0;0.0;0.0;0.7543316332510144;0.0;37.0;0.0;0.0;;1.0;0.0;1.364702437788823;3.7;69483.0;;-2.1030125228795655;1.0;0.0;-1.9323059563591691;0.0;0.0;-0.014446086735217058;0.37112599438269284;0.0;-0.8145647475681062;;2.544766772752098;0.0;;-1.7;48750;0.5379817245076602;1.0;18.0;0.5766508774815967;96550;0.09775888132430396;0.0;12.7;Dropout
5.0;1.0;0.0;-1.1438662573569283;1.0;3.0;19.0;1.0;-0.5913027716817708;121.6;0.0;-0.5281105353885002;12722;1.0;0.2144540879360341;0.0;123.0;75394;9130.0;0.0;5.0;1.0937911771589663;7.0;3.0;0.0;1.0;;1.0;0.0;-1.199164219986234;2.6;16317.0;79.0;0.05682315296327967;1.0;0.0;-1.474428128002068;0.0;5.0;-0.8215297970402053;2.0360103178734716;0.0;-1.8719074945409695;;-0.03701062048807586;;1.0;0.32;10209;0.22701307148516015;1.0;19.0;0.3614754480885518;71583;1.6380655204921528;0.0;7.6;Dropout
6.0;0.0;;0.5478332446417096;0.0;5.0;19.0;1.0;-2.0512894560470265;117.6;0.0;-0.4297323349474719;24908;1.0;-0.7018705035509689;;127.0;69292;9773.0;0.0;;-1.1500736638399;6.0;1.0;0.0;1.0;5.0;1.0;0.0;-0.8060859240170528;;98362.0;81.0;-0.716898808666413;;0.0;0.5934570713186816;0.0;;-0.44455561177387704;0.2257386156202008;0.0;0.6813064613122654;43.0;-1.0831630529356961;11.0;1.0;-0.92;74485;0.3557108625041354;1.0;18.0;0.10316448497421116;86587;0.7047745026050286;0.0;16.2;Enrolled
5.0;0.0;4.0;-0.45372978326480484;0.0;;1.0;2.0;-0.5455686395469708;;;-1.411992577150224;97120;1.0;-0.17297154626495317;0.0;130.0;16613;9147.0;0.0;5.0;-1.501132819688077;8.0;38.0;2.0;;7.0;1.0;10.5;-0.7236914548697733;1.4;28787.0;80.0;0.03614728702465186;1.0;0.0;-0.2848738330374696;0.0;11.0;-1.504672551787527;0.579265720083831;0.0;0.14003586307398105;17.0;-0.6698354609330497;12.25;1.0;1.74;88174;-0.09382787040339419;1.0;20.0;0.014633305665380455;66951;-0.10728308967404143;0.0;10.8;Enrolled
;0.0;0.0;-1.1960264038786907;0.0;90.0;37.0;1.0;1.1048505551822252;108.4;0.0;0.483407315973259;16185;1.0;0.309397787548615;0.0;110.0;96632;9119.0;0.0;;-0.9753063319064694;5.0;37.0;0.0;1.0;90.0;1.0;0.0;1.3231188022504494;1.4;;32.0;0.9432105654472299;;0.0;1.5005746443549572;0.0;6.0;-0.162785921455058;-0.8807051930677161;0.0;0.5918952599777157;39.0;-0.17314296900920387;;1.0;1.74;51555;-2.1558183997322375;1.0;;0.23166997253042865;90474;0.7382787560965639;0.0;10.8;Dropout
5.0;0.0;1.0;-0.9645893739445153;;4.0;1.0;4.0;0.8008534306178624;106.0;0.0;-0.16139907459655461;57265;1.0;0.8506135895691279;0.0;133.1;16777;9147.0;0.0;5.0;-1.0656082226952288;11.0;19.0;2.0;1.0;6.0;1.0;10.5;-0.9671762861318086;3.7;66033.0;84.0;0.36994736619662705;;0.0;0.6163363985410102;0.0;14.0;1.8510866644088677;-0.16802838244570406;0.0;-0.5344546236344808;1.0;-0.1752459622572007;11.0;1.0;-1.7;91881;-1.2643871485968394;1.0;24.0;0.31557219784948487;91015;0.04866227839107852;0.0;12.7;Enrolled
6.0;0.0;0.0;0.8519136050796912;0.0;;37.0;1.0;0.52518385695608;95.8;1.0;-0.6540450349795964;53678;1.0;0.749220896910919;0.0;111.0;11393;9003.0;0.0;6.0;1.5668289286788983;0.0;37.0;0.0;0.0;10.0;1.0;0.0;-0.9379343492107619;2.8;45119.0;17.0;0.018122234087035862;1.0;0.0;;0.0;0.0;0.3360395309800264;-0.0816801711382661;0.0;0.6265419815640361;39.0;1.302164273045876;0.0;1.0;-4.06;14996;0.617238349663786;1.0;43.0;1.1186152928631783;16822;0.045192754522654074;0.0;;Dropout
;0.0;0.0;-2.0229535439078057;1.0;7.0;19.0;1.0;0.13161804323697918;137.2;0.0;-0.25951322448209657;80266;0.0;-1.1092590559045103;0.0;133.1;16841;9991.0;0.0;5.0;1.3402080969802712;5.0;;0.0;0.0;9.0;2.0;0.0;-1.1213554174005556;1.4;78691.0;97.0;0.01278043502973612;;0.0;-1.0218626918254372;0.0;6.0;0.903400949726854;0.6200924453597493;0.0;1.022128168319359;39.0;-0.07942995763220768;0.0;1.0;1.74;88447;-0.9205451504917389;19.0;32.0;0.47651466322717995;94353;1.2963637973110222;0.0;10.8;Dropout
6.0;0.0;4.0;1.0452748251655632;0.0;5.0;37.0;1.0;1.4488985261420313;116.9;1.0;1.126995501931263;83898;;0.9769827306786314;0.0;126.0;94694;9003.0;0.0;;-0.9966167331842901;;;6.0;1.0;2.0;1.0;13.666666666666666;2.7530272188787532;-0.3;65804.0;8.0;-1.559765177706711;0.0;0.0;0.4914402948644716;0.0;10.0;-0.9099436398051042;-0.04948358075218695;;1.7539889077572322;17.0;1.8552081718682523;12.25;1.0;0.79;71306;-0.10758574061931014;1.0;19.0;-0.1778765946763719;57667;-0.8980578781405189;0.0;13.9;Dropout
6.0;0.0;0.0;1.0745368728078772;0.0;9.0;37.0;1.0;-1.0601678948679611;126.3;1.0;-1.004886908319843;52573;1.0;-0.08877367937755289;0.0;133.1;84665;9070.0;0.0;6.0;1.7103090860835093;6.0;37.0;0.0;0.0;10.0;2.0;0.0;-0.1422319096661238;1.4;50536.0;6.0;-0.9065680538145977;0.0;0.0;-1.2757639547504669;;8.0;-0.20334216924170692;0.3513274917321119;0.0;0.8138551799426986;;-0.43242294401210585;;1.0;1.74;70399;-1.2274431219538922;19.0;38.0;-0.8399214574910292;53991;0.023309648054958408;0.0;10.8;Dropout
6.0;0.0;0.0;-0.33140680379455617;;9.0;19.0;1.0;-0.9648271219628666;140.0;1.0;-0.8416596311035961;66852;1.0;-0.9869913556775379;0.0;130.0;20185;9238.0;0.0;6.0;1.2804986435158507;7.0;3.0;;1.0;2.0;4.0;12.25;0.5298880165590641;1.4;69567.0;3.0;;0.0;0.0;1.3052445334100689;0.0;7.0;0.20390263525616925;0.3155278770590623;0.0;0.38478964733287285;39.0;0.42643604025989235;0.0;;3.51;55274;-0.7186476080491133;1.0;50.0;-0.4724425178270377;32199;1.1897100026496046;0.0;;Dropout
5.0;0.0;2.0;-1.4044426428406136;0.0;9.0;36.0;1.0;1.124295273688533;;1.0;1.252252447465621;83430;0.0;1.3363847374319215;0.0;140.0;48468;9991.0;0.0;;-1.6296028580143846;9.0;14.0;4.0;1.0;10.0;2.0;;-1.1406173179952024;;35828.0;55.0;-0.5055368318568499;1.0;0.0;0.4221385890182419;;;-0.7253068304262513;-0.30285767252022616;0.0;-1.3798837804770798;39.0;1.0219801943278304;10.0;1.0;-3.12;12438;-0.004261532178775855;1.0;41.0;0.2611661028790306;46387;0.30899055817489085;0.0;9.4;Dropout
6.0;0.0;4.0;0.5558642090990629;0.0;;34.0;3.0;0.027604896838708655;131.3;0.0;0.07577482801885757;82863;1.0;1.463278996737953;0.0;;57560;9853.0;0.0;6.0;-1.0302323300470801;8.0;34.0;5.0;;0.0;1.0;;0.9592583999199787;2.6;77107.0;;;1.0;0.0;-0.8248305767575925;0.0;8.0;0.400006736731085;-0.4056910644244185;0.0;-0.10652522923874783;17.0;1.1951523047116783;10.5;1.0;0.32;50699;0.9238606365819626;1.0;;-0.7060707378823271;59042;-0.3690529853687782;0.0;7.6;Dropout
5.0;0.0;;-0.48635931717624037;0.0;;1.0;1.0;-0.6711783070441786;;1.0;0.6697540967119173;89249;1.0;0.2637469823406603;0.0;110.0;60132;9119.0;0.0;5.0;-1.6592598522933881;7.0;1.0;0.0;1.0;4.0;1.0;;-1.7736666252424869;1.4;73063.0;60.0;;0.0;0.0;0.8046774281323147;0.0;;0.6154284151887665;-0.6689931346949402;;-1.4226614390378378;;1.311872217428813;11.0;1.0;1.74;95569;1.1243273696436829;1.0;;0.945877088714622;57950;-1.7061597653741696;0.0;10.8;Enrolled
;0.0;2.0;-1.5151176807370699;0.0;;1.0;1.0;0.5519246267564701;114.4;1.0;0.4017519100056866;73650;1.0;0.7087936019052349;0.0;123.0;28164;;0.0;5.0;-0.08658164540371352;;1.0;0.0;1.0;4.0;1.0;0.0;-0.9790027452004435;2.8;52175.0;81.0;0.8792051103675983;0.0;0.0;2.2415248891363353;0.0;8.0;0.54284805083654;1.0823036890287159;0.0;-0.8188758697343548;43.0;-0.2720117408801346;11.5;1.0;-4.06;51620;-0.7346372338220964;1.0;22.0;0.43005514067285533;73591;-2.2703469421937092;0.0;15.5;Dropout
6.0;;2.0;1.9091402279460612;0.0;4.0;1.0;1.0;-0.43846696168798505;121.9;1.0;-0.03533455229394842;44350;1.0;0.767449208744432;0.0;125.0;12773;9254.0;;6.0;0.01741212405689858;15.0;3.0;3.0;1.0;1.0;1.0;11.666666666666666;-0.7313738994719998;1.4;69215.0;73.0;0.3329143897965165;1.0;;-0.21761709980945082;0.0;14.0;-0.15108327733834576;-0.30243161131841206;0.0;1.9550583253336882;1.0;-0.005489260274919299;12.5;1.0;1.74;16102;0.30670323858909154;1.0;18.0;1.1435274200570102;71127;2.076181189760748;0.0;10.8;Dropout
;0.0;0.0;-0.8844132959221176;0.0;1.0;37.0;1.0;-0.8375254954727348;161.9;1.0;-0.34829911914855655;60310;0.0;1.395772152812251;0.0;100.0;12782;;0.0;5.0;0.015539847100134492;;37.0;;1.0;1.0;2.0;0.0;0.21887153850827396;0.3;84491.0;26.0;-0.4360082332545034;0.0;;0.5504131896912926;0.0;;1.0909113006525608;0.32889750446067384;0.0;-1.0230335112514375;39.0;-2.4794225665636755;0.0;;;54470;-1.4254287121724436;1.0;59.0;-0.6388192209670263;77213;0.3085118212508116;;16.2;Dropout
;0.0;9.0;-1.4721508867300803;0.0;;3.0;1.0;-0.8653518128670903;;1.0;0.8315580224838186;75036;1.0;0.7280685254317251;4.0;120.0;91079;9003.0;0.0;9.0;-2.026727393343913;13.0;1.0;8.0;1.0;6.0;1.0;13.333333333333334;-0.7930823140871928;0.3;67785.0;95.0;-0.15115206015210553;;0.0;-0.4318293196910016;5.0;12.0;-0.2576174385184792;-0.1565551346553375;0.0;-2.342592604425289;42.0;-0.19601003860056074;13.11111111111111;1.0;-0.92;23453;0.05641059931722482;39.0;24.0;-0.831067664648249;62061;-0.5840731390862621;0.0;16.2;Enrolled
4.0;0.0;0.0;0.28505081980757097;0.0;0.0;1.0;3.0;0.32154936102601617;148.7;1.0;1.162336567811155;36678;1.0;-1.3276882774385688;;149.0;65957;9773.0;0.0;4.0;-1.4272389341356218;4.0;3.0;0.0;0.0;0.0;1.0;0.0;1.5239981010956674;1.4;35824.0;22.0;0.6403859005866983;0.0;0.0;0.08535221761834523;0.0;8.0;-0.3488207877772787;1.0626173928773215;;0.813166194426149;1.0;1.0912541779299818;0.0;1.0;1.74;47923;0.9533179207379235;1.0;20.0;1.1360572262676651;99242;0.34945688912984085;0.0;;Dropout
7.0;0.0;4.0;-0.06784743628366471;0.0;;19.0;1.0;0.20581549663066248;105.0;1.0;1.0841883470160967;99874;1.0;2.0098077489711277;0.0;133.1;98381;9556.0;0.0;7.0;0.260154875825153;;1.0;4.0;1.0;10.0;1.0;12.95;0.5032232044264245;2.8;34906.0;74.0;-2.125614124269261;;1.0;-1.5072345600314474;;11.0;1.441539007100459;-1.9880876600223187;;-0.6730670683542538;39.0;0.8968364798558827;13.125;1.0;-4.06;66510;-0.06704739309822098;19.0;25.0;0.1299539566675541;89066;-0.94767413830335;0.0;15.5;Dropout
5.0;0.0;3.0;1.4861883692433777;0.0;9.0;19.0;1.0;1.5167467666559509;;;-1.1854716336476838;49941;1.0;1.065656889480043;0.0;130.0;87427;9119.0;0.0;5.0;0.6222224861501321;10.0;;4.0;1.0;4.0;1.0;12.0;-0.6896034260842834;2.6;96699.0;73.0;1.2437763926278074;1.0;1.0;-0.0005295135058651056;0.0;8.0;-1.106966299700577;0.3029698455967558;0.0;0.7680074944198942;39.0;-0.08648712101008141;13.666666666666666;1.0;0.32;16028;1.3156872409638214;1.0;;-0.20251712890189022;96185;-0.33120127739626604;0.0;;Enrolled
6.0;0.0;3.0;-0.3805202750823674;1.0;3.0;4.0;1.0;-0.29008924660150287;120.0;0.0;1.304911017844329;78141;1.0;-0.5095242052727647;2.0;120.0;31165;9130.0;1.0;6.0;-2.019811296229976;13.0;4.0;3.0;0.0;;1.0;11.666666666666666;0.9976170770685008;0.5;82755.0;55.0;-0.5001194432004744;0.0;0.0;0.04357732983061141;1.0;11.0;-1.7029689207854803;-1.2549104997078515;0.0;-1.170130028359831;;1.6991394429299576;12.0;6.0;1.79;51562;0.836919302527511;39.0;20.0;0.6986604956523964;75170;-0.9409403929929648;0.0;12.4;Dropout
6.0;0.0;0.0;-0.3699563167016862;0.0;3.0;3.0;1.0;-0.3071494487979124;;1.0;-0.35793525419764505;55541;1.0;-1.0296250723574096;;100.0;18079;9254.0;0.0;6.0;-1.281132017832763;0.0;;0.0;0.0;;1.0;0.0;-0.39328457127305777;;37938.0;81.0;-0.08628415920207531;0.0;0.0;;0.0;0.0;-0.8678163162380933;0.3907014994680098;0.0;-0.42591373274249866;39.0;-0.384005284344807;0.0;1.0;2.02;55506;0.24132454836131817;1.0;24.0;0.6614492386457271;32243;-1.4132735845645044;0.0;11.1;Dropout
5.0;0.0;1.0;0.33522823219616227;1.0;6.0;37.0;1.0;1.4396335305269161;120.0;1.0;-0.7550295375448344;96118;0.0;0.5048134304040838;0.0;120.0;69085;9991.0;0.0;5.0;1.022413139919591;;37.0;0.0;0.0;7.0;1.0;0.0;-0.5904366372401125;0.6;74500.0;12.0;-0.07766253954487182;0.0;0.0;-1.7950031127033497;0.0;5.0;0.38724192667803975;-0.1465465513542071;0.0;1.1958814776189812;7.0;-0.7161398240198995;;1.0;2.02;77927;-0.2497047806489735;3.0;46.0;-1.2557637367332921;96818;-2.104984945837922;0.0;11.1;Dropout
10.0;0.0;2.0;0.19951792122138184;;;37.0;1.0;0.9856467932775906;110.0;0.0;-0.1693276967684734;70097;0.0;-0.27826003836757923;4.0;130.0;30241;;0.0;10.0;-1.224353217238137;14.0;37.0;4.0;1.0;9.0;2.0;10.75;0.8958156474952942;2.6;13379.0;21.0;-0.03983258009585521;1.0;0.0;-0.28088345910777934;2.0;10.0;1.2835910144651879;-1.4783611084744996;0.0;-1.3220202349783141;43.0;-0.4681617352263691;10.0;1.0;0.32;16118;-0.534329789858897;1.0;38.0;1.3846451230860892;92404;-1.5976573922288342;;7.6;Dropout
8.0;0.0;7.0;0.23003771490399802;0.0;;1.0;5.0;0.14489830376273916;118.1;1.0;0.831128435248732;76294;1.0;0.3299953539989592;0.0;130.0;71091;9500.0;0.0;7.0;-0.014699165803902608;10.0;3.0;6.0;1.0;10.0;1.0;12.035714285714286;-2.4528245758881977;-0.3;72322.0;61.0;-1.3136416840581864;1.0;0.0;1.2881172178310354;0.0;9.0;-0.6605185081816152;0.3376397868166987;0.0;-0.16926598184421263;1.0;-1.1224650248361154;13.75;1.0;;66982;-1.457966866755926;1.0;18.0;-0.4104069434153738;36708;1.02128776393746;0.0;13.9;Enrolled
5.0;0.0;;0.2719514971344084;0.0;3.0;3.0;3.0;-1.5610127225813104;117.9;0.0;0.5404641840280625;79701;1.0;0.7434068412782634;;127.0;97078;9147.0;1.0;5.0;-1.3195433810721482;8.0;37.0;;1.0;3.0;1.0;10.0;0.7348170667287091;2.6;28011.0;65.0;0.15172503367896034;1.0;;-0.24177149579875631;0.0;8.0;1.8148375202904201;0.22418181965839756;0.0;0.29130438282947957;43.0;0.6223950317035366;13.0;;0.32;65958;-1.2951573098058087;1.0;22.0;1.700018047741905;89560;-0.9868819612100316;0.0;7.6;Dropout
8.0;0.0;7.0;0.16461629489552215;0.0;5.0;12.0;6.0;-0.8118547822832325;121.8;0.0;-0.25538641185426775;39689;1.0;-0.5664418879967954;0.0;126.0;96964;9500.0;0.0;7.0;0.8314819538599876;8.0;;6.0;1.0;9.0;1.0;13.731666666666667;-0.7130947942136585;0.5;38015.0;78.0;;1.0;0.0;-0.17134153298499766;;10.0;0.02719735427631316;-0.23122115741675406;0.0;-0.7192350977138331;1.0;0.2884818116086091;13.771428571428572;1.0;1.79;10377;0.9949346556099338;;19.0;-1.3335486135636627;56989;0.5348921118028795;0.0;12.4;Dropout
5.0;0.0;;-0.41648296562181963;0.0;9.0;1.0;1.0;-1.0540947973877364;137.1;1.0;0.8376658668779747;41414;1.0;-1.1161079926843374;0.0;136.0;32610;9147.0;0.0;5.0;-2.0169825604534526;5.0;3.0;;1.0;5.0;1.0;0.0;-0.7146073036523718;3.7;;18.0;-2.0444515113960953;0.0;;-0.8332590248821742;0.0;5.0;-0.1155295471981899;-0.10456557749798145;;0.24197020785815282;1.0;0.6099794463730516;;1.0;-1.7;20758;1.5136908062512304;1.0;;0.3173988824803113;75108;0.9566473898452137;0.0;12.7;Dropout
;0.0;0.0;0.8326775967689005;0.0;9.0;12.0;;0.03645177689936918;122.0;0.0;0.13986058075943492;84442;1.0;0.38581846787197815;0.0;129.0;53538;9254.0;0.0;6.0;-0.3044590057879007;;37.0;2.0;1.0;;1.0;10.0;1.9581369349227224;1.4;22513.0;2.0;-1.3007857576123079;1.0;0.0;-0.9326053802627577;0.0;12.0;-0.8499381408195584;0.1615110824981361;0.0;0.01564769420398378;17.0;-0.4143711519312114;0.0;1.0;1.74;67852;-1.081036655041351;1.0;;-0.18562120093847612;40792;0.01657968520745772;0.0;10.8;Dropout
5.0;0.0;0.0;-0.3598974027895524;1.0;9.0;37.0;1.0;-0.5083411145415442;160.0;1.0;-0.5729714655393743;51590;1.0;-0.5333878552769735;0.0;100.0;73650;9119.0;0.0;5.0;0.9403064281783567;5.0;37.0;0.0;0.0;;1.0;0.0;-0.5312127717698095;2.8;81103.0;91.0;0.8958653562957967;0.0;0.0;-1.8258537658331522;;5.0;1.9513551686356334;1.1782202031906055;0.0;0.534542804926203;39.0;-0.058072979339253566;0.0;1.0;-4.06;87411;0.06818692475934822;1.0;;-1.9752346764341837;33188;-0.2985672123210707;0.0;;Dropout
5.0;0.0;0.0;0.8043502976024579;;9.0;3.0;;1.6029048928422998;;;-0.7080352829584932;69970;1.0;0.14609578573239815;0.0;108.0;31412;9147.0;1.0;5.0;0.6100286049755275;14.0;3.0;;0.0;9.0;1.0;0.0;0.9559146327623915;1.4;46273.0;45.0;0.7097971440979943;0.0;0.0;-0.6292152476441543;0.0;5.0;-0.15028887801898694;-0.31432686853273617;0.0;1.8421952379584414;1.0;-2.1784187234089076;0.0;41.0;3.51;87238;-1.574473417171211;1.0;;0.6582079780516632;46189;0.13302292052766373;0.0;8.9;Dropout
7.0;0.0;0.0;1.3877620882785533;0.0;0.0;34.0;1.0;-1.5714372137740087;110.0;;0.4102348444216199;56619;1.0;-1.3433264369622646;0.0;133.1;60668;;0.0;7.0;-0.46411237060836963;;34.0;;1.0;0.0;1.0;0.0;0.2792447291650234;2.6;49542.0;13.0;0.29874123529077695;;6.0;-0.9893550551121234;0.0;7.0;-1.3319880261917116;1.0130319563965289;6.0;2.6752109629908536;43.0;0.3762255513110471;0.0;1.0;0.32;79184;-0.9767835663759016;19.0;27.0;-1.923937026745006;26942;-0.41662036652411394;0.0;7.6;Dropout
6.0;0.0;5.0;-0.6775408673369395;1.0;9.0;38.0;5.0;-1.1613397169127129;126.0;;-0.08251773581560166;12976;;-0.2521827244746376;0.0;134.0;42425;9238.0;0.0;6.0;-0.6986821427588602;10.0;37.0;5.0;0.0;9.0;1.0;;0.38299102534957313;-0.3;51548.0;14.0;;0.0;0.0;0.1180388336570735;0.0;10.0;2.4576686688304603;-0.03745027058518372;0.0;0.46332911541143235;17.0;0.09884145505964942;13.2;1.0;0.79;86692;0.259829335874041;1.0;;-0.29166686096702593;22713;1.2039092620566303;0.0;13.9;Dropout
11.0;0.0;7.0;2.404483418669109;0.0;9.0;19.0;1.0;0.24462878487985176;133.9;1.0;-1.3755051534136362;52403;1.0;0.7149518910399967;9.0;122.0;61649;171.0;0.0;13.0;-0.2328965247489081;16.0;37.0;10.0;1.0;7.0;1.0;11.454545454545457;-0.25054225782708167;0.5;91463.0;30.0;0.7156126102600681;1.0;0.0;;5.0;13.0;0.3936700938523471;1.2957346245180623;0.0;-0.1103941980393887;16.0;-1.1005276614934647;12.25;1.0;1.79;64598;-0.518697035290429;1.0;25.0;1.1042754777161876;49204;1.8765338741444926;0.0;12.4;Dropout
9.0;0.0;5.0;-0.7126129051755844;1.0;4.0;1.0;1.0;0.5214360497641698;104.8;0.0;0.8471614930695031;25518;1.0;0.6059325076467968;2.0;;67564;;0.0;7.0;-1.2893510827935462;9.0;;5.0;0.0;;1.0;11.6;-0.302715502342898;0.5;55013.0;100.0;-1.2029006908557804;0.0;0.0;-0.4795909850485067;5.0;9.0;0.7988304506042805;-0.23514166846046433;0.0;0.440918822929475;44.0;-0.10465753208659741;10.0;1.0;1.79;24166;-1.9161935253779985;39.0;22.0;-0.5300359772950388;95298;1.4498118303709555;0.0;12.4;Dropout
5.0;0.0;3.0;-0.7053881786517867;0.0;4.0;1.0;1.0;-2.5871362308958417;110.0;1.0;-0.4802750286244204;17815;1.0;-0.7883579708732686;0.0;120.0;88872;9147.0;0.0;;-0.10000741316607512;13.0;19.0;3.0;1.0;7.0;1.0;10.75;1.5279883901618925;;32196.0;9.0;-0.1373360429664448;0.0;0.0;-0.45220539305766;;9.0;1.6815602208407232;-0.6663242164752824;0.0;-0.23224224489079312;;-0.2578493020701671;;;-4.06;57828;1.7188647674063096;1.0;27.0;-0.9037341515155196;13515;-2.1515632347735676;0.0;15.5;Dropout
6.0;0.0;0.0;0.5399908314938124;0.0;0.0;34.0;4.0;-1.7354101591652435;128.0;1.0;1.5921196479887945;33514;0.0;-1.1682643693180517;0.0;140.0;52523;8014.0;0.0;6.0;-0.0828759647099221;0.0;34.0;0.0;1.0;0.0;2.0;0.0;0.9304600697882323;-0.8;10653.0;49.0;-1.3064929368985967;1.0;0.0;-0.048165182290372185;0.0;;0.6144625824544411;-1.097676504579131;0.0;-1.587382441223023;1.0;1.7643119350074923;0.0;1.0;-3.12;41262;-0.04914663810852352;1.0;37.0;0.8003564705620101;39445;-0.4370267588601139;;;Dropout
5.0;0.0;4.0;0.44156240439474126;0.0;2.0;;2.0;-0.26360369314061427;128.3;;-1.402989985154711;36343;1.0;0.01576368975179213;;129.0;35844;9147.0;0.0;5.0;-0.41794925643837544;10.0;3.0;3.0;1.0;2.0;1.0;11.0;-0.4996809586010486;3.7;31020.0;15.0;-0.16200194282155236;1.0;0.0;-0.528522256404841;0.0;;0.9748893570444555;-0.0338154875490854;0.0;-0.04659047320829736;;-1.0611269681278044;11.75;;-1.7;32960;-1.104405548123174;1.0;19.0;-0.2495180505293995;35552;0.004159138781156173;0.0;12.7;Enrolled
7.0;0.0;5.0;0.07181522551001375;1.0;9.0;37.0;1.0;1.3560436314849675;140.0;0.0;-0.18070859639001138;76919;;0.5610327970194089;0.0;143.0;17146;9853.0;0.0;7.0;1.0003476144679113;8.0;1.0;6.0;0.0;10.0;4.0;12.666666666666666;-1.0458761406894284;1.4;24265.0;13.0;-1.0303908723720157;;;-1.061786089937132;;9.0;0.05432507232805491;-0.7931730739628388;0.0;1.0821170585514013;39.0;0.3314261788667022;12.6;1.0;3.51;20757;0.12803420763797957;1.0;31.0;-0.405059694689822;28691;0.46305796042254327;0.0;8.9;Dropout
5.0;0.0;0.0;0.8182510879771867;0.0;9.0;19.0;2.0;1.8877608852169696;112.2;1.0;-0.6999776844392276;32691;1.0;0.405175140192551;0.0;116.0;72957;9119.0;0.0;5.0;-1.0704836238451765;0.0;;0.0;1.0;7.0;1.0;0.0;-0.5844737333806651;0.3;21606.0;54.0;0.7558108608102533;0.0;0.0;0.08576644394783836;;;0.7337322874352226;1.4044883410529638;;-1.4647471302726052;17.0;-1.0907683526783607;0.0;;-0.92;11782;-0.08086719243780918;1.0;19.0;1.274992477169323;16604;-1.727314537702048;0.0;16.2;Dropout
6.0;0.0;6.0;0.2526300425032956;0.0;3.0;1.0;1.0;-0.41449749016302595;149.0;0.0;-0.9754225203773388;81741;1.0;-0.5121598443613099;0.0;143.0;82662;;0.0;6.0;-1.7043874172568343;;3.0;6.0;1.0;3.0;1.0;11.428571428571429;0.9814952700507851;0.6;99362.0;20.0;0.43318183078511574;1.0;0.0;;0.0;7.0;-0.03415781455662669;-0.8712125417599786;0.0;-0.984589883364019;1.0;-0.5578734440702703;11.0;1.0;2.02;77632;0.4218255819920303;1.0;18.0;-1.1672787351545773;25820;-1.7434436603689656;0.0;11.1;Dropout
5.0;0.0;5.0;2.065741997500149;0.0;9.0;37.0;1.0;-0.17064697742041618;140.0;0.0;-0.48679071675837665;28918;1.0;0.2978244424866034;0.0;110.0;46956;9147.0;0.0;;-0.5253193731584994;14.0;37.0;;1.0;10.0;2.0;14.5;1.178691774666408;-0.8;49818.0;9.0;;0.0;0.0;0.1284661957907744;0.0;12.0;-0.020210085841063947;-0.6900233694681914;1.0;-0.5819518443572261;39.0;0.27681895369223025;13.0;1.0;-3.12;25323;-0.33985479930595697;1.0;41.0;-0.459607255470422;57205;1.3067897496253924;0.0;;Enrolled
5.0;0.0;0.0;-0.053225417873054126;0.0;90.0;;;-0.8368657572846429;128.2;0.0;1.7705676090369815;84418;0.0;1.5023554712759948;0.0;133.1;87783;9991.0;0.0;5.0;0.12399764195169172;0.0;37.0;0.0;1.0;8.0;1.0;0.0;0.5549436020159315;3.7;99913.0;;;;0.0;-0.6098204382386221;0.0;0.0;0.11971675653394662;0.5810831090237156;0.0;0.3723438567451414;39.0;-0.21136299086311158;0.0;1.0;-1.7;66479;0.31425848509325494;1.0;33.0;0.866447011069771;48424;-0.5591193186097794;0.0;12.7;Dropout
6.0;0.0;;-0.8544936215862284;0.0;3.0;1.0;2.0;0.6332063998861223;;0.0;0.14337017007950356;57340;1.0;0.20514468730902757;0.0;;52678;9773.0;0.0;6.0;-0.10672825674646987;0.0;;0.0;1.0;3.0;1.0;0.0;-1.6167709312084173;-0.3;56270.0;85.0;;1.0;;-0.12314640509362498;0.0;0.0;-0.3968151460461825;1.1857919520087632;0.0;2.376999267016792;17.0;-0.005990856213556338;0.0;1.0;0.79;37228;0.9436359734267789;1.0;18.0;-1.2319473555095177;65488;-1.4874063384532321;0.0;13.9;Dropout
5.0;0.0;5.0;-0.551709296861704;0.0;6.0;37.0;1.0;1.5285295844939308;147.8;0.0;-0.7917080387974289;16049;0.0;-1.63314793581862;;120.0;53049;9991.0;0.0;5.0;-0.1511620159446582;9.0;37.0;4.0;1.0;6.0;1.0;11.25;0.7537790805287139;-0.3;29733.0;6.0;-0.03528446846808469;0.0;0.0;-2.050632770356539;0.0;6.0;0.5043778353359186;0.7310453731591017;0.0;-0.809316160267809;39.0;0.3327221082319697;12.0;1.0;0.79;53598;-1.318184139611794;1.0;40.0;1.7753471597361934;87067;-1.1036408077229607;0.0;13.9;Enrolled
5.0;0.0;2.0;0.4713243817295227;0.0;9.0;19.0;;1.2560207373800496;134.0;;-1.828628410337405;19953;0.0;0.2032003381006422;0.0;120.0;14177;;0.0;5.0;-1.126364513015555;14.0;1.0;1.0;1.0;5.0;1.0;11.0;1.3035782036029033;0.3;23062.0;19.0;-0.6148213274810616;0.0;4.0;-0.13940274953886475;0.0;11.0;0.5018451752151066;1.0586846764470546;0.0;0.091215164188586;39.0;-0.49368957119855783;12.666666666666666;1.0;-0.92;45766;-0.6932540536516085;3.0;25.0;-0.2168474850667725;20017;0.3904746433122149;;16.2;Dropout
6.0;0.0;0.0;0.4859516866554282;1.0;90.0;37.0;;-0.029000612655416445;;1.0;-1.7213625463476863;16494;;2.043956971212609;0.0;133.1;57111;9670.0;0.0;6.0;-0.9825399825450981;9.0;;1.0;0.0;90.0;1.0;14.0;0.1735565456780371;3.7;78381.0;91.0;0.7423717680444828;;0.0;-0.4003543690904729;0.0;6.0;0.81891659989459;-0.0802160999371592;0.0;0.0057786652562802805;39.0;0.8841465348154398;;1.0;-1.7;36978;0.8392619618769109;1.0;44.0;0.8745273814123651;39725;-0.8225476864634965;0.0;12.7;Dropout
6.0;0.0;4.0;0.20647603191777028;1.0;4.0;1.0;1.0;-0.8385317051352245;119.5;0.0;-0.5364631441187353;46938;0.0;-1.2873908131155956;2.0;120.0;63534;8014.0;1.0;;-0.4883461809004396;6.0;1.0;6.0;1.0;7.0;1.0;11.333333333333334;1.9798030556016668;1.4;20314.0;96.0;0.643442455591347;0.0;0.0;;;6.0;0.6396065150354724;-0.06612513846366957;0.0;-0.3012459001590448;39.0;-0.30547974323760496;11.75;100.0;3.51;53258;-0.5513851282655449;1.0;25.0;0.872435178022542;88653;0.24162564218405003;0.0;8.9;Enrolled
6.0;0.0;0.0;-0.8495035720708591;0.0;8.0;37.0;1.0;0.00819700430982076;127.0;;-0.6336879841386601;36949;1.0;0.029724661829022104;0.0;;54241;;0.0;6.0;-0.5671973260030546;0.0;37.0;0.0;1.0;6.0;1.0;0.0;-1.320970655908891;;14671.0;59.0;1.3019565394760328;0.0;0.0;-0.752098352331968;;0.0;2.000043051616026;2.011757867258598;0.0;-0.04770271341704165;17.0;-0.09755546155257169;0.0;1.0;-0.92;80838;-0.08167249487458153;;21.0;-0.1522879239624276;31223;-0.9787273627465037;0.0;16.2;Dropout
6.0;0.0;0.0;1.108648119944049;1.0;9.0;37.0;1.0;1.3807867044335773;122.0;1.0;-0.22405070623448545;14164;0.0;-0.2263354330321344;0.0;140.0;58399;8014.0;;6.0;1.0980855654873265;11.0;37.0;;0.0;7.0;1.0;12.5;0.684807520446975;0.5;45140.0;93.0;0.08298444857729469;1.0;0.0;-0.4102345015396468;0.0;7.0;1.0526297396365671;1.690268713874371;0.0;-0.4647372436833225;39.0;0.3613112745878556;0.0;1.0;1.79;55361;-0.4703924993816843;1.0;29.0;-0.479012111846559;18711;-1.7442001273840204;0.0;12.4;Dropout
;0.0;0.0;1.9369906566882775;1.0;7.0;34.0;1.0;-0.40051709834661836;130.6;;-2.2721838004358514;71311;1.0;0.09588295927506402;0.0;;57676;9670.0;0.0;5.0;0.2639158534832956;5.0;;0.0;0.0;2.0;1.0;;-1.020221358463;2.6;38384.0;37.0;-2.9595967582619833;1.0;0.0;0.9924582760064908;0.0;5.0;-0.20725189041459413;0.714202361439293;0.0;2.742977553073927;;0.22700020116483485;0.0;;0.32;81228;-0.40802502517494726;1.0;23.0;-0.04296456195419612;31555;1.4243801632213242;0.0;7.6;Dropout
5.0;0.0;1.0;0.029225321895288127;0.0;5.0;19.0;;-1.815429029347753;112.9;1.0;-0.0916815950465335;86775;1.0;0.19425215315377178;0.0;115.0;72923;;0.0;5.0;-0.5325634925843347;7.0;37.0;2.0;0.0;7.0;1.0;12.5;1.0585419084637493;-0.8;30935.0;48.0;-0.4308684697342842;1.0;0.0;;;13.0;0.45307150382591327;1.1066065376736536;0.0;0.7496752044237853;17.0;0.6442279245428527;11.0;1.0;-3.12;91967;-0.49293503091238083;1.0;19.0;0.712684247490375;45658;0.3981899112889757;0.0;;Dropout
5.0;0.0;;1.8106049431441273;0.0;7.0;37.0;1.0;-0.36000925331746786;112.0;1.0;1.0277297751471077;85795;1.0;1.1399719860629245;0.0;119.0;19235;9147.0;0.0;5.0;1.0950130576362413;5.0;37.0;0.0;0.0;7.0;1.0;0.0;0.6128608557410278;-0.8;56256.0;38.0;1.5652597053428896;1.0;0.0;-0.9281251615578107;;0.0;1.4126981141600155;0.858532654342998;0.0;-0.4561441372485651;18.0;0.31696440148470517;0.0;1.0;-3.12;54205;-1.2586880363503252;1.0;20.0;-0.9864248439608577;33029;-0.3337508612381163;0.0;;Dropout
6.0;0.0;;0.8662559964420152;0.0;0.0;3.0;1.0;-0.27902575348833913;108.7;1.0;1.6228412473641953;23564;1.0;0.0847832864008106;0.0;116.0;57741;9070.0;0.0;6.0;0.4462785885648339;;3.0;4.0;1.0;1.0;;11.25;1.8013558167627286;2.6;61683.0;23.0;-0.3249946422365835;;4.0;-0.5180773732433935;;10.0;-0.9499731890155309;-1.2059744561305938;;1.1835819268440433;1.0;0.46903066155617457;0.0;1.0;0.32;82237;0.4591969531624545;1.0;23.0;-1.2032585887311036;55087;-0.5213617216816094;;7.6;Dropout
8.0;0.0;0.0;2.218687174646668;0.0;9.0;19.0;1.0;-1.8212981612694976;110.5;0.0;-1.8944461479171393;88242;1.0;1.277259557212047;;140.0;49026;9500.0;0.0;7.0;-1.3575436031951795;0.0;19.0;0.0;1.0;7.0;2.0;0.0;0.4997085907082238;3.7;49064.0;68.0;-1.9175362084576475;0.0;0.0;;0.0;0.0;2.014241793116171;-0.039652109962020246;0.0;0.25669205791420835;39.0;-0.32537251416514174;0.0;1.0;-1.7;21197;1.0623031903444877;1.0;31.0;1.484202721753623;28369;1.464900369075235;0.0;12.7;Dropout
6.0;0.0;0.0;0.47264409056854495;0.0;4.0;19.0;2.0;0.23203733199831902;130.2;0.0;-0.8013927592391555;48304;1.0;-0.1176556587864825;0.0;133.0;41195;9853.0;;6.0;-3.241672817878376;6.0;37.0;0.0;1.0;9.0;1.0;0.0;-0.40400601806041114;3.7;57189.0;3.0;0.4493318543795817;1.0;0.0;;0.0;0.0;-0.7746394337498207;1.4967742890147124;0.0;0.057947425476303105;;-1.0687710980855205;0.0;1.0;-1.7;60931;-0.17649064676417128;1.0;19.0;-0.7348550704328964;62390;0.5915300455287251;;12.7;Dropout
6.0;0.0;6.0;0.1366030757728789;0.0;5.0;19.0;1.0;0.5060046632553978;136.8;0.0;-0.8542338609745351;28676;1.0;-0.3501367739746331;;156.0;50308;9773.0;0.0;6.0;-1.3262345859312439;6.0;1.0;6.0;;10.0;1.0;14.0;-0.49107021242102733;0.6;70143.0;73.0;0.5240593723448432;1.0;;0.14550655263161685;0.0;6.0;0.9002753932377743;0.7203391783286083;0.0;-0.18201551706102778;1.0;-1.4276389027528602;;1.0;2.02;51881;0.9494629299601434;1.0;18.0;0.35408388202840285;87908;1.146813031635759;0.0;11.1;Dropout
5.0;;1.0;0.8424012329796334;0.0;4.0;12.0;;1.8598926148183101;124.1;1.0;0.14572142752565;22006;1.0;-0.6691829830386058;;;71122;9119.0;;5.0;0.5949346183951217;10.0;1.0;0.0;1.0;10.0;1.0;0.0;-0.2501772410127606;2.6;24623.0;61.0;-0.7271989785258389;1.0;3.0;0.0927898626410417;0.0;10.0;0.00660044022449055;-0.06358966056762974;0.0;-0.2500336689000821;1.0;-1.6707101476422996;14.0;1.0;0.32;10507;-0.49108277521316973;;19.0;-0.2022042088991031;38719;-0.5836926774892001;0.0;7.6;Dropout
6.0;1.0;0.0;-0.43358499933927314;1.0;4.0;1.0;1.0;-1.3323769568431125;125.6;;-1.2197724678764534;79066;1.0;-1.8170870291201529;0.0;127.0;99793;9670.0;0.0;6.0;0.8914850545821161;7.0;38.0;1.0;1.0;7.0;1.0;;-0.510724041225852;;43264.0;4.0;-0.2467491050921933;0.0;0.0;0.5362626134211896;0.0;6.0;-0.05093239991444067;1.5087578002308168;0.0;-1.2199706812573525;17.0;1.7627267177292758;0.0;1.0;-4.06;90645;-0.5501158333661602;;18.0;-0.15786561122341225;58812;0.05066654017957831;;15.5;Dropout
5.0;;0.0;0.4071173878596385;;90.0;34.0;1.0;0.7305214312887639;111.7;0.0;1.6822632487266809;33062;0.0;0.2757814119258398;0.0;;29903;9991.0;0.0;5.0;-1.6602306146947008;10.0;34.0;0.0;1.0;;2.0;0.0;1.3471089708472859;2.6;11194.0;89.0;-0.8472959371234801;1.0;0.0;-0.5964134084109316;0.0;5.0;-1.3029128736478253;0.369301907928723;;-1.6736619461364801;39.0;-2.2127734108941257;0.0;1.0;0.32;76734;0.41069690294990724;;28.0;1.4303897213876449;74176;0.4021989159965318;0.0;7.6;Dropout
6.0;0.0;;1.3307164466199057;0.0;3.0;3.0;;0.9668361511758767;;0.0;0.04352247168573978;67669;1.0;2.0540002884718427;0.0;157.0;14378;9130.0;0.0;6.0;0.6586442157705474;8.0;2.0;6.0;1.0;6.0;1.0;15.0;1.2756382767617225;-0.3;97188.0;;0.5225696991161167;1.0;;1.3638865743540574;0.0;8.0;0.9075000949206515;0.7555796382906447;0.0;0.3707398058959156;17.0;1.1937234989771022;15.166666666666666;1.0;0.79;62567;0.4273746482243863;1.0;18.0;-0.08516918775752377;15971;-0.5500691093138412;0.0;13.9;Dropout
7.0;0.0;;0.8195104557188427;0.0;9.0;19.0;1.0;0.5196209309353098;105.8;0.0;-0.12314628929921174;59881;1.0;0.4582354772858612;0.0;130.0;41451;9500.0;0.0;7.0;0.6207398441603127;12.0;19.0;3.0;1.0;8.0;1.0;13.766666666666666;-1.4965674449423507;-0.3;68030.0;40.0;0.05659944996717629;0.0;0.0;-0.0017446574202015417;0.0;11.0;-1.2883581851056725;0.3745314457720204;0.0;-0.19208226409451049;39.0;-0.8208690112974731;12.066666666666668;1.0;0.79;72607;-0.11275872931419498;1.0;26.0;-0.3568261282178774;40722;-0.0955321090036399;0.0;13.9;Dropout
5.0;0.0;2.0;-0.03095765807169273;0.0;4.0;1.0;1.0;-1.0068016328441245;140.7;1.0;1.5927137337827775;93404;;0.6867473541616795;0.0;139.0;38092;9991.0;0.0;;1.3950417655194778;13.0;1.0;1.0;1.0;10.0;1.0;;0.038360143082646854;0.5;82256.0;17.0;-1.165775163536079;0.0;0.0;-0.8559124461919132;0.0;8.0;-1.4427702328617196;0.5411622648785044;0.0;0.8774317497104674;39.0;1.1864409721198046;11.333333333333334;1.0;1.79;77859;0.6765881103951593;1.0;25.0;-0.2697156362748927;67088;-0.5836103398832501;0.0;12.4;Dropout
7.0;0.0;4.0;0.20041559409823037;0.0;9.0;37.0;1.0;-1.0649266807425117;150.0;0.0;-0.016047624083348175;74425;1.0;-0.41303132501445505;;120.0;16239;9556.0;0.0;7.0;0.9503941460088128;18.0;37.0;6.0;;4.0;2.0;10.25;0.06249151680014581;3.7;79558.0;11.0;-0.009543827222212233;;0.0;-0.22964024379783995;0.0;14.0;1.159703018406576;0.6126691669014626;0.0;-0.8899022128871268;39.0;-2.20254002791545;11.25;1.0;-1.7;79987;-1.286976871048387;1.0;50.0;-0.5034584190775057;32741;0.3990591975022172;0.0;12.7;Dropout
7.0;0.0;5.0;0.7576767813017862;0.0;0.0;37.0;1.0;0.09719675228381489;148.5;1.0;0.40030340649868873;79556;1.0;-0.2443333912736707;8.0;170.0;54639;9070.0;;10.0;1.351882468002411;14.0;25.0;8.0;1.0;4.0;2.0;14.625;-0.7812952818006472;-0.8;10548.0;4.0;-0.733024372367173;;0.0;1.231928324207872;5.0;7.0;1.789605595793079;1.2996740769331196;0.0;-1.0979435454656221;42.0;-0.23509390188328258;13.4;1.0;-3.12;36519;-0.30397205950998235;;;-0.6700906926250441;47068;-1.3213941638505806;0.0;;Dropout
6.0;0.0;0.0;0.7244466097898743;0.0;1.0;19.0;1.0;0.09017765984629196;101.0;0.0;-0.7507982732920492;54330;1.0;0.9846414883332621;0.0;133.1;56631;9238.0;0.0;6.0;0.48836591161140785;0.0;1.0;0.0;1.0;3.0;1.0;;0.43824999207384374;2.8;53944.0;77.0;1.4610606937954238;0.0;0.0;-0.4251421359837722;0.0;0.0;-0.6672457662309931;1.429956522045134;0.0;0.7761790293619415;1.0;1.454024403025268;0.0;1.0;-4.06;47603;0.964817826095494;1.0;21.0;-0.49944686291588003;50785;0.571970019247058;0.0;15.5;Dropout
6.0;1.0;6.0;0.7500643831285315;0.0;5.0;19.0;1.0;-0.5594338246287064;118.2;;-1.3705020650543835;57575;1.0;2.0086936402898203;0.0;122.0;86250;;0.0;6.0;0.4549218898004083;10.0;;4.0;1.0;5.0;1.0;;1.4608508378280027;0.5;88284.0;80.0;;0.0;;0.9495577990448316;0.0;6.0;1.0031092236552357;-0.4510911190156343;0.0;-0.29533844249082997;17.0;0.7132095634755817;10.5;1.0;;40884;0.9621262507861686;1.0;20.0;1.6632101128886154;94287;0.3107132017429109;0.0;12.4;Enrolled
5.0;0.0;3.0;0.3394381054196218;0.0;9.0;1.0;;1.2916370135332556;;1.0;-0.6103616315042307;23440;1.0;1.4879479357968197;0.0;121.0;72874;9773.0;0.0;4.0;-0.3372845872609783;4.0;3.0;0.0;;3.0;1.0;0.0;0.8918089839532661;1.4;61794.0;33.0;-0.12227934392709679;0.0;0.0;-0.6253457927715216;;8.0;0.7965263533976784;0.355511085948428;4.0;0.855733805352121;43.0;-0.3372654606907917;12.0;1.0;1.74;91991;0.836025689406052;1.0;22.0;0.7114888270604257;20208;-0.20330852850732195;0.0;10.8;Dropout
7.0;0.0;6.0;-0.8245446394378756;0.0;3.0;1.0;6.0;-0.40075158249206044;123.0;0.0;2.186975838944824;80486;1.0;0.805244629728022;0.0;138.0;51510;9500.0;0.0;7.0;0.8202563633840034;10.0;38.0;5.0;1.0;9.0;1.0;13.44;1.3470683889420039;0.5;63805.0;63.0;0.08106415459462188;1.0;0.0;-0.7656636967773063;0.0;;-0.09151869511147871;1.2710089185473643;;0.033461380341051686;;-1.9429773015284817;;1.0;1.79;20540;1.020739158140401;1.0;19.0;-0.3451965488596724;67075;0.44951714565208367;0.0;12.4;Enrolled
5.0;0.0;0.0;-0.6651528638060755;0.0;9.0;19.0;;-1.8937007441190368;102.5;1.0;0.6330209482869559;77685;1.0;0.03515057939050897;0.0;133.1;69185;;0.0;4.0;-1.332406720550684;4.0;38.0;0.0;0.0;9.0;;;-0.7184678475356595;3.7;96553.0;8.0;1.0137762279379792;0.0;0.0;0.6595974105942919;0.0;;1.3358168816042244;-0.13155940201285796;;1.8775228918698121;39.0;-1.322488522150932;0.0;1.0;;91649;-0.3725405525693729;38.0;26.0;0.9816556346188225;96953;-0.36494046373297717;0.0;;Dropout
6.0;0.0;2.0;0.46116676477351143;1.0;;1.0;1.0;-0.22405651450483732;120.0;1.0;0.27453483711105;37744;1.0;0.2097189142673235;0.0;130.0;36190;9003.0;0.0;6.0;-0.13867742876492925;12.0;19.0;3.0;0.0;4.0;1.0;11.333333333333334;0.036507772766668604;1.4;;49.0;-0.1736103893915679;;0.0;-0.8739725606457408;0.0;13.0;-0.16362218027656392;-1.3088961662116188;0.0;0.755741237492871;51.0;1.389147096559379;11.0;;3.51;40852;-1.705198083267657;39.0;22.0;-1.5871938013873703;91483;-0.6701307413272868;;8.9;Dropout
6.0;;3.0;0.8314594195090657;0.0;4.0;1.0;2.0;0.48027334824570583;121.5;1.0;-0.9763733901851996;22598;1.0;-0.7535073194282543;0.0;125.0;24101;9254.0;0.0;6.0;0.5398835383246735;12.0;;5.0;1.0;1.0;1.0;11.0;-0.7656476792661457;-0.8;79092.0;62.0;0.7583925244634881;1.0;0.0;0.8225402501616955;0.0;;0.5175341453190251;-0.9086481927980795;;0.40974775657387585;1.0;-0.3482412012537256;10.333333333333334;1.0;-3.12;80072;-0.2587863915599332;1.0;18.0;1.37567835171567;59508;0.5437261547886781;;9.4;Enrolled
;0.0;;0.701936224014839;0.0;5.0;19.0;1.0;0.3419611520610459;133.0;0.0;0.9112508009838458;80752;1.0;-1.448167521302657;0.0;133.0;58173;171.0;0.0;;1.4082148612625556;;19.0;0.0;1.0;7.0;1.0;0.0;0.23943007058056626;2.8;;18.0;1.4773861295353454;0.0;0.0;0.3516259990233494;0.0;0.0;-1.253769883342659;-0.8395790388192566;0.0;0.799926353940702;43.0;-0.07182410341343931;0.0;1.0;-4.06;25265;0.6359957309604819;;18.0;1.2951557698269225;44936;0.5870140051543722;0.0;15.5;Enrolled
0.0;0.0;0.0;-0.6752167163510698;1.0;9.0;37.0;1.0;0.33422258713994624;152.7;1.0;-1.3576932743137915;79388;1.0;-1.126798357759941;0.0;180.0;54716;171.0;1.0;0.0;-0.4779381774875889;0.0;37.0;0.0;0.0;9.0;1.0;0.0;0.3294509091072474;2.6;40042.0;92.0;-0.49088206584929617;1.0;;-0.8735939344675919;0.0;0.0;-1.2110296301510723;-0.45817900368179626;0.0;-0.27289793586228883;1.0;0.2835351047026308;0.0;41.0;0.32;85908;0.7994367391658113;;27.0;2.236334014023641;22964;-0.5072702388090342;0.0;7.6;Dropout
6.0;0.0;5.0;-0.15116736898262964;1.0;9.0;1.0;1.0;1.4939890143566776;130.9;0.0;-1.5670564496823811;80304;1.0;0.0498000345219375;0.0;134.0;36732;;0.0;6.0;0.9665810523369827;;1.0;6.0;1.0;6.0;1.0;11.857142857142858;0.9598380054009069;-0.3;97600.0;99.0;1.6461451009193007;0.0;0.0;-0.07144274399433405;0.0;9.0;1.1690449647887804;-0.7462283089811764;;-1.6429143549975314;1.0;-1.3028389130875562;11.0;1.0;0.79;58507;-0.5262714917707586;1.0;18.0;1.0115514390786569;33553;-0.5930522922430583;0.0;13.9;Graduate
5.0;1.0;2.0;-1.1742786643862584;0.0;5.0;38.0;4.0;-1.1147905717021243;120.8;1.0;-0.5588871228816459;12696;1.0;-0.2919922614266772;0.0;132.0;90967;9147.0;0.0;5.0;-0.19717859769749094;8.0;19.0;4.0;1.0;5.0;;10.8;1.3134918538469562;0.6;86526.0;;1.355116890505849;1.0;;-0.5487742905595374;0.0;10.0;0.5512052115734114;1.0291060832220358;0.0;0.3609280854105984;17.0;0.40729017984017907;12.5;1.0;2.02;98636;-0.9680157700920731;1.0;18.0;0.4372345438651721;81645;-0.18297348376045655;0.0;11.1;Dropout
6.0;0.0;1.0;-1.3914286796048276;0.0;9.0;19.0;1.0;-0.4237083483506746;140.0;1.0;1.9544909119614478;86967;1.0;-1.4694417047196846;0.0;140.0;59348;9003.0;0.0;6.0;0.9870589363405647;15.0;38.0;3.0;1.0;10.0;1.0;13.25;0.688977163945762;-0.3;12965.0;92.0;0.24855880238092778;;0.0;0.34897655666905963;0.0;9.0;-0.1424568759379192;-0.2768240836403828;0.0;1.9415892214619344;44.0;-0.419615480669006;;1.0;;45442;-0.8685093615169817;39.0;19.0;1.2911403848681489;12415;-0.5520056528140176;0.0;13.9;Dropout
6.0;0.0;0.0;0.08147930032643269;;9.0;37.0;1.0;1.5450540380104028;140.0;0.0;1.8978942323926116;42388;1.0;-0.037323379049736136;0.0;140.0;61078;9070.0;0.0;3.0;-0.801352105736755;3.0;2.0;2.0;0.0;3.0;1.0;10.0;-0.860169862840881;1.4;59363.0;95.0;-0.44391200189358326;0.0;0.0;1.8877982449554194;0.0;0.0;1.907845200964475;1.2611017126514312;0.0;-2.290442339237697;;0.29370278557554075;0.0;;1.74;99505;-0.5436687321716064;3.0;23.0;-0.6258094313735969;74833;1.5251191098822687;0.0;10.8;Dropout
5.0;0.0;0.0;1.3581563647022803;0.0;;19.0;2.0;-1.967349886964284;129.4;0.0;-0.45123692825054373;31815;1.0;-0.31843032446594494;0.0;135.0;72086;;0.0;5.0;0.7259715713431093;8.0;1.0;0.0;1.0;4.0;;0.0;-1.352172714324218;1.4;32270.0;91.0;0.23611153808714852;1.0;4.0;-0.37070460288742235;;;1.8973156718320725;-1.1302933485729698;4.0;0.46914495869831296;1.0;-0.5780509205370341;0.0;1.0;1.74;85216;-1.8971395218837974;1.0;21.0;-0.39541649170215;93662;0.3164757141942066;0.0;10.8;Dropout
6.0;0.0;0.0;0.09980400070481274;0.0;7.0;37.0;1.0;-0.05369444720276938;;0.0;-0.6741990181979842;57369;1.0;-1.1728488552840803;0.0;133.1;36119;9853.0;;6.0;-0.09533777097300156;0.0;37.0;0.0;1.0;8.0;2.0;;0.5200200307053304;0.3;56973.0;74.0;-0.24450089587780263;0.0;0.0;0.533776273858507;0.0;0.0;0.4391679997601336;-0.35332277758845404;0.0;-1.5351895736129901;;-1.5731160600611571;0.0;1.0;-0.92;10737;-0.5271458072081939;12.0;41.0;-0.06424481845343902;48745;0.014600233547214906;0.0;16.2;Dropout
7.0;0.0;6.0;1.908135428873693;1.0;9.0;38.0;1.0;1.228921115237034;108.0;0.0;-1.6403620405597799;86409;1.0;-0.3701790106200705;0.0;133.1;57769;9853.0;0.0;7.0;-1.1851011860610572;7.0;19.0;7.0;0.0;9.0;4.0;12.857142857142858;1.5005211088612125;1.4;82753.0;70.0;-0.7927718559371189;0.0;0.0;0.024440641667515955;0.0;8.0;-1.4556551182332127;0.10427735387154044;0.0;-0.02330455433213599;39.0;-0.4273725318120172;12.666666666666666;;3.51;44445;0.047876720589621155;19.0;33.0;1.3688815309003928;82817;-0.932724973689029;0.0;8.9;Enrolled
5.0;0.0;0.0;-0.1641039711728624;1.0;9.0;37.0;1.0;1.2140162509340595;95.5;0.0;0.07803072552008439;83347;1.0;-0.3209530007163442;0.0;110.0;90693;9853.0;0.0;;-0.15329761377518725;6.0;37.0;0.0;0.0;9.0;;0.0;-0.024791877068242422;1.4;72267.0;71.0;0.532275195327016;0.0;0.0;0.024057703063180228;0.0;10.0;-0.11159898800033596;0.8106616002955944;0.0;0.07945940555333818;39.0;0.6407776171080019;0.0;1.0;1.74;46520;-0.09788432116755641;1.0;32.0;-0.8558783527822338;98532;0.7389894470366405;;10.8;Dropout
8.0;0.0;0.0;0.031217208146895995;0.0;9.0;38.0;1.0;0.6601163728463529;128.0;1.0;0.16201275198811943;25214;1.0;-0.6166371399244667;0.0;133.1;64866;9500.0;0.0;7.0;1.3217112210200765;0.0;19.0;0.0;0.0;9.0;1.0;;-1.527393562133019;;81973.0;69.0;-1.023524299325639;1.0;0.0;-0.16520512073152382;0.0;;-0.8325818299957671;1.143626765206113;0.0;0.7468537052963969;39.0;0.3940600890770358;0.0;1.0;-0.92;29110;-0.33027059471010706;1.0;;-0.9620616975696591;78554;-0.6116048999444152;0.0;16.2;Dropout
8.0;0.0;2.0;-0.9910068910191485;0.0;9.0;37.0;1.0;0.6854393017616939;140.0;1.0;0.7895562541969123;97876;1.0;0.9266701647759397;0.0;110.0;86662;9556.0;;7.0;-1.019204919649232;7.0;;0.0;1.0;6.0;2.0;0.0;2.084755956708015;0.3;48653.0;56.0;-0.3385545899861459;0.0;0.0;;0.0;13.0;0.08951359081295969;-0.5383172919112993;0.0;0.2101629458907013;42.0;0.03093086733472682;13.15;1.0;-0.92;89035;-0.689260018561868;1.0;43.0;0.23653807820701683;55054;-0.65274731108104;0.0;16.2;Dropout
5.0;0.0;5.0;-0.34724398333708834;0.0;9.0;37.0;2.0;-1.0410231230551354;108.0;0.0;0.910707513325164;79470;1.0;-1.902901562093312;;140.0;13484;9147.0;0.0;;-1.4843174378772024;;37.0;3.0;1.0;8.0;2.0;13.333333333333334;0.4894045501614445;-0.8;16968.0;;-0.3254016938072328;0.0;0.0;0.335139949282455;;8.0;-0.936297166577534;0.9934185084086091;1.0;1.3735186548805167;39.0;0.8981318530103427;12.2;1.0;;17581;-0.5728071667859884;1.0;50.0;0.7175304970758656;60785;0.7726146630765858;0.0;9.4;Enrolled
10.0;0.0;;-1.18993823361941;0.0;9.0;37.0;1.0;1.3731770839291852;131.9;0.0;-0.19742191766463293;93968;0.0;-1.9857989907109712;6.0;141.0;74823;9991.0;0.0;10.0;0.3987425232654315;20.0;37.0;6.0;1.0;9.0;1.0;;0.17114151604912703;-0.8;;27.0;-1.365259456770943;0.0;0.0;-0.28874174991938856;5.0;17.0;-1.1962259244266051;-1.6818928239965436;0.0;1.1664003644490402;43.0;-0.20359401254422652;12.4;1.0;-3.12;33282;-0.5551246690952026;1.0;21.0;-0.7030805759400762;29147;0.3873227209918976;0.0;9.4;Dropout
6.0;0.0;6.0;-1.5453372842841013;1.0;5.0;1.0;4.0;-1.200061711285794;125.8;1.0;0.5560278747595844;93691;1.0;0.0032857844490918387;0.0;137.0;69291;9773.0;;6.0;-1.6777981022783872;7.0;1.0;5.0;1.0;5.0;1.0;12.2;-1.167971151006377;3.7;17116.0;60.0;0.6584720231155342;0.0;0.0;-0.904800083738726;0.0;6.0;-2.2626132437255526;0.8713311840109494;0.0;-0.1966741140864094;17.0;0.0562763140152175;12.333333333333334;1.0;-1.7;32731;0.7054801648540101;1.0;20.0;0.6704179527719332;21866;-2.5034476091355575;0.0;;Dropout
6.0;1.0;5.0;-1.1729312838882398;0.0;4.0;1.0;;-1.140413019373375;132.9;1.0;-0.7006388678465361;57288;1.0;0.09612718939230591;0.0;129.0;90789;;0.0;6.0;1.5633549608976416;9.0;1.0;6.0;1.0;9.0;1.0;11.375;0.01621622289545257;2.6;25055.0;57.0;-0.2283380404307892;1.0;0.0;1.0141732622482986;0.0;6.0;0.16725731350096998;-1.3410650324708306;0.0;1.0943928817301192;1.0;-0.47976687969372556;13.8;1.0;0.32;47661;-0.0009289353094979465;1.0;20.0;1.368399342050404;81212;-0.15777076376430912;0.0;7.6;Enrolled
6.0;0.0;4.0;0.08527508996604768;1.0;9.0;37.0;1.0;0.38787413116374564;125.7;0.0;0.5370425333606856;13221;1.0;0.40421513601897335;0.0;120.0;97269;;0.0;;1.5381603648978048;10.0;37.0;4.0;0.0;;2.0;12.25;0.686884162195553;1.4;75029.0;;1.2988433100943901;0.0;;0.09900962270234298;0.0;13.0;-2.2987631167790927;0.44664394051276113;0.0;-0.3127807859057277;39.0;0.9566179767534554;10.5;1.0;3.51;72762;3.1668406766765713;1.0;43.0;1.2004616934835248;56751;0.12551962054762003;0.0;8.9;Dropout
6.0;0.0;1.0;-0.7367062802356141;0.0;3.0;1.0;3.0;-0.4930144957171996;121.4;0.0;-0.5072320781845587;16512;1.0;-0.5389735082790941;0.0;134.0;22526;9070.0;0.0;6.0;1.0382803277164534;6.0;;2.0;1.0;4.0;1.0;12.0;0.5030207205535471;-0.8;47971.0;69.0;-0.24465300287326744;0.0;0.0;-0.22809895734323926;0.0;6.0;-0.3202406587511074;1.1291865282456237;0.0;-0.4848575679675206;18.0;0.2915285477217645;11.0;1.0;-3.12;10621;-0.3323368527468313;1.0;18.0;0.3532927685282417;93585;-0.3395961557811601;0.0;9.4;Dropout
;0.0;3.0;-0.49987281736214095;0.0;4.0;3.0;1.0;0.2066966990397588;135.9;1.0;0.4594585159669378;66340;1.0;-0.9179238050923317;0.0;131.0;54247;9119.0;0.0;5.0;-0.011231988723430198;10.0;1.0;2.0;1.0;1.0;;14.0;-0.6798871281524327;2.6;52880.0;5.0;;0.0;1.0;1.340056614746298;;7.0;0.6943969732642945;0.8872303394087334;0.0;-1.2043833444065675;1.0;-0.556958110173372;11.0;1.0;0.32;66360;0.437873148922222;1.0;18.0;-0.09059774888897759;76861;0.16036366568980487;0.0;7.6;Enrolled
6.0;;0.0;0.40987056972466207;0.0;2.0;4.0;2.0;0.4307670792802269;;0.0;0.37850132528536523;18192;1.0;-0.007316132694947453;0.0;121.0;93929;9070.0;0.0;;1.664661667791436;8.0;1.0;4.0;1.0;3.0;1.0;10.75;-0.05706528295749935;;15837.0;100.0;-0.9046427148475279;1.0;0.0;;0.0;9.0;-0.7220956872040591;-1.6391779105491462;0.0;1.3119639315721399;1.0;-1.4890297465278044;0.0;1.0;-3.12;46439;-0.3100337841011353;;18.0;1.7356236356474142;33613;-1.8096880029090108;0.0;9.4;Enrolled
5.0;;0.0;-1.5487983725214718;0.0;5.0;19.0;3.0;1.7781097393755487;115.0;0.0;0.06880362569506428;69362;0.0;-0.44157813534799617;0.0;115.0;82242;8014.0;0.0;5.0;1.3454474726538217;;1.0;0.0;0.0;90.0;;0.0;-0.6160067020367657;1.4;25383.0;62.0;0.039029206029292995;0.0;0.0;1.2728208037290885;0.0;10.0;-1.0848285129994713;-0.4472324120161307;0.0;-0.30002521267974863;;1.1049612748983266;0.0;1.0;1.74;65794;-0.3343350698747456;1.0;24.0;0.015403994491450964;96636;-2.831020599340725;0.0;10.8;Dropout
5.0;0.0;0.0;0.08103605875243748;1.0;9.0;37.0;1.0;0.4337245855664093;129.4;1.0;0.7945397181593544;19296;1.0;1.5510714046556944;0.0;;19110;9119.0;0.0;;-0.5327188464388023;;12.0;0.0;0.0;8.0;;0.0;1.664161582896393;-0.3;73484.0;96.0;0.044678232205685064;;0.0;-0.8801879491362172;0.0;;-0.06784695755870311;0.7169331212360757;0.0;-2.4215042311863146;44.0;-0.74406505118464;0.0;1.0;;15554;1.5623715678679801;1.0;23.0;0.9403546196152047;10604;-0.9754682383702709;0.0;13.9;Dropout
9.0;0.0;5.0;0.8480754359790462;0.0;9.0;38.0;1.0;-0.6185343041584587;128.8;0.0;-1.5703990713606855;83362;1.0;-0.3242272499251918;7.0;130.0;59400;9085.0;0.0;10.0;1.438836027009161;12.0;38.0;8.0;1.0;9.0;1.0;12.875;0.8948739786361127;1.4;60960.0;68.0;;0.0;0.0;0.21153253941551978;4.0;14.0;-0.8286055284755504;0.6882949141323649;0.0;0.5420660296269624;53.0;0.072064352489547;13.4;1.0;;87234;0.9975483751149885;42.0;21.0;1.9582814791855765;18607;0.28224712176715;0.0;8.9;Dropout
6.0;0.0;0.0;0.9345594910795687;0.0;4.0;1.0;1.0;0.6764879581861353;;;-1.06491621822094;34048;;-0.053185151717077925;;137.0;41362;9085.0;0.0;6.0;-0.9116735015242096;16.0;;0.0;;7.0;1.0;0.0;-0.5243348685996414;0.3;34326.0;71.0;0.06701899033333758;1.0;0.0;-0.5880637541207111;0.0;7.0;0.18565792299237055;0.2759311920785483;0.0;-0.43401681944676307;17.0;2.3525996831445712;0.0;;-0.92;61964;-1.7546898109250193;1.0;22.0;0.835268079629934;64834;-3.2249562285208904;0.0;16.2;Dropout
6.0;0.0;1.0;0.5165670497533381;0.0;9.0;37.0;1.0;-0.8317542000821122;160.0;;-0.2700596735530343;19254;1.0;2.4754181395979424;;130.0;73359;9130.0;0.0;6.0;-0.19703293279770606;11.0;;2.0;;6.0;2.0;12.0;-1.168469658855036;0.3;46006.0;67.0;2.0939176955545595;0.0;;-0.9230010404524238;1.0;12.0;-1.0328298655117703;-2.2016072522358923;1.0;-0.29861391310590335;39.0;0.8015095417333089;10.0;1.0;-0.92;32752;-1.0225259884408404;1.0;31.0;-0.9970912329070127;64385;-0.8435460672395073;0.0;16.2;Dropout
5.0;;5.0;-0.05218227019258244;0.0;4.0;37.0;1.0;0.9131555243760411;138.4;0.0;-1.443263387673323;40614;1.0;-0.19476022673068688;;151.0;56144;9147.0;0.0;;-1.7934639640876766;6.0;1.0;4.0;1.0;10.0;;11.25;0.2778150822312614;1.4;48287.0;19.0;0.4562172641207515;0.0;0.0;1.3138865259684347;0.0;8.0;-0.10449392618302449;1.1980488610539375;;-0.23401650687553005;1.0;1.6111495888269913;11.0;;1.74;81056;-0.13624160678983105;1.0;18.0;-1.2390227813082875;75949;-1.9227609691993868;0.0;10.8;Enrolled
;0.0;2.0;-0.6237388964770473;1.0;9.0;19.0;1.0;0.06462791956925525;137.0;0.0;-0.40686451455470535;91847;1.0;0.5561568651990907;0.0;;37891;9556.0;1.0;;0.14592376448049135;11.0;1.0;0.0;;4.0;1.0;0.0;-0.49281738971727795;;93064.0;41.0;-0.9868369845560785;0.0;0.0;1.8562165673952848;;11.0;-0.34642072183995976;1.376260389828088;4.0;-0.33655245934959194;15.0;-0.5381248125411486;;26.0;3.51;52370;-0.5171127568523178;1.0;19.0;-0.2976294200631005;68236;-0.24262417253134777;0.0;8.9;Enrolled
11.0;1.0;11.0;-0.08235875324045575;0.0;5.0;38.0;;0.4005438161569483;129.1;0.0;-0.37463029507755025;59672;1.0;0.646309433386353;6.0;140.0;47554;9238.0;;11.0;-0.2945084966017974;11.0;38.0;11.0;1.0;7.0;1.0;12.818181818181818;-0.4183066637026055;0.5;89771.0;;-1.0714763429656193;1.0;0.0;-0.22122565065107855;6.0;11.0;-0.011521615511595919;0.1637398507943339;0.0;2.727767892863392;51.0;1.070976396820207;13.545454545454543;1.0;1.79;45126;-1.5083271154622577;39.0;20.0;0.7094991234582252;33476;1.9578992579558496;0.0;12.4;Graduate
6.0;0.0;0.0;1.6534632279233175;0.0;9.0;38.0;3.0;-1.7806539771146803;120.3;0.0;1.3096837866666937;99439;1.0;0.7314016437182146;0.0;122.0;97016;9853.0;;;-0.45219994191751256;0.0;37.0;0.0;1.0;5.0;1.0;0.0;-1.1352141335604424;1.4;53196.0;87.0;;1.0;0.0;0.3354747021942949;0.0;0.0;1.6351515940171852;0.228577936751324;0.0;1.662705719712721;18.0;0.02666899295189106;;1.0;1.74;25136;0.11580498431231122;1.0;19.0;0.4447858668440133;23363;-0.2171759946641017;0.0;10.8;Dropout
6.0;0.0;0.0;0.27306620254692326;0.0;9.0;37.0;1.0;-2.2507455951814874;120.0;1.0;0.14253370229146237;33250;;0.28948726541125236;0.0;133.1;42917;9003.0;0.0;6.0;-0.1656541556254417;9.0;19.0;0.0;1.0;;1.0;0.0;-1.0114087245217422;;26765.0;33.0;-1.0183281145670218;0.0;0.0;;0.0;6.0;0.19981087491715996;0.5030603803192918;0.0;0.6991720859351274;39.0;0.3660169207685819;0.0;1.0;0.79;54145;-1.8781251377930057;12.0;58.0;2.2070820654636734;96728;-0.10750284533086794;0.0;13.9;Dropout
6.0;0.0;4.0;-0.10688187032426212;0.0;9.0;;3.0;-1.5014242324134326;107.2;1.0;1.029429576063878;70488;;0.19384079441050964;1.0;110.0;29362;;0.0;;-0.579545248905348;16.0;37.0;2.0;1.0;;1.0;10.5;0.1626701525605247;2.6;61080.0;53.0;0.5948443845406568;1.0;0.0;1.7305068373528552;0.0;15.0;0.5044441222590262;1.4604428034247465;0.0;0.24132486036232526;43.0;2.0208417130395606;10.0;1.0;0.32;29691;0.12675276138400132;1.0;19.0;0.43505628776140703;40443;0.8392309407882321;0.0;7.6;Dropout
6.0;0.0;0.0;0.5636927677972634;1.0;5.0;;1.0;1.7457708556984672;100.0;1.0;0.30167471880971813;26806;1.0;0.10033428983711615;0.0;133.1;20119;9119.0;1.0;5.0;0.041674142271552195;;3.0;0.0;1.0;8.0;1.0;;-0.266878447842023;0.6;10202.0;94.0;0.8956390450064181;0.0;0.0;-2.1131504474535348;0.0;8.0;-0.624793083848648;0.2505541836365928;0.0;1.1287612239686462;15.0;-0.2786458241497061;0.0;41.0;2.02;76028;0.729976663352469;1.0;21.0;-0.32744121675063403;25087;0.021306557810573525;0.0;11.1;Dropout
6.0;0.0;;0.049724248857303505;0.0;4.0;19.0;;-1.1481548228470906;127.6;1.0;-0.5356672712320654;48693;1.0;-0.5759939022337732;4.0;130.0;24318;;0.0;6.0;1.2835690915661258;6.0;1.0;6.0;1.0;4.0;1.0;11.833333333333334;2.496514386020694;;68227.0;67.0;0.9197421761773324;1.0;0.0;0.37712344127022007;0.0;11.0;0.2232564188933462;-0.19117464531234538;0.0;0.24366000206336447;43.0;0.019254453676536366;11.142857142857142;1.0;1.74;43382;0.8727358859610387;1.0;22.0;-1.1333421031098903;16225;-0.21499177018933932;;10.8;Dropout
8.0;0.0;0.0;0.22579295067896646;0.0;90.0;19.0;1.0;0.7323098019889315;128.0;1.0;0.13371680774651215;43895;1.0;0.32551880283926843;0.0;141.0;14789;9500.0;0.0;8.0;-1.0618528189377991;8.0;1.0;0.0;1.0;90.0;1.0;0.0;0.5942534326678129;1.4;62030.0;49.0;-0.8691872502256709;0.0;3.0;-0.7271263141439335;0.0;8.0;-0.2748034402079335;0.3815201134828798;3.0;0.8158663795082298;1.0;-0.9032146515079627;0.0;1.0;1.74;20656;-0.14431406945552114;1.0;18.0;1.1804373778973447;82103;0.9266459241450039;0.0;10.8;Dropout
5.0;0.0;1.0;-0.2467171547313977;0.0;9.0;37.0;1.0;-0.6419077989107053;109.3;0.0;0.7294263339321729;67150;1.0;2.028645837424592;0.0;;14097;9147.0;;5.0;0.8625274128373749;9.0;;2.0;0.0;;1.0;10.0;-1.1516951814120133;-0.8;90895.0;48.0;0.9214711749475304;0.0;;-2.355964021471179;0.0;;0.029656040708357017;-0.011109877976911833;1.0;0.5582218984452374;17.0;0.8884685559080765;10.0;1.0;-3.12;73636;1.510815752663758;1.0;22.0;-0.006061229208251097;86020;0.47188715051180563;0.0;9.4;Dropout
6.0;0.0;0.0;-0.4149377540747048;1.0;0.0;34.0;1.0;-0.24003009921924026;120.0;1.0;1.193401326442581;70595;1.0;1.2106819089635574;0.0;133.1;57998;9254.0;0.0;6.0;0.2152422137541029;12.0;34.0;;0.0;0.0;2.0;;-1.5356362430171133;-0.8;;2.0;0.3225892383498528;0.0;0.0;-0.360530097429241;0.0;12.0;0.6489455708655443;0.0002494756959870948;0.0;0.12834495846543775;39.0;-0.5606268982866358;0.0;1.0;;86053;0.33162604644371724;19.0;45.0;-1.5061397682327318;88867;0.28862576156645264;0.0;;Dropout
6.0;0.0;2.0;0.9960002601965614;0.0;4.0;37.0;1.0;-0.04472025506925951;;1.0;-0.13231006293443334;14923;1.0;0.3039180222246367;0.0;;58706;9003.0;0.0;6.0;0.3741264332786607;17.0;37.0;1.0;1.0;7.0;2.0;12.0;0.3981713886581;0.3;;70.0;-0.6078710607145791;0.0;1.0;1.8480487909105532;0.0;23.0;-0.5002338402469328;-1.765859371083207;0.0;0.9403124309903641;44.0;1.0227104158188787;10.5;1.0;-0.92;85033;0.8458252949934352;;;0.02226060291526958;86742;-0.13878015256746545;0.0;16.2;Dropout
;0.0;3.0;-1.9503496903927064;0.0;0.0;34.0;2.0;1.643778427811496;100.0;1.0;-1.647510643852944;72586;;0.8558297981059901;0.0;133.1;81609;9670.0;0.0;5.0;-0.03070886265467124;8.0;34.0;1.0;0.0;0.0;1.0;11.0;-0.39686709472701687;2.6;14946.0;90.0;-0.15940114583237994;1.0;1.0;-0.6560491904004003;0.0;6.0;-0.3980454360083922;0.5228315960154524;0.0;-0.42017450476212354;39.0;-1.6499132417448512;10.666666666666666;1.0;0.32;53640;-0.736263730130815;;27.0;-0.9957381111270069;25379;-0.3460647047270636;0.0;7.6;Dropout
5.0;;;0.4786017367482569;0.0;;37.0;1.0;0.5845055307914246;100.0;0.0;-1.7178022574219018;77772;0.0;-0.8691759087306522;2.0;140.0;65700;9991.0;0.0;6.0;-0.7174001070186679;10.0;37.0;4.0;0.0;9.0;2.0;11.75;1.3314749495046554;3.7;84219.0;2.0;0.4712797595142346;0.0;0.0;0.7907655065646109;0.0;6.0;-0.48641466928188215;1.1714550487726032;0.0;0.05845330448287185;43.0;0.548638071833607;10.0;1.0;-1.7;37648;1.521634796836283;1.0;31.0;-0.4256375103498155;11291;0.9171708852316622;0.0;12.7;Dropout
0.0;;0.0;-0.47675298650126785;1.0;5.0;2.0;2.0;0.38503314032035113;139.6;1.0;-0.3264126101168869;44352;1.0;-0.26051215419971874;;127.0;27232;;0.0;;0.44486369741550363;0.0;19.0;0.0;0.0;;1.0;0.0;0.2818638384599395;-0.3;36661.0;95.0;-0.6728510978243911;1.0;0.0;1.1986721970633665;;0.0;-0.5057196434069802;1.0203727637693671;0.0;-0.9794373429428846;1.0;-0.6436933060630557;;1.0;;29927;-0.0029576785112964176;1.0;18.0;0.006191976442666506;55120;-0.3364626198791729;0.0;13.9;Dropout
6.0;0.0;3.0;-1.9052124638307364;0.0;5.0;37.0;2.0;1.2966984321111963;123.4;1.0;-2.337901501147973;16296;1.0;0.9478498441840553;0.0;130.0;68456;9254.0;0.0;6.0;0.518839297423519;17.0;37.0;2.0;1.0;7.0;;;-1.9825203096943333;;78155.0;;0.3018594524229989;1.0;0.0;-0.012696802619522461;0.0;15.0;0.17323523057361473;0.9509914692988104;0.0;-0.8639722314781145;17.0;0.7305176393302107;11.333333333333334;1.0;0.32;45798;1.576771076837727;;30.0;-0.9051780483349907;55700;1.231252879356013;0.0;7.6;Dropout
5.0;;0.0;-0.9746094224524149;0.0;5.0;19.0;2.0;-0.6331968637615819;133.7;0.0;1.7951044657368305;48014;1.0;1.4871671934581916;0.0;133.0;49911;9773.0;0.0;6.0;-0.8004693432129621;11.0;38.0;1.0;1.0;0.0;1.0;13.0;-1.0194242984175317;;31519.0;84.0;;1.0;0.0;0.12045561841129186;0.0;10.0;-0.3639819253226229;-0.05300231123152458;0.0;-2.5291507056839646;1.0;-0.01355917285422831;0.0;;0.32;19127;1.358153287286032;1.0;19.0;-0.48762416895635646;12524;-1.0471463662892824;0.0;7.6;Dropout
7.0;;0.0;-0.036046089297868865;;2.0;;4.0;1.0683429769514334;111.5;0.0;0.5969332313997334;39032;1.0;-0.770866172095378;0.0;115.0;25500;9500.0;;7.0;-1.3385145487125059;10.0;3.0;4.0;0.0;2.0;1.0;11.96;-0.6752820560071288;-0.3;41278.0;20.0;0.9640561303560571;1.0;0.0;-1.7162979065411117;;7.0;1.4979563635785744;0.14567619317600256;0.0;0.4565677206605929;;-0.5353389148682913;0.0;1.0;0.79;89888;0.2576380085049186;1.0;19.0;-0.744119834113319;88879;1.433783954505778;0.0;13.9;Dropout
;0.0;0.0;0.10147922917039104;1.0;;;1.0;0.9013025951587312;160.0;1.0;-0.6356670094972448;81318;1.0;-0.48358830942315717;;160.0;68511;9773.0;;4.0;0.0853079601757378;4.0;37.0;0.0;0.0;0.0;2.0;0.0;0.44203693836823876;3.7;33455.0;36.0;0.08198619351439503;0.0;0.0;-0.7161638631726466;0.0;;2.6791627111941665;1.1914026971815728;0.0;0.7315199186974262;43.0;-0.3865596168759948;0.0;;-1.7;32413;0.40568693110129234;1.0;51.0;-0.7172891963202355;67769;0.472040083088418;0.0;12.7;Dropout
5.0;0.0;1.0;0.7400044555134456;0.0;9.0;1.0;2.0;0.8898993632435327;113.7;;-1.1096475940087958;22545;1.0;2.1813757938785363;0.0;121.0;68628;;0.0;5.0;0.7547208439553558;10.0;19.0;2.0;0.0;9.0;1.0;10.0;-1.052752429848746;2.6;90885.0;41.0;0.23414260868117778;;0.0;0.9070076243299959;0.0;12.0;-0.5679422851873126;0.8673542931617787;0.0;1.085419614359834;;-0.8503883000586403;13.0;1.0;0.32;80220;-0.17993626292917836;1.0;20.0;-1.0080205171315602;71355;-0.9685349230520062;0.0;7.6;Dropout
8.0;0.0;;0.8080182345449464;0.0;8.0;19.0;1.0;-0.1550167029115077;100.0;0.0;1.02811909597611;36719;1.0;0.09626124976897246;0.0;170.0;48073;;0.0;7.0;1.005090050142526;8.0;37.0;6.0;1.0;8.0;1.0;13.25;0.15281759395857636;-0.3;81068.0;26.0;;;0.0;0.06067909703706763;0.0;8.0;0.29400285820469413;1.4863562532722312;0.0;-1.1024265632359114;43.0;0.837787755320859;13.75;1.0;;44663;-0.8191828677720735;1.0;20.0;-0.4827645646031226;59182;0.5089786345523063;0.0;13.9;Enrolled
5.0;;0.0;-1.546714963227221;;5.0;37.0;;-0.43731489577742866;124.3;1.0;-1.1136371556510056;75342;0.0;1.8233619727003787;0.0;140.0;24859;9991.0;0.0;;1.2033232233270192;5.0;37.0;0.0;;5.0;1.0;;-1.3361498212124137;3.7;73367.0;71.0;-0.5098964072336639;1.0;0.0;0.36734144144368214;;5.0;1.0380075760552372;-0.672716445581102;;0.4399089228084279;43.0;-1.0486373494254146;0.0;;-1.7;72129;0.5951981880554914;1.0;27.0;-0.8946984417739533;99405;-0.6503028983172799;0.0;12.7;Dropout
6.0;0.0;;0.37750358635139036;;7.0;19.0;1.0;-0.8698236451694155;133.0;0.0;-1.0182267636010525;94644;1.0;0.20685731727579246;0.0;133.1;12666;9773.0;0.0;6.0;0.37139083412097873;8.0;19.0;5.0;1.0;;;13.0;0.006185418978453521;0.3;37427.0;16.0;-1.5371962955034142;0.0;0.0;0.13315757968305095;0.0;;-0.26574906202397836;-0.6789559607511448;0.0;-0.0007108743418741217;39.0;-0.26707863873279747;12.6;1.0;-0.92;91963;0.5440421202277;;40.0;0.5865841159758453;80043;0.033428054347475485;;16.2;Enrolled
6.0;0.0;5.0;0.7285439734227724;0.0;3.0;3.0;1.0;-0.8071823649665381;100.0;0.0;-0.7659459400266918;63497;1.0;0.2461802823254352;;133.1;77948;9500.0;1.0;7.0;-0.2632126798285532;10.0;1.0;5.0;0.0;10.0;1.0;12.16;0.37002598444821344;0.5;76023.0;34.0;0.2511097201227438;1.0;0.0;2.1920039442964314;0.0;7.0;-0.994391139305733;-0.3325683248711846;0.0;0.7375816098203105;42.0;0.3452395797024737;11.34;41.0;1.79;46642;-1.6186725566696931;1.0;33.0;0.20080005353029065;62041;-0.48662713714525124;0.0;12.4;Dropout
6.0;0.0;0.0;0.2189226209320635;1.0;4.0;19.0;1.0;-0.9170131510584919;120.7;;0.11408741457432525;10205;1.0;-0.30549088765989746;0.0;127.0;24019;9254.0;0.0;6.0;-0.0021544914668746766;10.0;19.0;5.0;0.0;6.0;1.0;11.0;1.4615103173579602;;54065.0;88.0;0.6824984315967533;0.0;0.0;-0.4305198311886011;0.0;12.0;1.738173311464758;-0.9430326551397364;0.0;-0.6514204188993276;1.0;1.6134945254485191;0.0;1.0;1.74;96833;-0.08277909855957083;1.0;;1.1947152249907882;55114;-0.1329121641330784;0.0;10.8;Dropout
8.0;0.0;5.0;0.5024414852067237;0.0;5.0;1.0;1.0;0.3668477618260759;140.0;0.0;0.6207974391473984;72927;1.0;0.9425551415102287;0.0;150.0;34771;;0.0;7.0;-1.2431767749956264;11.0;19.0;5.0;1.0;3.0;1.0;11.2;0.24557542360516618;;74348.0;62.0;-0.0708434856830502;0.0;0.0;;;13.0;0.6861572938052026;-1.3214551080512802;0.0;-0.33629481442716663;39.0;-0.009298600891814125;12.14;1.0;-0.92;40694;0.8680143614086105;;26.0;1.8867033904376027;85125;0.9414307938098668;1.0;16.2;Enrolled
17.0;0.0;16.0;-1.9325208064730643;0.0;3.0;;1.0;-0.2283363132700721;133.7;0.0;1.192672233415663;12816;;1.3577775503039997;14.0;133.1;70796;9853.0;0.0;18.0;-0.6826454504373479;23.0;3.0;14.0;1.0;2.0;;12.785714285714286;-0.8167349242507829;0.3;33896.0;15.0;-0.8773241951342412;0.0;0.0;0.13350322220673247;16.0;18.0;0.31869045297305787;0.46863722606098573;2.0;-1.553499861108687;42.0;-0.2425105865384407;13.875;1.0;-0.92;32906;1.4657370943674517;12.0;28.0;0.6773250139217691;41849;0.5185116521466865;0.0;16.2;Dropout
;0.0;5.0;-0.9902149894158045;;9.0;38.0;;0.43140019768001936;;0.0;1.0449712989467017;15810;1.0;-1.035002230140867;0.0;145.0;47983;9085.0;0.0;5.0;-0.05324563585475137;6.0;;5.0;1.0;10.0;1.0;14.8;1.4930050869581586;;58543.0;74.0;0.06612847552784863;1.0;0.0;1.694198974580798;0.0;6.0;1.450522400130938;0.4005503944605798;1.0;-0.7169201450558668;1.0;0.27363486511602797;14.0;1.0;;75107;0.7253165061844588;1.0;20.0;0.4495870246333079;87492;-1.1253653917690785;0.0;12.7;Graduate
6.0;0.0;0.0;1.3660470023821174;0.0;9.0;37.0;1.0;0.48788201965280414;100.0;0.0;0.0007737092347416462;70093;1.0;-0.35245055222043675;0.0;133.1;83884;9130.0;1.0;6.0;-0.26663891393199307;0.0;;0.0;1.0;6.0;1.0;0.0;-0.18317803620779846;-0.3;95547.0;22.0;1.3417645678095353;0.0;0.0;-1.2249780892581503;;0.0;0.7702331738237351;0.24622589223478455;0.0;0.0030982282731083525;43.0;-2.0734642156744294;0.0;6.0;0.79;22654;-1.5172667303697007;1.0;;0.7403372722948937;22300;-1.0680964416584386;0.0;13.9;Dropout
5.0;0.0;0.0;-0.27970832214143765;0.0;;37.0;3.0;-1.059756054288333;128.2;1.0;1.0205219737563338;43336;0.0;0.9150785243742204;0.0;120.0;43050;9991.0;0.0;5.0;0.09200929338490335;5.0;37.0;0.0;1.0;9.0;;0.0;0.7735667681014465;2.6;17059.0;49.0;0.8979816542361347;1.0;0.0;0.18465220763086074;0.0;5.0;-0.047935035960596346;0.3537452429838336;0.0;0.1741257760961447;;-1.1986457006907194;0.0;1.0;0.32;18399;-1.054444477350593;1.0;32.0;0.4665888170021589;13240;0.27077561026533337;0.0;7.6;Dropout
6.0;;0.0;2.2231039147358342;1.0;;1.0;1.0;-1.0897685321092294;153.9;1.0;-0.6709996139763603;12439;1.0;-0.1295486377843279;0.0;168.0;90286;9003.0;0.0;;-1.3748372416640011;7.0;41.0;0.0;0.0;3.0;2.0;0.0;-0.6128957711701447;0.5;79678.0;68.0;-0.029474363926308835;0.0;0.0;-0.3936867839234699;0.0;0.0;-0.9766308657535234;-1.4637116954458396;0.0;-1.6858828344203014;39.0;-0.3753664988784509;0.0;1.0;1.79;43126;-0.3459970949000716;1.0;34.0;0.0501993454265921;14596;0.34318712689577674;0.0;12.4;Dropout
;;11.0;-1.2784224115816676;0.0;;19.0;1.0;-0.22866038317331258;138.0;0.0;-1.8208660144619664;46554;1.0;-0.4933854685332102;12.0;130.0;43094;9147.0;;15.0;-1.1514693017239295;17.0;37.0;12.0;1.0;10.0;2.0;11.916666666666666;0.09077825989241388;2.6;72817.0;95.0;2.0474304017463822;0.0;0.0;0.13947233585003932;11.0;13.0;-0.4933317444243156;-0.4800524851715377;0.0;-0.5114507984719445;43.0;-0.7129691507326527;13.181818181818182;1.0;0.32;58911;1.3988119343501626;1.0;34.0;-0.029325806347398616;42986;-0.6744449793870979;0.0;7.6;Graduate
6.0;0.0;0.0;1.5637722411325112;0.0;9.0;1.0;1.0;-0.7751207236137811;130.0;0.0;-0.6711310717105081;44143;1.0;1.0095421538694018;0.0;130.0;17433;9085.0;0.0;6.0;0.7755936926674768;0.0;19.0;;1.0;10.0;1.0;0.0;-0.8012679345779451;2.8;48095.0;94.0;;0.0;0.0;1.222376262666128;0.0;0.0;1.204823205338514;-0.29346844388653476;0.0;0.1603155682431401;7.0;-1.6008332892434123;0.0;1.0;-4.06;52130;-0.6070763135215677;;;-1.0216699640620317;57594;1.5913154829820375;;15.5;Dropout
6.0;0.0;3.0;-0.6107056129846442;0.0;6.0;37.0;1.0;-0.8804121395262857;116.8;0.0;-0.8062605142762874;64215;1.0;1.103453204712511;0.0;121.0;74884;9853.0;0.0;6.0;-0.8333446735086815;11.0;19.0;3.0;1.0;7.0;1.0;11.666666666666666;0.32225995534920887;-0.8;91888.0;;;1.0;0.0;0.37880960535794544;0.0;;0.6820856548099489;0.048506043004424834;0.0;1.4080434109284783;1.0;0.857778651167585;;1.0;;15472;1.0585999187264579;;18.0;0.8389195543048392;90665;0.8134949372695958;0.0;9.4;Dropout
6.0;1.0;3.0;0.8624359829483585;0.0;7.0;1.0;1.0;1.6956870090748706;121.8;0.0;-0.6319870717991768;94957;1.0;-0.4496420906721386;0.0;127.0;69406;9773.0;0.0;6.0;-0.6761820213704531;11.0;19.0;4.0;1.0;;1.0;14.0;0.8038280951636176;-0.8;75427.0;84.0;-0.24588476817030216;1.0;0.0;1.2203826900269379;0.0;12.0;-0.1866666193776735;-1.4597630179369998;0.0;-0.8450126277557082;1.0;0.25975672955732215;11.0;1.0;-3.12;59342;-0.6231325976056798;1.0;20.0;-0.03129480985833017;92698;-0.6255763653847941;0.0;9.4;Enrolled
7.0;0.0;5.0;-0.29538241549180705;0.0;9.0;1.0;6.0;-1.533354771877413;114.8;0.0;-0.9593747292418892;19209;1.0;0.2123665279879456;0.0;120.0;99798;9500.0;1.0;7.0;0.09503572663339595;11.0;1.0;4.0;1.0;;1.0;13.25;-0.49479927552455316;0.6;57475.0;21.0;0.6933312992416176;;0.0;-0.6702210932739453;0.0;9.0;1.7665631944954459;-0.9277911843240666;0.0;0.4900640167477069;1.0;0.14026524728250794;13.82;41.0;2.02;66099;0.5326178243018383;;21.0;1.4495189742906422;12817;-0.7222553158159929;0.0;11.1;Enrolled
4.0;0.0;0.0;0.11567814790527779;0.0;0.0;;3.0;2.0230644272780105;128.4;1.0;-0.4611095775797121;69918;1.0;-1.208474795904233;0.0;134.0;18931;9670.0;0.0;5.0;-0.9311872114942111;5.0;;0.0;0.0;;1.0;0.0;-0.5510079193866743;2.6;38333.0;22.0;-0.9129763671373499;1.0;0.0;-0.8228344575237161;0.0;;-0.15722128639081176;-0.43647845208593533;;-0.5615651013913756;1.0;-0.6939911511543736;;;0.32;35622;-0.9400284851529979;1.0;;0.9151359035853165;78939;-0.22781321371324711;0.0;7.6;Dropout
13.0;0.0;9.0;0.5955433074182512;0.0;4.0;1.0;1.0;0.2888763833590886;111.3;0.0;0.620017214093578;68250;1.0;-0.895480910478699;9.0;120.0;57459;9853.0;0.0;13.0;1.1063299275807599;17.0;19.0;10.0;1.0;7.0;1.0;11.5;0.3568182184639621;0.3;71785.0;15.0;0.8491342334587156;0.0;0.0;0.01610507313726618;7.0;18.0;0.9875179607311578;1.0582854017674181;0.0;-0.4457764128897157;42.0;0.07939296466366516;10.444444444444445;1.0;-0.92;61156;-0.19381339203082212;1.0;24.0;-0.6259516222759774;28116;-0.3318544110741597;0.0;16.2;Dropout
7.0;0.0;5.0;-0.6133532614398701;0.0;;37.0;1.0;0.986238283017926;130.1;1.0;1.7152571026625716;97917;1.0;0.12416523213337996;0.0;133.1;73870;9500.0;0.0;7.0;-1.2568301265239807;;37.0;5.0;0.0;9.0;2.0;;-0.8250159699797889;;17400.0;70.0;0.101467693461478;0.0;0.0;-0.0386521783910853;0.0;9.0;0.22003904728673457;0.2618702884906011;0.0;-0.8775712366878774;39.0;0.5144494594410594;12.88;1.0;2.02;41932;-1.131611521325499;1.0;37.0;1.2466910468987549;45380;1.256157493731777;0.0;;Dropout
6.0;0.0;3.0;0.8011063948747925;0.0;;19.0;5.0;0.8683328173302316;110.0;0.0;-1.7253464742590232;45522;1.0;0.03140678757984353;0.0;110.0;46093;9853.0;0.0;6.0;0.0015239890852201355;;37.0;4.0;;7.0;1.0;12.75;-1.5179436873354848;1.4;33140.0;27.0;0.3716384894869195;1.0;0.0;;0.0;14.0;1.9329530374227504;1.0215661959764897;;-1.044339939925177;18.0;-0.26489605390328086;11.333333333333334;1.0;1.74;15381;1.443099524281456;1.0;;-2.5607419565035765;87247;0.9845229729948867;0.0;10.8;Enrolled
6.0;0.0;;-0.26587374672151765;;9.0;1.0;1.0;0.616959177266036;;0.0;-1.2877346269007441;24563;1.0;-0.9668760917306345;0.0;133.1;33600;9254.0;0.0;;-0.7485850299949548;14.0;1.0;;0.0;;1.0;11.285714285714286;0.3531964184012357;1.4;48746.0;99.0;-0.5754378443989939;1.0;0.0;-0.9586317256706854;0.0;16.0;0.7530454870613272;-0.1224311368557277;;-0.47479295792768084;39.0;0.44457223924036476;10.333333333333334;1.0;3.51;76968;-0.6948523269221415;1.0;24.0;1.9302257449578126;98534;0.03506951350139048;0.0;8.9;Dropout
;0.0;0.0;0.17804993371368696;;0.0;34.0;5.0;1.6618317991431855;110.0;1.0;-0.7914462587281675;91531;0.0;-0.7159739247255754;0.0;110.0;36432;8014.0;0.0;6.0;0.15618749547137054;12.0;34.0;0.0;1.0;0.0;1.0;0.0;-0.10769717661993422;2.6;30199.0;68.0;-0.7877033569462687;0.0;0.0;1.1986515898518884;0.0;;0.04615948121306179;0.0009888933750404464;0.0;1.048011129352796;43.0;-0.7960604818251151;;1.0;0.32;47787;-1.5471464664273888;1.0;37.0;-1.3384452777496652;81439;0.6779055608892148;0.0;;Dropout
5.0;0.0;0.0;-2.6451713950087816;0.0;;1.0;1.0;-1.0824166884767819;134.1;1.0;0.7657418774365927;14512;1.0;-1.0650443699555594;0.0;;10962;9147.0;0.0;5.0;-0.49746436372402136;;1.0;0.0;1.0;2.0;1.0;0.0;-0.12885939144057856;1.4;60812.0;65.0;-1.9854654659155202;1.0;0.0;-0.3628372006334877;0.0;0.0;-0.1788014787668398;0.49907591745713104;0.0;-0.7549698852319958;1.0;0.09748531298971336;;1.0;3.51;98525;-1.6263169711664778;;20.0;0.4951121791708695;26559;0.822975226344549;0.0;;Dropout
0.0;0.0;0.0;-0.3373352744236082;0.0;9.0;3.0;1.0;-0.15637837777840877;142.7;0.0;-0.2049474429730497;50482;;0.4550598569132106;0.0;143.0;66202;171.0;0.0;0.0;-0.02365186515109181;0.0;37.0;0.0;1.0;9.0;1.0;0.0;0.5210704145812396;0.3;88459.0;14.0;1.4847808964576343;1.0;0.0;1.426078122212682;;0.0;-0.01537250106218009;-0.17721081701174998;0.0;-0.9107372361165283;;1.1424982829260997;0.0;1.0;;27320;-0.08543280833249083;1.0;;0.427416166147528;13417;0.058260728266534306;0.0;16.2;Dropout
6.0;0.0;0.0;1.2635419883516432;0.0;9.0;38.0;1.0;-0.8528469125007474;150.0;1.0;-0.7241092231036228;68819;1.0;-1.9676391966919;0.0;140.0;80049;9085.0;0.0;6.0;1.2212809158058513;0.0;38.0;0.0;1.0;10.0;;0.0;0.6607503524304116;0.3;41441.0;22.0;;0.0;0.0;0.01274336520405819;0.0;0.0;-0.7253972711423414;-0.6247254835993948;0.0;0.2091277774731296;39.0;1.2320197035760392;0.0;1.0;-0.92;10680;-0.4580681481110187;2.0;47.0;1.12371686184175;99785;0.40261867936908985;0.0;16.2;Dropout
5.0;0.0;1.0;0.6946771871187014;0.0;;37.0;;-1.6960795310323826;132.3;0.0;0.7167330077054214;19186;1.0;-1.0115772295601961;0.0;140.0;50606;9147.0;0.0;5.0;-0.6874464477480405;9.0;;1.0;1.0;7.0;1.0;10.0;-0.16100189158719877;2.6;46640.0;61.0;0.6733590062591025;1.0;0.0;0.6484289308140446;0.0;10.0;-1.3667031375386163;-1.4897854233163332;0.0;0.005213346973517982;17.0;1.3275888049496622;11.0;;0.32;81830;0.6487237071652568;1.0;;-0.32869680730441203;31187;0.5941875540922819;0.0;7.6;Dropout
0.0;0.0;0.0;0.8865456143437245;0.0;9.0;37.0;1.0;-0.6612411185582238;;0.0;0.9563902663419689;36708;1.0;-1.862941547832321;0.0;122.0;13536;171.0;0.0;0.0;-0.6957703825869478;;37.0;0.0;1.0;3.0;1.0;;-1.1226694052899522;-0.8;46138.0;34.0;0.3483261508794795;1.0;0.0;0.5577096429636826;0.0;;0.3087353901091784;-0.597917174637081;;-0.06824418160465164;1.0;0.28556841543291694;0.0;1.0;-3.12;87604;-0.2351164263125392;1.0;20.0;-2.1455184718620557;30711;0.48760572364888405;0.0;9.4;Dropout
6.0;0.0;;0.05331767786142099;0.0;2.0;3.0;6.0;1.8725477782238211;120.7;0.0;-0.018759959423630203;19306;;0.4190206038579806;0.0;134.0;79554;8014.0;0.0;6.0;-0.31590089105597763;8.0;19.0;4.0;1.0;4.0;1.0;11.0;-0.6385868031711459;-0.3;75223.0;47.0;-2.304227740774793;1.0;;-0.8242747403508524;;6.0;-0.5335185133643757;0.8361872566323788;0.0;0.2539876722339386;18.0;0.031613954857745735;0.0;1.0;0.79;92194;1.165966210968567;1.0;;-0.3272879113805561;56952;-0.7788038284757912;0.0;13.9;Dropout
5.0;0.0;0.0;1.6762745028910715;0.0;4.0;1.0;1.0;-0.17346669741771467;118.5;0.0;-0.8162192266205438;86100;1.0;-1.8027335500547015;;135.0;91743;9147.0;0.0;5.0;1.474019380783673;;1.0;2.0;1.0;4.0;;10.5;0.5849639304653893;0.6;74297.0;15.0;-0.7511011750200804;0.0;0.0;0.3672029215524889;;;-0.5361752176453872;1.2606741426952055;0.0;-1.0095776755539407;51.0;-0.4487889161594143;0.0;1.0;2.02;99058;-0.38541618814593326;1.0;25.0;-0.21916230249965762;25139;-0.6777097573460621;0.0;11.1;Dropout
5.0;0.0;2.0;0.28843871656876874;0.0;9.0;37.0;1.0;1.9835157133335595;113.4;0.0;0.27027956723539276;32886;0.0;0.03172919853554027;0.0;133.1;64601;;0.0;5.0;-0.08974268279240716;14.0;;1.0;1.0;9.0;2.0;10.0;0.1364026634449818;0.5;;83.0;-0.25608095363553407;0.0;0.0;1.928332944467106;0.0;13.0;-0.0888402365473537;-0.7731569015573314;0.0;-0.8989022084155407;39.0;-1.8074847565174166;12.0;1.0;1.79;38320;1.0264819577047986;1.0;33.0;-2.0491920166173037;69926;-0.28859466168605025;0.0;12.4;Dropout
5.0;0.0;0.0;-0.6601000822083767;1.0;90.0;19.0;1.0;2.085827163443204;116.1;1.0;-0.23326820845256688;64302;1.0;1.6395240157474233;0.0;122.0;17837;9119.0;0.0;5.0;1.234202609395989;;1.0;0.0;0.0;3.0;1.0;0.0;-0.5497593657574801;-0.8;90589.0;;-1.0813463525080278;1.0;0.0;;;;0.0522234383972682;-1.7337374833983017;0.0;0.9862505792851158;18.0;-1.3448996964004922;0.0;1.0;-3.12;71093;-0.9525570089464088;1.0;24.0;0.04537160896073783;87249;-0.7066642790468888;0.0;9.4;Dropout
6.0;0.0;0.0;0.8551408751076107;0.0;9.0;1.0;1.0;2.995130363696082;;0.0;-0.24101324378546057;31582;1.0;1.6734339812709018;0.0;133.1;47072;9085.0;;6.0;-0.1769114225816663;10.0;19.0;2.0;1.0;9.0;1.0;11.0;-0.7843864858351237;1.4;68273.0;15.0;-1.6935219549357183;1.0;0.0;0.9012767395596747;0.0;6.0;0.007376011584905752;0.9266108734594749;0.0;-0.14593050114397993;39.0;-0.16805497196525931;0.0;1.0;3.51;12638;-1.5033332461910087;1.0;24.0;-1.0758514886645454;41148;-1.4731005726356527;0.0;8.9;Dropout
5.0;0.0;5.0;0.9225983594884104;0.0;9.0;37.0;3.0;1.905493019098306;120.4;0.0;-0.5124002186018363;72444;1.0;-1.8059075691788211;0.0;;61212;9085.0;0.0;5.0;1.1896370232870916;13.0;38.0;3.0;1.0;9.0;1.0;11.333333333333334;0.617822810255927;-0.8;90468.0;5.0;;1.0;0.0;0.6932718445921852;0.0;8.0;1.7382953518084499;0.06929866764888518;2.0;0.5964412955098586;17.0;-0.1082884491284303;12.6;;-3.12;47571;-0.8233383932521416;1.0;20.0;0.6490851030934534;52196;0.6759519609490408;0.0;9.4;Enrolled
5.0;0.0;2.0;0.6295912247674517;0.0;2.0;4.0;1.0;2.358131865333807;123.0;0.0;0.9249832473220889;81700;1.0;0.2984096016309557;0.0;138.0;95770;;0.0;5.0;0.4073915553283678;12.0;5.0;1.0;1.0;2.0;1.0;11.0;-0.22165240556205526;3.7;88782.0;58.0;0.04914294859740627;1.0;0.0;0.30704965836498704;0.0;9.0;0.6623794679114026;-1.3470468214554783;0.0;1.224041597949601;1.0;1.4122230288064919;10.5;1.0;-1.7;90788;-1.1287427642723622;1.0;21.0;-0.246079735826514;90982;0.34640812686900146;0.0;12.7;Enrolled
7.0;0.0;5.0;-0.4029338874633403;0.0;9.0;12.0;1.0;0.3251675410557241;125.0;1.0;0.24988022632679388;13619;1.0;-0.9889712963804547;3.0;110.0;54921;9254.0;0.0;;0.5545664432075987;19.0;19.0;;0.0;9.0;1.0;12.166666666666666;0.7527167787721363;2.6;61811.0;46.0;0.049398981519900916;0.0;0.0;0.18647871772474653;3.0;;2.107815578330291;-3.1107894164246903;;0.8457430664435226;43.0;1.3147991293756258;12.0;1.0;0.32;67090;-1.2406310883307852;1.0;31.0;1.9610948855197334;90266;-1.3393665762925462;0.0;7.6;Dropout
8.0;0.0;;0.2814721720699038;0.0;3.0;;1.0;0.22832823368667324;143.8;;1.0357008818896303;75014;1.0;-1.193136035710258;0.0;130.0;11013;9500.0;0.0;8.0;-1.435768148489164;8.0;37.0;7.0;1.0;7.0;;;0.879335797438561;1.4;73334.0;74.0;0.9075228339377199;0.0;0.0;0.5473155591213005;0.0;8.0;-0.43899036986451573;-0.9634106410442388;0.0;-1.3697878485519748;39.0;-0.6864861414865847;15.57;1.0;1.74;86006;0.41365217867655013;1.0;27.0;-0.256178656840482;18409;-0.24091671172753645;0.0;;Dropout
0.0;0.0;0.0;1.3933248609997293;0.0;5.0;38.0;1.0;0.2948393612153504;136.0;1.0;1.3363261454781257;69475;1.0;-0.11346995439007401;0.0;133.1;73389;171.0;0.0;0.0;-1.5841474904176065;0.0;37.0;;1.0;5.0;;0.0;-0.3128397502851846;3.7;;35.0;2.0631797008929817;1.0;0.0;0.7632825464756129;0.0;0.0;0.7837206431282451;-0.4629458670240394;0.0;-0.11649880221987668;1.0;0.8183257150890185;0.0;1.0;-1.7;95147;-0.2643166020683257;;22.0;0.4303912663411953;77322;-0.18428581725262724;0.0;12.7;Dropout
5.0;0.0;3.0;0.4775499944962375;0.0;10.0;;1.0;6.220461036402953e-05;119.7;0.0;0.4589807688666407;16900;;1.2282911569331254;0.0;119.0;72053;9670.0;0.0;5.0;1.0702015120282002;;;3.0;1.0;6.0;1.0;;0.9496474848360985;2.6;64846.0;67.0;0.6857615200979953;1.0;1.0;-1.352164057051073;0.0;;-0.3834125406298555;-1.1516509188701516;0.0;1.0408314798457765;1.0;-0.4770688645739107;13.0;1.0;0.32;81715;0.14177542594442974;1.0;20.0;-0.2130715064595033;11797;0.18194442850993936;0.0;;Enrolled
6.0;0.0;2.0;-1.4777625366921907;;;37.0;1.0;0.14966313516754304;100.0;0.0;-0.506477114885152;33792;1.0;0.5996588742203581;0.0;133.1;31190;9853.0;0.0;6.0;1.0577714140153047;11.0;19.0;3.0;1.0;;2.0;12.333333333333334;0.1384097544619332;;57952.0;10.0;-0.17554968385712433;0.0;0.0;0.24730288909645481;;13.0;-0.5611318579248913;0.6919063664251097;0.0;0.5227455650471217;39.0;0.682616343003801;11.0;1.0;0.32;71858;0.5275494007167024;19.0;45.0;-1.6232681884604083;24105;-1.0819224486476589;0.0;7.6;Dropout
5.0;0.0;5.0;-0.6287637124695135;1.0;9.0;37.0;1.0;0.7521825651534181;139.4;0.0;1.0403262322197848;86628;1.0;-0.7151409284828807;;133.1;46970;;0.0;5.0;2.4214552379339294;6.0;37.0;;1.0;7.0;1.0;11.6;0.26775823758403977;;30802.0;8.0;1.8003265120616876;0.0;0.0;-0.18407788074731715;0.0;8.0;2.1455426264063693;-0.8125678257952536;0.0;0.18394124338949466;39.0;0.806017728106745;12.2;1.0;0.32;42073;-1.685696715862276;12.0;41.0;-0.20471300513749557;66458;-1.3539942359944126;0.0;7.6;Enrolled
6.0;0.0;3.0;-0.6752653402592256;0.0;9.0;19.0;1.0;-0.4658178552965385;97.0;0.0;0.4656647022783544;49909;1.0;0.7050339974100025;;;13863;9853.0;0.0;6.0;-1.4859530114762045;9.0;19.0;5.0;1.0;9.0;1.0;11.6;-2.188749095111957;3.7;43410.0;42.0;-1.5819364279319013;1.0;0.0;-0.3915268436517085;;9.0;-0.7681482693953166;0.012401944818845387;0.0;-1.6395501500141019;1.0;1.2420928121477375;11.0;1.0;-1.7;57839;0.5699304674287601;1.0;23.0;0.753413441171479;20973;0.5197244960339101;0.0;12.7;Dropout
6.0;0.0;5.0;-0.7543234118807486;1.0;;1.0;4.0;-1.3776242378087107;136.1;;2.603367776807639;18651;1.0;-2.2437083318816793;0.0;128.0;20945;9070.0;0.0;6.0;0.48579941884012473;6.0;1.0;6.0;0.0;10.0;1.0;12.666666666666666;-0.9709212983234546;0.6;73478.0;60.0;-2.078843098616905;1.0;0.0;1.2959643790285733;0.0;8.0;-2.2317340032225883;2.373489288752978;0.0;-0.616519021959377;17.0;-0.492643354782697;;1.0;2.02;17173;-1.2052048365490886;1.0;19.0;0.6019898056649623;26561;-1.5339620122686228;0.0;11.1;Dropout
7.0;0.0;2.0;-2.1112843022450525;1.0;9.0;37.0;1.0;0.3636187975725264;130.0;0.0;0.3101028884946864;67770;1.0;-0.7529457984332404;0.0;133.1;37994;9500.0;;7.0;-1.0238209716850253;13.0;37.0;3.0;1.0;9.0;4.0;11.833333333333334;-0.9166943638774402;0.3;76433.0;73.0;-0.8867234102646949;;0.0;-0.7331462480638534;;14.0;-0.7079493091648544;0.11746129945236675;0.0;0.06932722904651584;39.0;1.014303687180924;10.0;1.0;-0.92;61941;-0.5768200084573842;1.0;38.0;-0.2932677378278677;50208;-0.23266349305466327;0.0;;Dropout
8.0;1.0;8.0;1.8905775277844614;0.0;5.0;38.0;2.0;-0.6928048343248164;;0.0;0.6976880390140838;80705;1.0;-0.8238915447012507;0.0;;18342;9500.0;0.0;7.0;-0.7406011268317043;9.0;1.0;6.0;1.0;7.0;1.0;13.766666666666666;-0.3186547224035695;;;14.0;;1.0;0.0;-1.3947690603100018;0.0;9.0;-2.008323661747371;-0.11551838054098588;0.0;-1.4258990187428282;17.0;-1.872814036121272;13.744444444444444;1.0;-0.92;97737;-1.892125588837598;1.0;20.0;-1.4567561169159648;47409;-0.32607718575822703;0.0;16.2;Dropout
;0.0;4.0;-0.8762876130095373;0.0;4.0;1.0;1.0;-0.5892734974713386;133.4;1.0;0.2904238912960317;48989;1.0;0.07832069173893116;0.0;140.0;34844;9670.0;0.0;6.0;-0.5022461674314488;6.0;;4.0;1.0;3.0;1.0;11.25;0.1143510076537779;1.4;20011.0;45.0;0.1685602520220776;0.0;0.0;0.7957162253858544;;9.0;-0.9513245010718352;-0.0929277199134704;0.0;0.7936357029271537;17.0;1.2962156815388617;10.428571428571429;1.0;1.74;23312;0.6545801000580552;1.0;24.0;0.6444585877332862;60538;-0.12328431822678534;0.0;10.8;Enrolled
6.0;0.0;0.0;-0.8039483095430128;;3.0;19.0;2.0;-0.1427532303141715;123.5;1.0;-0.0990985918681181;20045;1.0;-0.20282796365999967;0.0;128.0;68438;;0.0;6.0;0.3823550409214328;9.0;19.0;4.0;0.0;3.0;;12.5;0.15525032504097389;;22072.0;18.0;-1.1283237055365942;1.0;;-1.4203938565538892;;6.0;-0.8586658208500203;0.6690144728379844;0.0;-0.11760571835677901;1.0;-0.025016722818516402;0.0;1.0;-3.12;54406;-1.6890629672855502;;;0.4194865854634887;92838;0.25271762117785185;1.0;9.4;Dropout
7.0;0.0;2.0;-1.941708455060482;0.0;5.0;19.0;1.0;-0.3721432195338748;109.5;0.0;-0.2587915495875664;21736;1.0;-0.14147109361988489;0.0;114.0;44443;9853.0;0.0;7.0;-0.664026073090298;10.0;37.0;4.0;1.0;5.0;1.0;10.5;0.28574694679125234;0.3;90460.0;97.0;-0.7270945353948844;1.0;0.0;-1.9279430779585636;0.0;7.0;0.03528176485155034;0.5450850422541684;;-1.9796514475229972;1.0;-0.003727997985697524;;1.0;-0.92;90952;-1.200108832618638;1.0;19.0;0.8434108538525992;48088;1.5985706178114065;0.0;16.2;Dropout
;0.0;0.0;0.8664289846936486;1.0;4.0;12.0;1.0;1.1100424925166925;;0.0;0.29424384465856673;43871;1.0;-0.17471953010613864;0.0;150.0;23299;9085.0;0.0;5.0;0.033656192070407306;;2.0;1.0;0.0;2.0;1.0;13.0;-0.6849445912661709;2.6;21337.0;48.0;-1.241483500490953;0.0;0.0;0.9082676899899653;0.0;;-2.049596627280386;-1.0035544778671417;0.0;-0.5666110775205849;1.0;-2.0374365056904526;0.0;1.0;0.32;42094;-1.127581202663823;1.0;24.0;-0.27411219523462255;37562;-1.5994922005909002;0.0;7.6;Dropout
5.0;0.0;1.0;-0.0908648528892948;0.0;9.0;37.0;1.0;-0.16674153952334367;138.4;1.0;0.5211757518138552;53582;0.0;0.022407240989087;0.0;;66196;9991.0;0.0;5.0;0.8320342374962363;7.0;;3.0;1.0;4.0;2.0;11.666666666666666;0.6913629637748382;2.6;35534.0;93.0;-1.2415084098972438;0.0;0.0;0.1587222505624882;0.0;8.0;1.1959522260811317;-0.41115292673516884;0.0;-0.2863259552332663;39.0;-0.38866588724738077;11.0;1.0;;63024;-0.12876000322986444;12.0;30.0;-1.6843747928095578;29078;0.8765815827327491;;7.6;Dropout
6.0;0.0;3.0;-0.3509136050828987;0.0;5.0;19.0;1.0;1.1604496378767173;118.3;0.0;1.154387899644425;77583;1.0;0.5401309669582237;0.0;127.0;87045;9670.0;;6.0;1.127973316707375;7.0;1.0;6.0;1.0;;1.0;12.333333333333334;1.8092884435515908;-0.3;;12.0;1.551057774751284;1.0;;0.47271962736877593;0.0;10.0;-1.875769263407916;-0.6673289452930362;0.0;-0.1298737040743677;1.0;1.355479399613551;12.0;;0.79;79948;-0.15926923639068205;1.0;18.0;0.5337601830766953;88926;-2.5121579061313772;0.0;;Enrolled
12.0;0.0;;-0.2980013524472166;0.0;9.0;37.0;1.0;0.2060162489421535;133.0;0.0;0.3088505583037643;71314;1.0;0.14933102610238283;6.0;141.0;63141;9853.0;0.0;14.0;0.6925893194466352;22.0;19.0;12.0;1.0;;1.0;12.153846153846152;-0.35332488744912666;;29693.0;91.0;-0.14343496875031553;0.0;;-0.44242757477962213;5.0;18.0;-0.12775082265388157;-0.28264313952563963;0.0;1.4196211687327562;42.0;-0.42670189170281425;12.9;1.0;1.74;80931;0.8118980514800894;1.0;20.0;-0.009142765073484103;29577;1.3937111488173184;0.0;10.8;Dropout
6.0;;6.0;0.5878043922669566;0.0;9.0;1.0;4.0;-0.08852900193567041;124.1;0.0;-0.46288917542522895;32826;1.0;-0.2843518166045584;0.0;130.0;37983;9670.0;0.0;;0.45186808154588454;6.0;;6.0;1.0;;1.0;14.166666666666666;-0.6636681674336484;1.4;85547.0;42.0;1.7695820883189142;1.0;;-1.3844061316090193;0.0;7.0;-0.3241548109876465;1.8266210014033735;0.0;0.5784603620133554;1.0;0.7134627609752084;13.428571428571429;1.0;3.51;70362;-0.10456949047727164;1.0;;1.3916837734001126;10366;-2.0428693405371567;0.0;8.9;Enrolled
8.0;;8.0;-0.4800215106750887;0.0;9.0;;3.0;0.15822048628679414;119.0;0.0;-0.3268539965989834;72085;1.0;0.40174827980478217;0.0;126.0;82598;9556.0;0.0;7.0;-0.141633679336966;8.0;19.0;7.0;1.0;4.0;;12.142857142857142;-0.685331823910873;0.3;34659.0;89.0;-0.8900143784954608;1.0;0.0;-1.1857872136176675;0.0;;0.8253503599012926;0.6174475211959153;0.0;-1.365456277963046;17.0;0.03455512771410905;;1.0;-0.92;15643;0.9657704013030172;1.0;19.0;0.02873303244641783;55891;2.436394638034791;0.0;16.2;Dropout
;0.0;4.0;-1.9889010626842436;;9.0;37.0;1.0;-1.2916298640207338;142.8;0.0;-1.3229369429031808;20199;1.0;0.8261235436527639;0.0;162.0;40945;9853.0;0.0;6.0;-0.5689318929450766;10.0;19.0;5.0;1.0;8.0;1.0;13.0;0.08546782653049174;3.7;85158.0;;0.4911250132280956;0.0;0.0;;0.0;10.0;0.3515432749007078;-0.07976260817838131;0.0;-1.489508301571187;1.0;1.0626691395996983;11.5;1.0;-1.7;13767;0.3793243998702391;1.0;18.0;-0.045466889189501626;75851;-0.3897678294771549;0.0;12.7;Dropout
5.0;0.0;0.0;-1.291535940980027;0.0;4.0;9.0;1.0;0.3380771894706958;134.2;;1.6612138435723098;26578;1.0;-0.5560258907226293;0.0;130.0;11367;9085.0;0.0;5.0;0.5390115309989983;13.0;19.0;0.0;1.0;1.0;;0.0;-0.5257631096130041;-0.8;83053.0;94.0;0.22708266031656085;;5.0;-1.2724028579180418;0.0;5.0;1.186872921260762;1.244532180664468;5.0;-0.26681650090796677;1.0;0.19150096520412463;0.0;1.0;-3.12;77915;-0.9454793068872157;1.0;20.0;0.4172544718659806;11286;1.2903830607730349;0.0;9.4;Dropout
;0.0;0.0;-1.3434714767356808;0.0;4.0;19.0;4.0;0.8491892963149605;113.3;1.0;-0.5411736135208487;80846;1.0;-0.059402730672675784;0.0;115.0;69410;9119.0;0.0;5.0;-1.0509090563574768;7.0;37.0;0.0;1.0;6.0;1.0;0.0;-1.73032841308321;2.6;73006.0;84.0;;1.0;;0.30705290704565324;;5.0;-0.36145329197802606;0.18847127141780046;0.0;0.12621027822443484;5.0;-0.9318115310981023;0.0;1.0;0.32;96254;-0.6671944716976937;;23.0;-0.5969310688011311;67296;1.0841560234108645;0.0;7.6;Dropout
6.0;0.0;5.0;0.27531784141058785;0.0;4.0;1.0;;0.9908504268462249;138.1;0.0;0.9674404601379066;91083;1.0;1.1619065630465863;0.0;150.0;74678;9773.0;0.0;6.0;0.1191287224448039;7.0;1.0;;1.0;4.0;1.0;14.0;-1.456751872451672;;34200.0;2.0;0.2545485048140262;1.0;0.0;-0.4624579380344189;0.0;7.0;-0.4647467296680671;-1.6380503640255895;0.0;0.9923844891427832;;0.05645067984894327;15.0;1.0;2.02;34095;1.5105833850390626;1.0;19.0;-0.6451357211235694;49504;-0.43648909130440844;0.0;11.1;Enrolled
;0.0;0.0;0.9300190405331484;1.0;5.0;37.0;1.0;-1.3521740853778679;110.0;1.0;0.2765508574425336;72187;1.0;-1.1027606772673566;0.0;133.1;29814;9670.0;0.0;;-1.0756772987787948;5.0;37.0;;1.0;3.0;1.0;0.0;1.0201901394674444;-0.8;99747.0;93.0;0.9850833932724721;0.0;0.0;0.1850360473653055;0.0;5.0;0.41279098505318185;1.6639646981109701;0.0;1.729893314412446;39.0;1.6012169037012125;;1.0;-3.12;60045;1.2274306854183537;9.0;;-0.09789526633794199;79886;-0.35974921818760114;0.0;;Dropout
